{"type": "FeatureCollection", "features": [{"type": "Feature", "geometry": {"type": "Point", "coordinates": [-75.55735400029543, 39.70110999985687]}, "properties": {"name": "MCGILL, JULIANNA", "capacity": 9.0, "stars": "Not Participating", "city": "New Castle", "county": "New Castle"}}, {"type": "Feature", "geometry": {"type": "Point", "coordinates": [-75.54939299999185, 39.80673300020919]}, "properties": {"name": "YMCA OF DELAWARE / BRANDYWINE YMCA BRANCH", "capacity": 50.0, "stars": "Not Participating", "city": "Wilmington", "county": "New Castle"}}, {"type": "Feature", "geometry": {"type": "Point", "coordinates": [-75.7396100001695, 39.65612600031398]}, "properties": {"name": "ARCHANGELO, ALLISON", "capacity": 6.0, "stars": "Not Participating", "city": "Newark", "county": "New Castle"}}, {"type": "Feature", "geometry": {"type": "Point", "coordinates": [-75.52901999986547, 39.748609999802916]}, "properties": {"name": "WILMINGTON HEAD START, INC. - LESLIE JOHNSON CENTER", "capacity": 169.0, "stars": "Not Participating", "city": "Wilmington", "county": "New Castle"}}, {"type": "Feature", "geometry": {"type": "Point", "coordinates": [-75.70696699961223, 39.766457000280795]}, "properties": {"name": "LA PETITE ACADEMY (LIMESTONE)", "capacity": 123.0, "stars": "Not Participating", "city": "Hockessin", "county": "New Castle"}}, {"type": "Feature", "geometry": {"type": "Point", "coordinates": [-75.61847000030153, 38.57136000032678]}, "properties": {"name": "CALLOWAY, DEBORAH", "capacity": 9.0, "stars": "Not Participating", "city": "Bethel", "county": "Sussex"}}, {"type": "Feature", "geometry": {"type": "Point", "coordinates": [-75.65104500018842, 39.74508800005006]}, "properties": {"name": "STEPPING STONES CHILDREN'S CENTER, INC.", "capacity": 85.0, "stars": "Not Participating", "city": "Wilmington", "county": "New Castle"}}, {"type": "Feature", "geometry": {"type": "Point", "coordinates": [-75.6600130002474, 39.632087000200265]}, "properties": {"name": "NCC HEAD START, INC. JEFFREY E. BENATTI", "capacity": 76.0, "stars": "Not Participating", "city": "Bear", "county": "New Castle"}}, {"type": "Feature", "geometry": {"type": "Point", "coordinates": [-75.68314499969918, 39.70583199997499]}, "properties": {"name": "KINDERCARE LEARNING CENTER (MEADOWOOD)", "capacity": 109.0, "stars": "Not Participating", "city": "Newark", "county": "New Castle"}}, {"type": "Feature", "geometry": {"type": "Point", "coordinates": [-75.31251899965199, 38.679789000303195]}, "properties": {"name": "STOECKEL, LISA", "capacity": 9.0, "stars": "Not Participating", "city": "Georgetown", "county": "Sussex"}}, {"type": "Feature", "geometry": {"type": "Point", "coordinates": [-75.55136499966986, 39.747981000093496]}, "properties": {"name": "YMCA OF DELAWARE / CENTRAL BRANCH YMCA CHILDREN'S CORNER 1", "capacity": 99.0, "stars": "Not Participating", "city": "Wilmington", "county": "New Castle"}}, {"type": "Feature", "geometry": {"type": "Point", "coordinates": [-75.51646800030059, 39.152536000231564]}, "properties": {"name": "DOVER EDUCATIONAL & COMMUNITY CENTER", "capacity": 59.0, "stars": "Not Participating", "city": "Dover", "county": "Kent"}}, {"type": "Feature", "geometry": {"type": "Point", "coordinates": [-75.54335700040893, 39.753529999731995]}, "properties": {"name": "JOHNSON, ELIZABETH", "capacity": 9.0, "stars": "Not Participating", "city": "Wilmington", "county": "New Castle"}}, {"type": "Feature", "geometry": {"type": "Point", "coordinates": [-75.5339499999588, 39.74285000006476]}, "properties": {"name": "DEMONIA, JANEL", "capacity": 9.0, "stars": "Not Participating", "city": "Wilmington", "county": "New Castle"}}, {"type": "Feature", "geometry": {"type": "Point", "coordinates": [-75.55701500036172, 39.70023900013144]}, "properties": {"name": "RICHARDSON, MARY", "capacity": 9.0, "stars": "Not Participating", "city": "New Castle", "county": "New Castle"}}, {"type": "Feature", "geometry": {"type": "Point", "coordinates": [-75.5430319998206, 39.72842099995356]}, "properties": {"name": "NEIGHBORHOOD HOUSE, INC.", "capacity": 69.0, "stars": "Not Participating", "city": "Wilmington", "county": "New Castle"}}, {"type": "Feature", "geometry": {"type": "Point", "coordinates": [-75.51264700006992, 39.800072000301974]}, "properties": {"name": "CRIST, LINDA", "capacity": 9.0, "stars": "Not Participating", "city": "Wilmington", "county": "New Castle"}}, {"type": "Feature", "geometry": {"type": "Point", "coordinates": [-75.6310700004453, 39.483670000135895]}, "properties": {"name": "VELAZQUEZ-RUIZ, DELIA", "capacity": 9.0, "stars": "Not Participating", "city": "Middletown", "county": "New Castle"}}, {"type": "Feature", "geometry": {"type": "Point", "coordinates": [-75.72033000001224, 39.60237499975565]}, "properties": {"name": "PUTNAM, LINDA", "capacity": 9.0, "stars": "Not Participating", "city": "Bear", "county": "New Castle"}}, {"type": "Feature", "geometry": {"type": "Point", "coordinates": [-75.35242999967846, 38.56947999984609]}, "properties": {"name": "GRAVENOR, JODIE", "capacity": 9.0, "stars": "Not Participating", "city": "Millsboro", "county": "Sussex"}}, {"type": "Feature", "geometry": {"type": "Point", "coordinates": [-75.6624209999435, 39.61924000017343]}, "properties": {"name": "ACADEMY FOR CREATIVE ENRICHMENT", "capacity": 115.0, "stars": "Not Participating", "city": "Bear", "county": "New Castle"}}, {"type": "Feature", "geometry": {"type": "Point", "coordinates": [-75.52885400018414, 39.1127670000868]}, "properties": {"name": "MARSHALL, RONAH", "capacity": 9.0, "stars": "Not Participating", "city": "Dover", "county": "Kent"}}, {"type": "Feature", "geometry": {"type": "Point", "coordinates": [-75.52218400021638, 39.80081599991756]}, "properties": {"name": "FOULK PRESCHOOL (FOULK ROAD)", "capacity": 51.0, "stars": "Not Participating", "city": "Wilmington", "county": "New Castle"}}, {"type": "Feature", "geometry": {"type": "Point", "coordinates": [-75.68808700038636, 39.709654999667904]}, "properties": {"name": "COLLINS, LINDA", "capacity": 9.0, "stars": "Not Participating", "city": "Newark", "county": "New Castle"}}, {"type": "Feature", "geometry": {"type": "Point", "coordinates": [-75.59288900024748, 39.73974499976169]}, "properties": {"name": "ELSMERE PRESBYTERIAN CHILD CARE", "capacity": 73.0, "stars": "Not Participating", "city": "Wilmington", "county": "New Castle"}}, {"type": "Feature", "geometry": {"type": "Point", "coordinates": [-75.7195390001669, 39.76869600027523]}, "properties": {"name": "C.A.C.C. MONTESSORI SCHOOL", "capacity": 155.0, "stars": "Not Participating", "city": "Hockessin", "county": "New Castle"}}, {"type": "Feature", "geometry": {"type": "Point", "coordinates": [-75.49764799955256, 39.82410299968934]}, "properties": {"name": "KINDERCARE (NAAMANS ROAD)", "capacity": 97.0, "stars": "Not Participating", "city": "Wilmington", "county": "New Castle"}}, {"type": "Feature", "geometry": {"type": "Point", "coordinates": [-75.56237499972706, 39.7447829997766]}, "properties": {"name": "MEDLEY, ANNETTE", "capacity": 9.0, "stars": "Not Participating", "city": "Wilmington", "county": "New Castle"}}, {"type": "Feature", "geometry": {"type": "Point", "coordinates": [-75.29846800023711, 38.58462200033251]}, "properties": {"name": "MOORE, BEVERLY", "capacity": 9.0, "stars": "Not Participating", "city": "Millsboro", "county": "Sussex"}}, {"type": "Feature", "geometry": {"type": "Point", "coordinates": [-75.56180599963956, 39.74498800013179]}, "properties": {"name": "LA FIESTA", "capacity": 120.0, "stars": "Not Participating", "city": "Wilmington", "county": "New Castle"}}, {"type": "Feature", "geometry": {"type": "Point", "coordinates": [-75.56627700014857, 39.75289699990471]}, "properties": {"name": "ST. ANTHONY EARLY LEARNING CENTER", "capacity": 212.0, "stars": "Not Participating", "city": "Wilmington", "county": "New Castle"}}, {"type": "Feature", "geometry": {"type": "Point", "coordinates": [-75.69665799988701, 39.735258999891315]}, "properties": {"name": "KINDERCARE (HILLOCK LANE)", "capacity": 68.0, "stars": "Five Stars", "city": "Wilmington", "county": "New Castle"}}, {"type": "Feature", "geometry": {"type": "Point", "coordinates": [-75.5197279999414, 39.76040200031699]}, "properties": {"name": "CLAIR, VERONICA", "capacity": 9.0, "stars": "Not Participating", "city": "Wilmington", "county": "New Castle"}}, {"type": "Feature", "geometry": {"type": "Point", "coordinates": [-75.76166100024602, 39.62798800002595]}, "properties": {"name": "CALLAWAY, LINDA", "capacity": 9.0, "stars": "Not Participating", "city": "Newark", "county": "New Castle"}}, {"type": "Feature", "geometry": {"type": "Point", "coordinates": [-75.13036999990805, 38.50073000011339]}, "properties": {"name": "HAUCK, C. ANDREA", "capacity": 9.0, "stars": "Not Participating", "city": "Frankford", "county": "Sussex"}}, {"type": "Feature", "geometry": {"type": "Point", "coordinates": [-75.1534300002881, 38.544810000031305]}, "properties": {"name": "SPROGELL, SAMAIDA", "capacity": 9.0, "stars": "Not Participating", "city": "Frankford", "county": "Sussex"}}, {"type": "Feature", "geometry": {"type": "Point", "coordinates": [-75.27574000011809, 38.56507999991902]}, "properties": {"name": "MOTHER GOOSE CHILDREN'S CENTER", "capacity": 70.0, "stars": "Not Participating", "city": "Millsboro", "county": "Sussex"}}, {"type": "Feature", "geometry": {"type": "Point", "coordinates": [-75.7177869996986, 39.1642960002818]}, "properties": {"name": "KINGDOM KID'S DAY CARE, INC.", "capacity": 98.0, "stars": "Not Participating", "city": "Hartly", "county": "Kent"}}, {"type": "Feature", "geometry": {"type": "Point", "coordinates": [-75.52362299979193, 39.7549190002576]}, "properties": {"name": "ANDERSON, JACQUELINE", "capacity": 9.0, "stars": "Not Participating", "city": "Wilmington", "county": "New Castle"}}, {"type": "Feature", "geometry": {"type": "Point", "coordinates": [-75.57322999997353, 38.769669999979705]}, "properties": {"name": "MORROW, KIMBERLY", "capacity": 6.0, "stars": "Not Participating", "city": "Greenwood", "county": "Sussex"}}, {"type": "Feature", "geometry": {"type": "Point", "coordinates": [-75.62213199962524, 39.64993199989281]}, "properties": {"name": "KINDERCARE LEARNING CENTER (NEW CASTLE)", "capacity": 90.0, "stars": "Not Participating", "city": "New Castle", "county": "New Castle"}}, {"type": "Feature", "geometry": {"type": "Point", "coordinates": [-75.59138700002444, 39.01216399990561]}, "properties": {"name": "REED, DIANE", "capacity": 9.0, "stars": "Not Participating", "city": "Felton", "county": "Kent"}}, {"type": "Feature", "geometry": {"type": "Point", "coordinates": [-75.36257000024763, 38.64214000003068]}, "properties": {"name": "PAUGH, CHRISTINA", "capacity": 9.0, "stars": "Not Participating", "city": "Georgetown", "county": "Sussex"}}, {"type": "Feature", "geometry": {"type": "Point", "coordinates": [-75.52398500019017, 39.15665199982726]}, "properties": {"name": "WESLEY PRESCHOOL AND PLAY CARE", "capacity": 132.0, "stars": "Not Participating", "city": "Dover", "county": "Kent"}}, {"type": "Feature", "geometry": {"type": "Point", "coordinates": [-75.58274100018073, 39.68057200031237]}, "properties": {"name": "STAPLEFORD, LISA", "capacity": 9.0, "stars": "Not Participating", "city": "New Castle", "county": "New Castle"}}, {"type": "Feature", "geometry": {"type": "Point", "coordinates": [-75.36525999997602, 38.83805800015595]}, "properties": {"name": "LARRIMORE, NORMA", "capacity": 9.0, "stars": "Not Participating", "city": "Lincoln", "county": "Sussex"}}, {"type": "Feature", "geometry": {"type": "Point", "coordinates": [-75.57806700018044, 39.67573699997015]}, "properties": {"name": "SHEEHAN, DEBORAH J", "capacity": 9.0, "stars": "Not Participating", "city": "New Castle", "county": "New Castle"}}, {"type": "Feature", "geometry": {"type": "Point", "coordinates": [-75.56026800032983, 39.74566400001377]}, "properties": {"name": "HILLTOP LUTHERAN NEIGHBORHOOD CENTER", "capacity": 186.0, "stars": "Not Participating", "city": "Wilmington", "county": "New Castle"}}, {"type": "Feature", "geometry": {"type": "Point", "coordinates": [-75.5272399998081, 39.15807999999487]}, "properties": {"name": "KENT COUNTY COMMUNITY ACTION AGENCY, INC.", "capacity": 126.0, "stars": "Three Stars", "city": "Dover", "county": "Kent"}}, {"type": "Feature", "geometry": {"type": "Point", "coordinates": [-75.50651799970224, 39.78106300012408]}, "properties": {"name": "FAITH PRESCHOOL AND CHILD CARE", "capacity": 99.0, "stars": "Not Participating", "city": "Wilmington", "county": "New Castle"}}, {"type": "Feature", "geometry": {"type": "Point", "coordinates": [-75.68676400026348, 39.043679000241696]}, "properties": {"name": "RASH, GWENDOLYN", "capacity": 9.0, "stars": "Not Participating", "city": "Camden Wyoming", "county": "Kent"}}, {"type": "Feature", "geometry": {"type": "Point", "coordinates": [-75.5726500000154, 38.66098400024689]}, "properties": {"name": "O'DAY, ELIZABETH", "capacity": 9.0, "stars": "Not Participating", "city": "Seaford", "county": "Sussex"}}, {"type": "Feature", "geometry": {"type": "Point", "coordinates": [-75.54690599975471, 39.74164099973105]}, "properties": {"name": "ST. MICHAEL'S SCHOOL AND NURSERY", "capacity": 259.0, "stars": "Not Participating", "city": "Wilmington", "county": "New Castle"}}, {"type": "Feature", "geometry": {"type": "Point", "coordinates": [-75.57139999968743, 38.64069999979363]}, "properties": {"name": "TRAMMELL, LILLIE L", "capacity": 9.0, "stars": "Not Participating", "city": "Seaford", "county": "Sussex"}}, {"type": "Feature", "geometry": {"type": "Point", "coordinates": [-75.67132899972802, 39.73580799971431]}, "properties": {"name": "SOUTHWORTH, DIANTHA", "capacity": 9.0, "stars": "Not Participating", "city": "Wilmington", "county": "New Castle"}}, {"type": "Feature", "geometry": {"type": "Point", "coordinates": [-75.77396299956565, 39.680010000093596]}, "properties": {"name": "WALKER, ELIZABETH A.", "capacity": 9.0, "stars": "Not Participating", "city": "Newark", "county": "New Castle"}}, {"type": "Feature", "geometry": {"type": "Point", "coordinates": [-75.48699999989363, 39.01052000028037]}, "properties": {"name": "ADLAM, HOPE", "capacity": 9.0, "stars": "Not Participating", "city": "Frederica", "county": "Kent"}}, {"type": "Feature", "geometry": {"type": "Point", "coordinates": [-75.71343699956344, 39.695622999694294]}, "properties": {"name": "WITTING, DONNA L", "capacity": 9.0, "stars": "Not Participating", "city": "Newark", "county": "New Castle"}}, {"type": "Feature", "geometry": {"type": "Point", "coordinates": [-75.6027610001297, 39.64016200032925]}, "properties": {"name": "HAGGERTY, DEBORAH", "capacity": 9.0, "stars": "Not Participating", "city": "New Castle", "county": "New Castle"}}, {"type": "Feature", "geometry": {"type": "Point", "coordinates": [-75.68554999992053, 39.67869000026367]}, "properties": {"name": "BRIGHT HORIZONS AT PRIDES CROSSING", "capacity": 248.0, "stars": "Not Participating", "city": "Newark", "county": "New Castle"}}, {"type": "Feature", "geometry": {"type": "Point", "coordinates": [-75.67223900029737, 39.64395899998842]}, "properties": {"name": "ENNIS, ANN MARIE", "capacity": 9.0, "stars": "Not Participating", "city": "Newark", "county": "New Castle"}}, {"type": "Feature", "geometry": {"type": "Point", "coordinates": [-75.54330499963208, 39.730024999805494]}, "properties": {"name": "THOMAS, CHARLAYNE", "capacity": 9.0, "stars": "Not Participating", "city": "Wilmington", "county": "New Castle"}}, {"type": "Feature", "geometry": {"type": "Point", "coordinates": [-75.74556000043701, 39.57566999971263]}, "properties": {"name": "COX, KATHLEEN", "capacity": 9.0, "stars": "Not Participating", "city": "Bear", "county": "New Castle"}}, {"type": "Feature", "geometry": {"type": "Point", "coordinates": [-75.54865099965201, 38.645312999957945]}, "properties": {"name": "CANNON, BELINDA", "capacity": 9.0, "stars": "Not Participating", "city": "Seaford", "county": "Sussex"}}, {"type": "Feature", "geometry": {"type": "Point", "coordinates": [-75.52894100022276, 39.75895100029213]}, "properties": {"name": "BELL, VIRGINIA", "capacity": 9.0, "stars": "Not Participating", "city": "Wilmington", "county": "New Castle"}}, {"type": "Feature", "geometry": {"type": "Point", "coordinates": [-75.73945600018372, 39.76200899997343]}, "properties": {"name": "HOVER, BARBARA", "capacity": 9.0, "stars": "Not Participating", "city": "Newark", "county": "New Castle"}}, {"type": "Feature", "geometry": {"type": "Point", "coordinates": [-75.61330300038173, 38.64340099982619]}, "properties": {"name": "HALL, DEBORAH ANN", "capacity": 9.0, "stars": "Not Participating", "city": "Seaford", "county": "Sussex"}}, {"type": "Feature", "geometry": {"type": "Point", "coordinates": [-75.68538400023918, 39.69528399974006]}, "properties": {"name": "MATTSON, STEPHANIE", "capacity": 9.0, "stars": "Not Participating", "city": "Newark", "county": "New Castle"}}, {"type": "Feature", "geometry": {"type": "Point", "coordinates": [-75.54187199990433, 39.751528999861016]}, "properties": {"name": "LITTLE BLESSINGS DAYCARE SITE II", "capacity": 60.0, "stars": "Not Participating", "city": "Wilmington", "county": "New Castle"}}, {"type": "Feature", "geometry": {"type": "Point", "coordinates": [-75.51991538042482, 39.151848730171416]}, "properties": {"name": "BAYHEALTH CHILD CARE AND EARLY LEARNING CENTER", "capacity": 78.0, "stars": "Not Participating", "city": "Dover", "county": "Kent"}}, {"type": "Feature", "geometry": {"type": "Point", "coordinates": [-75.71965799999262, 39.60271099972981]}, "properties": {"name": "AUGUST, STELLA", "capacity": 9.0, "stars": "Not Participating", "city": "Bear", "county": "New Castle"}}, {"type": "Feature", "geometry": {"type": "Point", "coordinates": [-75.61849899971554, 38.64047000021402]}, "properties": {"name": "CANNON, ALICE", "capacity": 9.0, "stars": "Not Participating", "city": "Seaford", "county": "Sussex"}}, {"type": "Feature", "geometry": {"type": "Point", "coordinates": [-75.58006700034585, 39.074510999813135]}, "properties": {"name": "LAYTE, SANDRA", "capacity": 9.0, "stars": "Not Participating", "city": "Camden Wyoming", "county": "Kent"}}, {"type": "Feature", "geometry": {"type": "Point", "coordinates": [-75.67699100011546, 39.721139000307254]}, "properties": {"name": "CRIST, ANN", "capacity": 9.0, "stars": "Not Participating", "city": "Wilmington", "county": "New Castle"}}, {"type": "Feature", "geometry": {"type": "Point", "coordinates": [-75.4233899999777, 38.91082999978853]}, "properties": {"name": "STUBBS, BOBBI", "capacity": 6.0, "stars": "Not Participating", "city": "Milford", "county": "Sussex"}}, {"type": "Feature", "geometry": {"type": "Point", "coordinates": [-75.53514400021028, 39.74712399992525]}, "properties": {"name": "DALE, EDNA", "capacity": 9.0, "stars": "Not Participating", "city": "Wilmington", "county": "New Castle"}}, {"type": "Feature", "geometry": {"type": "Point", "coordinates": [-75.68355999980086, 39.78421300031448]}, "properties": {"name": "EARLY LEARNING CENTER", "capacity": 205.0, "stars": "Not Participating", "city": "Hockessin", "county": "New Castle"}}, {"type": "Feature", "geometry": {"type": "Point", "coordinates": [-75.60291799959022, 38.647018000184616]}, "properties": {"name": "GAINES, CLIFFONIA C", "capacity": 9.0, "stars": "Not Participating", "city": "Seaford", "county": "Sussex"}}, {"type": "Feature", "geometry": {"type": "Point", "coordinates": [-75.50565800025994, 39.79446899984851]}, "properties": {"name": "THE CLAREMONT SCHOOL", "capacity": 42.0, "stars": "Not Participating", "city": "Wilmington", "county": "New Castle"}}, {"type": "Feature", "geometry": {"type": "Point", "coordinates": [-75.53299199970888, 39.78949500029794]}, "properties": {"name": "CONCORD PRESCHOOL AND CHILD CARE", "capacity": 121.0, "stars": "Not Participating", "city": "Wilmington", "county": "New Castle"}}, {"type": "Feature", "geometry": {"type": "Point", "coordinates": [-75.47513000039413, 39.81641999997119]}, "properties": {"name": "COMBS, SANDRA", "capacity": 9.0, "stars": "Not Participating", "city": "Wilmington", "county": "New Castle"}}, {"type": "Feature", "geometry": {"type": "Point", "coordinates": [-75.48144800000935, 38.455038000314005]}, "properties": {"name": "MCTERNAN, TERESA", "capacity": 9.0, "stars": "Not Participating", "city": "Delmar", "county": "Sussex"}}, {"type": "Feature", "geometry": {"type": "Point", "coordinates": [-75.60627000019083, 38.63639999993447]}, "properties": {"name": "PARKER, JENNIFER T", "capacity": 9.0, "stars": "Not Participating", "city": "Blades", "county": "Sussex"}}, {"type": "Feature", "geometry": {"type": "Point", "coordinates": [-75.15759999959991, 38.7627000002749]}, "properties": {"name": "CAMPBELL, ANNA", "capacity": 6.0, "stars": "Not Participating", "city": "Lewes", "county": "Sussex"}}, {"type": "Feature", "geometry": {"type": "Point", "coordinates": [-75.53022400016268, 39.01654099976757]}, "properties": {"name": "LONSKI, MELISSA", "capacity": 9.0, "stars": "Not Participating", "city": "Felton", "county": "Kent"}}, {"type": "Feature", "geometry": {"type": "Point", "coordinates": [-75.49621999984768, 39.8104440000531]}, "properties": {"name": "FITZWATER, CONSTANCE", "capacity": 9.0, "stars": "Not Participating", "city": "Wilmington", "county": "New Castle"}}, {"type": "Feature", "geometry": {"type": "Point", "coordinates": [-75.70090500009003, 39.64087500018439]}, "properties": {"name": "CORBETT, SHEILA", "capacity": 6.0, "stars": "Not Participating", "city": "Newark", "county": "New Castle"}}, {"type": "Feature", "geometry": {"type": "Point", "coordinates": [-75.514321999647, 39.049116000284364]}, "properties": {"name": "KEALTY, REGINA", "capacity": 9.0, "stars": "Not Participating", "city": "Magnolia", "county": "Kent"}}, {"type": "Feature", "geometry": {"type": "Point", "coordinates": [-75.58776449962377, 39.680144999754006]}, "properties": {"name": "ASBURY METHODIST DAY CARE CENTER", "capacity": 162.0, "stars": "Not Participating", "city": "New Castle", "county": "New Castle"}}, {"type": "Feature", "geometry": {"type": "Point", "coordinates": [-75.7679389996783, 39.62687899997604]}, "properties": {"name": "TRIMBLE, SHARON", "capacity": 9.0, "stars": "Not Participating", "city": "Newark", "county": "New Castle"}}, {"type": "Feature", "geometry": {"type": "Point", "coordinates": [-75.73427699967004, 39.70042500028733]}, "properties": {"name": "YMCA OF DELAWARE / MACLARY", "capacity": 77.0, "stars": "Not Participating", "city": "Newark", "county": "New Castle"}}, {"type": "Feature", "geometry": {"type": "Point", "coordinates": [-75.58162899994504, 39.74978899972049]}, "properties": {"name": "SMALL WONDER DAYCARE, INC.", "capacity": 128.0, "stars": "Not Participating", "city": "Wilmington", "county": "New Castle"}}, {"type": "Feature", "geometry": {"type": "Point", "coordinates": [-75.70882799986047, 39.71479300032002]}, "properties": {"name": "YMCA OF DELAWARE / WILSON", "capacity": 60.0, "stars": "Not Participating", "city": "Newark", "county": "New Castle"}}, {"type": "Feature", "geometry": {"type": "Point", "coordinates": [-75.49970899981734, 39.814259999753084]}, "properties": {"name": "ST. DAVID'S EPISCOPAL DAY SCHOOL", "capacity": 136.0, "stars": "Not Participating", "city": "Wilmington", "county": "New Castle"}}, {"type": "Feature", "geometry": {"type": "Point", "coordinates": [-75.49744900025924, 39.77161199973915]}, "properties": {"name": "BELLEVUE LEARNING CENTER", "capacity": 200.0, "stars": "Not Participating", "city": "Wilmington", "county": "New Castle"}}, {"type": "Feature", "geometry": {"type": "Point", "coordinates": [-75.17915000025931, 38.51371999966643]}, "properties": {"name": "PYLE CHILD DEVELOPMENT CENTER", "capacity": 41.0, "stars": "Not Participating", "city": "Frankford", "county": "Sussex"}}, {"type": "Feature", "geometry": {"type": "Point", "coordinates": [-75.65638899966022, 39.62169600010727]}, "properties": {"name": "MCLAUGHLIN, MICHELLE", "capacity": 9.0, "stars": "Not Participating", "city": "New Castle", "county": "New Castle"}}, {"type": "Feature", "geometry": {"type": "Point", "coordinates": [-75.48088399994474, 39.803915999778006]}, "properties": {"name": "WILMINGTON MONTESSORI SCHOOL", "capacity": 332.0, "stars": "Not Participating", "city": "Wilmington", "county": "New Castle"}}, {"type": "Feature", "geometry": {"type": "Point", "coordinates": [-75.46262999980947, 39.81000699999765]}, "properties": {"name": "MILLER-BIDDLE, BRENDA", "capacity": 9.0, "stars": "Not Participating", "city": "Claymont", "county": "New Castle"}}, {"type": "Feature", "geometry": {"type": "Point", "coordinates": [-75.57851999991698, 38.553833000182614]}, "properties": {"name": "MATTHEWS, VERA E", "capacity": 9.0, "stars": "Not Participating", "city": "Laurel", "county": "Sussex"}}, {"type": "Feature", "geometry": {"type": "Point", "coordinates": [-75.55646999966537, 39.67754999978077]}, "properties": {"name": "SAMUELS, TYREA", "capacity": 6.0, "stars": "Not Participating", "city": "New Castle", "county": "New Castle"}}, {"type": "Feature", "geometry": {"type": "Point", "coordinates": [-75.52784499988057, 39.74650300012103]}, "properties": {"name": "KINGSWOOD COMMUNITY CENTER", "capacity": 122.0, "stars": "Not Participating", "city": "Wilmington", "county": "New Castle"}}, {"type": "Feature", "geometry": {"type": "Point", "coordinates": [-75.54263400033567, 39.75400100019534]}, "properties": {"name": "HAWKINS-SUBER, MERNA", "capacity": 9.0, "stars": "Not Participating", "city": "Wilmington", "county": "New Castle"}}, {"type": "Feature", "geometry": {"type": "Point", "coordinates": [-75.65113200022707, 39.73918899994353]}, "properties": {"name": "FORENSKI, LYNDA", "capacity": 9.0, "stars": "Not Participating", "city": "Wilmington", "county": "New Castle"}}, {"type": "Feature", "geometry": {"type": "Point", "coordinates": [-75.69734199960223, 39.62718800033885]}, "properties": {"name": "EASTBURN, PATRICIA", "capacity": 9.0, "stars": "Not Participating", "city": "Newark", "county": "New Castle"}}, {"type": "Feature", "geometry": {"type": "Point", "coordinates": [-75.71151599993905, 39.72663300006963]}, "properties": {"name": "CASTEEL, MARY", "capacity": 9.0, "stars": "Not Participating", "city": "Newark", "county": "New Castle"}}, {"type": "Feature", "geometry": {"type": "Point", "coordinates": [-75.47057600004443, 39.80520200023625]}, "properties": {"name": "ABBOTT, JOANN", "capacity": 9.0, "stars": "Not Participating", "city": "Claymont", "county": "New Castle"}}, {"type": "Feature", "geometry": {"type": "Point", "coordinates": [-75.68039999971917, 38.62200000020079]}, "properties": {"name": "BELL, KAREN L", "capacity": 9.0, "stars": "Not Participating", "city": "Seaford", "county": "Sussex"}}, {"type": "Feature", "geometry": {"type": "Point", "coordinates": [-75.68134200007556, 39.779877999933134]}, "properties": {"name": "THE HOCKESSIN MONTESSORI SCHOOL", "capacity": 303.0, "stars": "Not Participating", "city": "Hockessin", "county": "New Castle"}}, {"type": "Feature", "geometry": {"type": "Point", "coordinates": [-75.71234199994448, 39.72424199977481]}, "properties": {"name": "EDU-CARE PRESCHOOL & DAYCARE", "capacity": 170.0, "stars": "Not Participating", "city": "Newark", "county": "New Castle"}}, {"type": "Feature", "geometry": {"type": "Point", "coordinates": [-75.70420400008888, 39.6802220001745]}, "properties": {"name": "RINGGOLD, BLANCHE", "capacity": 9.0, "stars": "Not Participating", "city": "Newark", "county": "New Castle"}}, {"type": "Feature", "geometry": {"type": "Point", "coordinates": [-75.68167900035945, 39.0675240000179]}, "properties": {"name": "RADCLIFFE, ANNETTE D", "capacity": 9.0, "stars": "Not Participating", "city": "Camden Wyoming", "county": "Kent"}}, {"type": "Feature", "geometry": {"type": "Point", "coordinates": [-75.55348600020909, 39.79546099991422]}, "properties": {"name": "NAGENGAST, JANET", "capacity": 9.0, "stars": "Not Participating", "city": "Wilmington", "county": "New Castle"}}, {"type": "Feature", "geometry": {"type": "Point", "coordinates": [-75.14165000030196, 38.55371000020739]}, "properties": {"name": "TIETMEYER, ELLEN", "capacity": 9.0, "stars": "Not Participating", "city": "Dagsboro", "county": "Sussex"}}, {"type": "Feature", "geometry": {"type": "Point", "coordinates": [-75.55221999998761, 39.741280000334285]}, "properties": {"name": "SALVATION ARMY EARLY LEARNING CENTER", "capacity": 185.0, "stars": "Not Participating", "city": "Wilmington", "county": "New Castle"}}, {"type": "Feature", "geometry": {"type": "Point", "coordinates": [-75.5458970003495, 39.748085000239705]}, "properties": {"name": "LITTLE FOLKS TOO CHILD DEVELOPMENT CENTER", "capacity": 132.0, "stars": "Not Participating", "city": "Wilmington", "county": "New Castle"}}, {"type": "Feature", "geometry": {"type": "Point", "coordinates": [-75.61286200034077, 39.721473999789296]}, "properties": {"name": "WEIGAND, LILLIS ANN", "capacity": 9.0, "stars": "Five Stars", "city": "Wilmington", "county": "New Castle"}}, {"type": "Feature", "geometry": {"type": "Point", "coordinates": [-75.64297000008202, 39.24858099996372]}, "properties": {"name": "TJADEN, RUTH", "capacity": 9.0, "stars": "Not Participating", "city": "Smyrna", "county": "Kent"}}, {"type": "Feature", "geometry": {"type": "Point", "coordinates": [-75.6208899996932, 39.66428600016096]}, "properties": {"name": "HOPE LUTHERAN EARLY EDUCATION CENTER", "capacity": 101.0, "stars": "Not Participating", "city": "New Castle", "county": "New Castle"}}, {"type": "Feature", "geometry": {"type": "Point", "coordinates": [-75.66155800012815, 39.75401599981849]}, "properties": {"name": "TYNEE TYKES DAY KARE", "capacity": 12.0, "stars": "Not Participating", "city": "Wilmington", "county": "New Castle"}}, {"type": "Feature", "geometry": {"type": "Point", "coordinates": [-75.68786899992817, 39.616445000265884]}, "properties": {"name": "DIMARTINO, BRENDA M", "capacity": 9.0, "stars": "Not Participating", "city": "Bear", "county": "New Castle"}}, {"type": "Feature", "geometry": {"type": "Point", "coordinates": [-75.68779000028546, 39.651550000129006]}, "properties": {"name": "THE LITTLE CABOOSE CHILDCARE AND LEARNING CENTER", "capacity": 171.0, "stars": "Not Participating", "city": "Newark", "county": "New Castle"}}, {"type": "Feature", "geometry": {"type": "Point", "coordinates": [-75.66455599982814, 39.3523070000844]}, "properties": {"name": "REED, JENNIFER", "capacity": 9.0, "stars": "Not Participating", "city": "Smyrna", "county": "New Castle"}}, {"type": "Feature", "geometry": {"type": "Point", "coordinates": [-75.76102100001341, 39.67347299991855]}, "properties": {"name": "JOYCE, MARGARET", "capacity": 9.0, "stars": "Not Participating", "city": "Newark", "county": "New Castle"}}, {"type": "Feature", "geometry": {"type": "Point", "coordinates": [-75.62232699961889, 39.72227600020219]}, "properties": {"name": "NCC HEAD START, INC. ABSALOM JONES", "capacity": 182.0, "stars": "Not Participating", "city": "Wilmington", "county": "New Castle"}}, {"type": "Feature", "geometry": {"type": "Point", "coordinates": [-75.77931199995862, 39.64754100010042]}, "properties": {"name": "MS. LINDA'S LARGE FAMILY DAY CARE", "capacity": 12.0, "stars": "Not Participating", "city": "Newark", "county": "New Castle"}}, {"type": "Feature", "geometry": {"type": "Point", "coordinates": [-75.6916299998844, 39.647969999864245]}, "properties": {"name": "CRAWLEY, CAROL", "capacity": 9.0, "stars": "Not Participating", "city": "Newark", "county": "New Castle"}}, {"type": "Feature", "geometry": {"type": "Point", "coordinates": [-75.73099000026507, 39.59044000009797]}, "properties": {"name": "BULL, SHARON", "capacity": 9.0, "stars": "Not Participating", "city": "Bear", "county": "New Castle"}}, {"type": "Feature", "geometry": {"type": "Point", "coordinates": [-75.70548799985373, 39.280096999748956]}, "properties": {"name": "LOBLEY, KAREN", "capacity": 9.0, "stars": "Not Participating", "city": "Clayton", "county": "Kent"}}, {"type": "Feature", "geometry": {"type": "Point", "coordinates": [-75.55332999967519, 39.809630000340626]}, "properties": {"name": "SIEGEL JCC OF DELAWARE - EARLY CHILDHOOD CENTER", "capacity": 297.0, "stars": "Not Participating", "city": "Wilmington", "county": "New Castle"}}, {"type": "Feature", "geometry": {"type": "Point", "coordinates": [-75.56196700019635, 39.74277100007593]}, "properties": {"name": "MINISTRY OF CARING CHILD CARE CENTER", "capacity": 73.0, "stars": "Not Participating", "city": "Wilmington", "county": "New Castle"}}, {"type": "Feature", "geometry": {"type": "Point", "coordinates": [-75.68480000008309, 39.694099999728266]}, "properties": {"name": "SCALIA DAY CARE CENTER", "capacity": 89.0, "stars": "Not Participating", "city": "Newark", "county": "New Castle"}}, {"type": "Feature", "geometry": {"type": "Point", "coordinates": [-75.58807499960679, 39.67514500013891]}, "properties": {"name": "BURNETT, TERRIE", "capacity": 9.0, "stars": "Not Participating", "city": "New Castle", "county": "New Castle"}}, {"type": "Feature", "geometry": {"type": "Point", "coordinates": [-75.54368799994671, 39.808484999752245]}, "properties": {"name": "BRIGHT HORIZONS-CONCORD PLAZA", "capacity": 182.0, "stars": "Not Participating", "city": "Wilmington", "county": "New Castle"}}, {"type": "Feature", "geometry": {"type": "Point", "coordinates": [-75.51064000023182, 38.87802000033074]}, "properties": {"name": "MILLMAN, ALLISON", "capacity": 9.0, "stars": "Not Participating", "city": "Greenwood", "county": "Kent"}}, {"type": "Feature", "geometry": {"type": "Point", "coordinates": [-75.5993609998485, 39.716568999860144]}, "properties": {"name": "ONLEY, MICHELE", "capacity": 9.0, "stars": "Not Participating", "city": "Wilmington", "county": "New Castle"}}, {"type": "Feature", "geometry": {"type": "Point", "coordinates": [-75.41674000010146, 38.85031999966151]}, "properties": {"name": "ASHLEY'S CHRISTIAN CENTER", "capacity": 12.0, "stars": "Not Participating", "city": "Lincoln", "county": "Sussex"}}, {"type": "Feature", "geometry": {"type": "Point", "coordinates": [-75.53919999971926, 38.69990000016643]}, "properties": {"name": "WEST, CYNTHIA", "capacity": 9.0, "stars": "Not Participating", "city": "Bridgeville", "county": "Sussex"}}, {"type": "Feature", "geometry": {"type": "Point", "coordinates": [-75.77166500037272, 39.670728000017014]}, "properties": {"name": "KINDERCARE (CASHO MILL)", "capacity": 105.0, "stars": "Not Participating", "city": "Newark", "county": "New Castle"}}, {"type": "Feature", "geometry": {"type": "Point", "coordinates": [-75.52136700043177, 39.13538699984572]}, "properties": {"name": "YMCA OF DELAWARE/DOVER YMCA", "capacity": 21.0, "stars": "Not Participating", "city": "Dover", "county": "Kent"}}, {"type": "Feature", "geometry": {"type": "Point", "coordinates": [-75.49794499965347, 39.81048999986098]}, "properties": {"name": "FOURNAKIS, SUSAN", "capacity": 9.0, "stars": "Not Participating", "city": "Wilmington", "county": "New Castle"}}, {"type": "Feature", "geometry": {"type": "Point", "coordinates": [-75.76973600035241, 39.67875700016932]}, "properties": {"name": "NEWARK DAY NURSERY AND CHILDREN'S CENTER", "capacity": 247.0, "stars": "Not Participating", "city": "Newark", "county": "New Castle"}}, {"type": "Feature", "geometry": {"type": "Point", "coordinates": [-75.58054500019674, 39.75210499984648]}, "properties": {"name": "TODDLER'S TECH, INC.", "capacity": 75.0, "stars": "Not Participating", "city": "Wilmington", "county": "New Castle"}}, {"type": "Feature", "geometry": {"type": "Point", "coordinates": [-75.70736900019345, 39.5336260003453]}, "properties": {"name": "PHILLIPS, DONNA", "capacity": 9.0, "stars": "Not Participating", "city": "Middletown", "county": "New Castle"}}, {"type": "Feature", "geometry": {"type": "Point", "coordinates": [-75.42170000033201, 38.92059999996488]}, "properties": {"name": "THE LEARNING CENTER, TLC INC.", "capacity": 190.0, "stars": "Five Stars", "city": "Milford", "county": "Kent"}}, {"type": "Feature", "geometry": {"type": "Point", "coordinates": [-75.52765300025997, 39.75990700029669]}, "properties": {"name": "OWENS, RUBY ANN", "capacity": 9.0, "stars": "Not Participating", "city": "Wilmington", "county": "New Castle"}}, {"type": "Feature", "geometry": {"type": "Point", "coordinates": [-75.23989999966919, 38.67669999984432]}, "properties": {"name": "ROVILLARD, PENNY", "capacity": 9.0, "stars": "Not Participating", "city": "Harbeson", "county": "Sussex"}}, {"type": "Feature", "geometry": {"type": "Point", "coordinates": [-75.56002899995524, 39.69430399991275]}, "properties": {"name": "HAWKINS, TONYA", "capacity": 9.0, "stars": "Not Participating", "city": "New Castle", "county": "New Castle"}}, {"type": "Feature", "geometry": {"type": "Point", "coordinates": [-75.70101600041812, 39.59293100006734]}, "properties": {"name": "MORAN, MELODY", "capacity": 9.0, "stars": "Five Stars", "city": "Bear", "county": "New Castle"}}, {"type": "Feature", "geometry": {"type": "Point", "coordinates": [-75.51489900013041, 39.79581599974911]}, "properties": {"name": "REYNOLDS, MARY", "capacity": 9.0, "stars": "Not Participating", "city": "Wilmington", "county": "New Castle"}}, {"type": "Feature", "geometry": {"type": "Point", "coordinates": [-75.53246399962929, 39.7620220001151]}, "properties": {"name": "GRIFFIN, BEVERLY", "capacity": 9.0, "stars": "Not Participating", "city": "Wilmington", "county": "New Castle"}}, {"type": "Feature", "geometry": {"type": "Point", "coordinates": [-75.70134699995592, 39.64179600031214]}, "properties": {"name": "GLAND, CHERYL", "capacity": 9.0, "stars": "Not Participating", "city": "Newark", "county": "New Castle"}}, {"type": "Feature", "geometry": {"type": "Point", "coordinates": [-75.69013299968422, 39.71008899992325]}, "properties": {"name": "SKLODOWSKI, KAREN", "capacity": 9.0, "stars": "Not Participating", "city": "Newark", "county": "New Castle"}}, {"type": "Feature", "geometry": {"type": "Point", "coordinates": [-75.73564400017386, 39.58945599974177]}, "properties": {"name": "CALVEY, ELIZABETH", "capacity": 9.0, "stars": "Not Participating", "city": "Bear", "county": "New Castle"}}, {"type": "Feature", "geometry": {"type": "Point", "coordinates": [-75.63674199998016, 39.27449999993181]}, "properties": {"name": "HOLMES, LAURA", "capacity": 9.0, "stars": "Not Participating", "city": "Smyrna", "county": "Kent"}}, {"type": "Feature", "geometry": {"type": "Point", "coordinates": [-75.76088000044642, 39.65426600007581]}, "properties": {"name": "MALAFRONTI, MARY", "capacity": 9.0, "stars": "Not Participating", "city": "Newark", "county": "New Castle"}}, {"type": "Feature", "geometry": {"type": "Point", "coordinates": [-75.17947999997222, 38.54320999986659]}, "properties": {"name": "BUILDING BLOCKS", "capacity": 12.0, "stars": "Not Participating", "city": "Frankford", "county": "Sussex"}}, {"type": "Feature", "geometry": {"type": "Point", "coordinates": [-75.58666299979544, 38.5902149998336]}, "properties": {"name": "THE CHILD CRAFT COMPANY", "capacity": 137.0, "stars": "Not Participating", "city": "Seaford", "county": "Sussex"}}, {"type": "Feature", "geometry": {"type": "Point", "coordinates": [-75.49580800011903, 39.77080400028603]}, "properties": {"name": "COVENANT PRESCHOOL AND CHILDCARE", "capacity": 53.0, "stars": "Not Participating", "city": "Wilmington", "county": "New Castle"}}, {"type": "Feature", "geometry": {"type": "Point", "coordinates": [-75.4099000002544, 38.929100000001036]}, "properties": {"name": "METZNER, ALICE", "capacity": 9.0, "stars": "Not Participating", "city": "Milford", "county": "Kent"}}, {"type": "Feature", "geometry": {"type": "Point", "coordinates": [-75.64186899971698, 39.31973599975805]}, "properties": {"name": "TRABAUDO, LISA", "capacity": 9.0, "stars": "Not Participating", "city": "Smyrna", "county": "New Castle"}}, {"type": "Feature", "geometry": {"type": "Point", "coordinates": [-75.50779999981725, 39.13730000004809]}, "properties": {"name": "JOHNSON, CHERIE L.", "capacity": 9.0, "stars": "Not Participating", "city": "Dover", "county": "Kent"}}, {"type": "Feature", "geometry": {"type": "Point", "coordinates": [-75.47049499985359, 39.81885099991635]}, "properties": {"name": "MARTIN, NANCY", "capacity": 9.0, "stars": "Not Participating", "city": "Wilmington", "county": "New Castle"}}, {"type": "Feature", "geometry": {"type": "Point", "coordinates": [-75.7195580004335, 39.60405399981716]}, "properties": {"name": "DORSEY, KATRINA", "capacity": 9.0, "stars": "Not Participating", "city": "Bear", "county": "New Castle"}}, {"type": "Feature", "geometry": {"type": "Point", "coordinates": [-75.55166900034179, 38.65099800007613]}, "properties": {"name": "POLK, BONNIE", "capacity": 9.0, "stars": "Not Participating", "city": "Seaford", "county": "Sussex"}}, {"type": "Feature", "geometry": {"type": "Point", "coordinates": [-75.49980099987884, 39.11129000007058]}, "properties": {"name": "PALMER, CATHERINE", "capacity": 9.0, "stars": "Not Participating", "city": "Magnolia", "county": "Kent"}}, {"type": "Feature", "geometry": {"type": "Point", "coordinates": [-75.56300999993677, 39.741898999848]}, "properties": {"name": "WILLIAMS, MARVIS MAXINE", "capacity": 9.0, "stars": "Not Participating", "city": "Wilmington", "county": "New Castle"}}, {"type": "Feature", "geometry": {"type": "Point", "coordinates": [-75.65262900042723, 39.619951999895235]}, "properties": {"name": "ASSMANN, LISA", "capacity": 9.0, "stars": "Not Participating", "city": "New Castle", "county": "New Castle"}}, {"type": "Feature", "geometry": {"type": "Point", "coordinates": [-75.70757400023287, 39.45229599990793]}, "properties": {"name": "CALE, TERRA", "capacity": 9.0, "stars": "Not Participating", "city": "Middletown", "county": "New Castle"}}, {"type": "Feature", "geometry": {"type": "Point", "coordinates": [-75.52754799977966, 39.761254999987365]}, "properties": {"name": "WRIGHT-DORSEY, MARCIA", "capacity": 9.0, "stars": "Starting with Stars", "city": "Wilmington", "county": "New Castle"}}, {"type": "Feature", "geometry": {"type": "Point", "coordinates": [-75.62395000021576, 39.24915999982917]}, "properties": {"name": "THOMAS, DEBORAH L.", "capacity": 6.0, "stars": "Not Participating", "city": "Smyrna", "county": "Kent"}}, {"type": "Feature", "geometry": {"type": "Point", "coordinates": [-75.57842000035785, 39.22404999983486]}, "properties": {"name": "BENSON-JENKINS, ANGELA", "capacity": 9.0, "stars": "Not Participating", "city": "Dover", "county": "Kent"}}, {"type": "Feature", "geometry": {"type": "Point", "coordinates": [-75.60063100026795, 38.73787199979595]}, "properties": {"name": "GOSCH, LYNN", "capacity": 9.0, "stars": "Not Participating", "city": "Bridgeville", "county": "Sussex"}}, {"type": "Feature", "geometry": {"type": "Point", "coordinates": [-75.61229999992598, 38.64590000027198]}, "properties": {"name": "CANNON-PITTS, DOLLY", "capacity": 9.0, "stars": "Not Participating", "city": "Seaford", "county": "Sussex"}}, {"type": "Feature", "geometry": {"type": "Point", "coordinates": [-75.5677800001965, 39.747620000068046]}, "properties": {"name": "COMEGER, MARVANA", "capacity": 9.0, "stars": "Not Participating", "city": "Wilmington", "county": "New Castle"}}, {"type": "Feature", "geometry": {"type": "Point", "coordinates": [-75.54197800020953, 39.172328999896195]}, "properties": {"name": "DOVER'S CHILDRENS VILLAGE", "capacity": 62.0, "stars": "Not Participating", "city": "Dover", "county": "Kent"}}, {"type": "Feature", "geometry": {"type": "Point", "coordinates": [-75.65608999990948, 39.62349000015451]}, "properties": {"name": "CLARK, CHARMAINE", "capacity": 9.0, "stars": "Not Participating", "city": "Bear", "county": "New Castle"}}, {"type": "Feature", "geometry": {"type": "Point", "coordinates": [-75.41455800036117, 38.743937000230815]}, "properties": {"name": "THOMPSON, PAMELA", "capacity": 9.0, "stars": "Not Participating", "city": "Georgetown", "county": "Sussex"}}, {"type": "Feature", "geometry": {"type": "Point", "coordinates": [-75.53919999971926, 38.69990000016643]}, "properties": {"name": "MASSEY, ALFRIEDA", "capacity": 9.0, "stars": "Not Participating", "city": "Bridgeville", "county": "Sussex"}}, {"type": "Feature", "geometry": {"type": "Point", "coordinates": [-75.55706600041535, 39.68791899975623]}, "properties": {"name": "COLONIAL EARLY EDUCATION PROGRAM", "capacity": 348.0, "stars": "Not Participating", "city": "New Castle", "county": "New Castle"}}, {"type": "Feature", "geometry": {"type": "Point", "coordinates": [-75.73148999985726, 39.64703099971384]}, "properties": {"name": "NEWARK MONTESSORI PRESCHOOL, INC.", "capacity": 30.0, "stars": "Not Participating", "city": "Newark", "county": "New Castle"}}, {"type": "Feature", "geometry": {"type": "Point", "coordinates": [-75.54340000006664, 39.04272000012242]}, "properties": {"name": "MACDONALD, PROVIDENZA", "capacity": 9.0, "stars": "Not Participating", "city": "Felton", "county": "Kent"}}, {"type": "Feature", "geometry": {"type": "Point", "coordinates": [-75.69208900036702, 39.40463999992392]}, "properties": {"name": "MORGAN, STACY LYNN", "capacity": 9.0, "stars": "Not Participating", "city": "Townsend", "county": "New Castle"}}, {"type": "Feature", "geometry": {"type": "Point", "coordinates": [-75.6650250003565, 39.62800099983378]}, "properties": {"name": "HARRY, JENNIFER", "capacity": 9.0, "stars": "Not Participating", "city": "Bear", "county": "New Castle"}}, {"type": "Feature", "geometry": {"type": "Point", "coordinates": [-75.69614999989889, 39.783939000325624]}, "properties": {"name": "ZEBERKIEWICZ, DONNA", "capacity": 9.0, "stars": "Not Participating", "city": "Hockessin", "county": "New Castle"}}, {"type": "Feature", "geometry": {"type": "Point", "coordinates": [-75.53781999969496, 39.75742100031647]}, "properties": {"name": "SNOW, CAROLYN", "capacity": 9.0, "stars": "Not Participating", "city": "Wilmington", "county": "New Castle"}}, {"type": "Feature", "geometry": {"type": "Point", "coordinates": [-75.50916300012314, 39.155691000011444]}, "properties": {"name": "CORPORATE KIDS LEARNING CENTER, INC.", "capacity": 200.0, "stars": "Not Participating", "city": "Dover", "county": "Kent"}}, {"type": "Feature", "geometry": {"type": "Point", "coordinates": [-75.5364489998915, 38.63918000011884]}, "properties": {"name": "RAYNE, PATRICIA L.", "capacity": 9.0, "stars": "Not Participating", "city": "Seaford", "county": "Sussex"}}, {"type": "Feature", "geometry": {"type": "Point", "coordinates": [-75.39313599974828, 38.71259200021085]}, "properties": {"name": "JACOBS DBA JACOBS DAYCARE, INC., NORISA", "capacity": 9.0, "stars": "Not Participating", "city": "Georgetown", "county": "Sussex"}}, {"type": "Feature", "geometry": {"type": "Point", "coordinates": [-75.54658400043776, 39.703083999939466]}, "properties": {"name": "FELTON, CAROL", "capacity": 9.0, "stars": "Not Participating", "city": "New Castle", "county": "New Castle"}}, {"type": "Feature", "geometry": {"type": "Point", "coordinates": [-75.64489999992723, 39.04569999982649]}, "properties": {"name": "SMITH, ANGELA", "capacity": 9.0, "stars": "Not Participating", "city": "Camden Wyoming", "county": "Kent"}}, {"type": "Feature", "geometry": {"type": "Point", "coordinates": [-75.63160400037268, 39.52052500033708]}, "properties": {"name": "FRANCISCO, DAWN", "capacity": 9.0, "stars": "Not Participating", "city": "Middletown", "county": "New Castle"}}, {"type": "Feature", "geometry": {"type": "Point", "coordinates": [-75.46402900010035, 39.80277799997277]}, "properties": {"name": "NCC HEAD START, INC. CLAYMONT", "capacity": 120.0, "stars": "Not Participating", "city": "Claymont", "county": "New Castle"}}, {"type": "Feature", "geometry": {"type": "Point", "coordinates": [-75.5670949997581, 39.686529999881444]}, "properties": {"name": "GAMBLE, MATTIE", "capacity": 9.0, "stars": "Not Participating", "city": "New Castle", "county": "New Castle"}}, {"type": "Feature", "geometry": {"type": "Point", "coordinates": [-75.3954609996037, 38.67417000016746]}, "properties": {"name": "WYATT, ANGELA", "capacity": 9.0, "stars": "Not Participating", "city": "Georgetown", "county": "Sussex"}}, {"type": "Feature", "geometry": {"type": "Point", "coordinates": [-75.5455030001642, 38.647448999963515]}, "properties": {"name": "NIEVES, GLORIA  A.", "capacity": 9.0, "stars": "Not Participating", "city": "Seaford", "county": "Sussex"}}, {"type": "Feature", "geometry": {"type": "Point", "coordinates": [-75.73949999966632, 39.48009999966025]}, "properties": {"name": "BROOKS, CLARISE", "capacity": 9.0, "stars": "Not Participating", "city": "Middletown", "county": "New Castle"}}, {"type": "Feature", "geometry": {"type": "Point", "coordinates": [-75.56073299976192, 39.7469639997413]}, "properties": {"name": "COOPER, DOREEN", "capacity": 9.0, "stars": "Not Participating", "city": "Wilmington", "county": "New Castle"}}, {"type": "Feature", "geometry": {"type": "Point", "coordinates": [-75.73749200000333, 39.181313000254626]}, "properties": {"name": "MILLER, TAMMY M.", "capacity": 9.0, "stars": "Not Participating", "city": "Hartly", "county": "Kent"}}, {"type": "Feature", "geometry": {"type": "Point", "coordinates": [-75.64139599988896, 39.48598599981467]}, "properties": {"name": "KAIRIS, JENNIFER", "capacity": 9.0, "stars": "Not Participating", "city": "Middletown", "county": "New Castle"}}, {"type": "Feature", "geometry": {"type": "Point", "coordinates": [-75.54973000027574, 39.086310000297324]}, "properties": {"name": "PRECIOUS MOMENTS EDUCATION & COMMUNITY CENTER INC.", "capacity": 142.0, "stars": "Not Participating", "city": "Dover", "county": "Kent"}}, {"type": "Feature", "geometry": {"type": "Point", "coordinates": [-75.56659900036385, 39.74847700028275]}, "properties": {"name": "WILLIAMS, SHERRY", "capacity": 6.0, "stars": "Not Participating", "city": "Wilmington", "county": "New Castle"}}, {"type": "Feature", "geometry": {"type": "Point", "coordinates": [-75.74729199991552, 39.49837099990138]}, "properties": {"name": "AUBE, BONNIE", "capacity": 9.0, "stars": "Not Participating", "city": "Middletown", "county": "New Castle"}}, {"type": "Feature", "geometry": {"type": "Point", "coordinates": [-75.69226300044429, 39.637547999879814]}, "properties": {"name": "WAYLAND, MICHELE", "capacity": 9.0, "stars": "Not Participating", "city": "Newark", "county": "New Castle"}}, {"type": "Feature", "geometry": {"type": "Point", "coordinates": [-75.52763999984117, 38.50489999980211]}, "properties": {"name": "HOWARD, ELIZABETH ANNE", "capacity": 6.0, "stars": "Not Participating", "city": "Laurel", "county": "Sussex"}}, {"type": "Feature", "geometry": {"type": "Point", "coordinates": [-75.54966699962824, 39.70422000022904]}, "properties": {"name": "NCC HEAD START, INC. LAMBSON", "capacity": 144.0, "stars": "Not Participating", "city": "New Castle", "county": "New Castle"}}, {"type": "Feature", "geometry": {"type": "Point", "coordinates": [-75.40667999989826, 38.696270000224516]}, "properties": {"name": "DTCC CHILD DEVELOPMENT CENTER - GEORGETOWN", "capacity": 121.0, "stars": "Not Participating", "city": "Georgetown", "county": "Sussex"}}, {"type": "Feature", "geometry": {"type": "Point", "coordinates": [-75.53596000016995, 39.75153999979551]}, "properties": {"name": "FORDHAM, ADRIENNE", "capacity": 6.0, "stars": "Not Participating", "city": "Wilmington", "county": "New Castle"}}, {"type": "Feature", "geometry": {"type": "Point", "coordinates": [-75.66939499968485, 39.627835999856174]}, "properties": {"name": "WILLIAMS, SHARON", "capacity": 9.0, "stars": "Not Participating", "city": "Newark", "county": "New Castle"}}, {"type": "Feature", "geometry": {"type": "Point", "coordinates": [-75.38069600033639, 38.89463800025893]}, "properties": {"name": "LEGG, LAURETTE", "capacity": 9.0, "stars": "Not Participating", "city": "Milford", "county": "Sussex"}}, {"type": "Feature", "geometry": {"type": "Point", "coordinates": [-75.68989400020794, 39.6302540000483]}, "properties": {"name": "GRAY, LADDAWAN", "capacity": 9.0, "stars": "Not Participating", "city": "Newark", "county": "New Castle"}}, {"type": "Feature", "geometry": {"type": "Point", "coordinates": [-75.31164999998884, 38.77861000014344]}, "properties": {"name": "KRISTIN'S CARE, INC.", "capacity": 39.0, "stars": "Not Participating", "city": "Milton", "county": "Sussex"}}, {"type": "Feature", "geometry": {"type": "Point", "coordinates": [-75.52843099968649, 39.81914099989017]}, "properties": {"name": "AUGUSTINE, MELISSA", "capacity": 9.0, "stars": "Not Participating", "city": "Wilmington", "county": "New Castle"}}, {"type": "Feature", "geometry": {"type": "Point", "coordinates": [-75.53064000008928, 38.66632599992133]}, "properties": {"name": "KING, TYRONDA", "capacity": 6.0, "stars": "Not Participating", "city": "Georgetown", "county": "Sussex"}}, {"type": "Feature", "geometry": {"type": "Point", "coordinates": [-75.64559399968819, 39.4462879999792]}, "properties": {"name": "MANNING, KATHERINE", "capacity": 9.0, "stars": "Not Participating", "city": "Middletown", "county": "New Castle"}}, {"type": "Feature", "geometry": {"type": "Point", "coordinates": [-75.6968040003752, 39.59219100024186]}, "properties": {"name": "ODEN, GERMAINE", "capacity": 9.0, "stars": "Not Participating", "city": "Bear", "county": "New Castle"}}, {"type": "Feature", "geometry": {"type": "Point", "coordinates": [-75.58534999971828, 38.92236999985271]}, "properties": {"name": "DELAWARE EARLY CHILDHOOD CENTER", "capacity": 94.0, "stars": "Not Participating", "city": "Harrington", "county": "Kent"}}, {"type": "Feature", "geometry": {"type": "Point", "coordinates": [-75.60367499999869, 38.74684499970963]}, "properties": {"name": "ROSS, CATHERINE", "capacity": 9.0, "stars": "Not Participating", "city": "Bridgeville", "county": "Sussex"}}, {"type": "Feature", "geometry": {"type": "Point", "coordinates": [-75.74043699999986, 39.585164999697454]}, "properties": {"name": "CORNERSTONE EARLY EDUCATION AND YOUTH CENTER, INC.", "capacity": 322.0, "stars": "Not Participating", "city": "Bear", "county": "New Castle"}}, {"type": "Feature", "geometry": {"type": "Point", "coordinates": [-75.2986780002994, 38.58184199971817]}, "properties": {"name": "CUSTIS, ROSA", "capacity": 9.0, "stars": "Not Participating", "city": "Millsboro", "county": "Sussex"}}, {"type": "Feature", "geometry": {"type": "Point", "coordinates": [-75.59980000023964, 38.808800000003295]}, "properties": {"name": "POOH'S PLACE", "capacity": 12.0, "stars": "Not Participating", "city": "Greenwood", "county": "Sussex"}}, {"type": "Feature", "geometry": {"type": "Point", "coordinates": [-75.54988000006358, 39.74251800001814]}, "properties": {"name": "EARLY CHILDHOOD EDUCATIONAL ARTS ACADEMY", "capacity": 55.0, "stars": "Not Participating", "city": "Wilmington", "county": "New Castle"}}, {"type": "Feature", "geometry": {"type": "Point", "coordinates": [-75.20866999964652, 38.76155000019577]}, "properties": {"name": "BEACH BABIES CHILD CARE", "capacity": 174.0, "stars": "Not Participating", "city": "Lewes", "county": "Sussex"}}, {"type": "Feature", "geometry": {"type": "Point", "coordinates": [-75.6717899998605, 39.77388999977779]}, "properties": {"name": "BARNETT, CARMEN", "capacity": 9.0, "stars": "Not Participating", "city": "Hockessin", "county": "New Castle"}}, {"type": "Feature", "geometry": {"type": "Point", "coordinates": [-75.30828599969267, 38.59384599984935]}, "properties": {"name": "KINSLER, NATASHA", "capacity": 6.0, "stars": "Not Participating", "city": "Millsboro", "county": "Sussex"}}, {"type": "Feature", "geometry": {"type": "Point", "coordinates": [-75.67753799956331, 39.680208999813225]}, "properties": {"name": "YMCA OF DELAWARE/ GALLAHER", "capacity": 70.0, "stars": "Not Participating", "city": "Newark", "county": "New Castle"}}, {"type": "Feature", "geometry": {"type": "Point", "coordinates": [-75.4664540004132, 39.79928800017501]}, "properties": {"name": "CURRINGTON, ROSE", "capacity": 9.0, "stars": "Not Participating", "city": "Claymont", "county": "New Castle"}}, {"type": "Feature", "geometry": {"type": "Point", "coordinates": [-75.56141700037544, 39.70755399990017]}, "properties": {"name": "HARVEY, JOY", "capacity": 9.0, "stars": "Not Participating", "city": "New Castle", "county": "New Castle"}}, {"type": "Feature", "geometry": {"type": "Point", "coordinates": [-75.54966699962824, 39.70422000022904]}, "properties": {"name": "BOYS & GIRLS CLUB @ NEW CASTLE", "capacity": 91.0, "stars": "Not Participating", "city": "New Castle", "county": "New Castle"}}, {"type": "Feature", "geometry": {"type": "Point", "coordinates": [-75.57819600005188, 39.74266799969217]}, "properties": {"name": "BOYS & GIRLS CLUB @ CLARENCE FRAIM", "capacity": 230.0, "stars": "Not Participating", "city": "Wilmington", "county": "New Castle"}}, {"type": "Feature", "geometry": {"type": "Point", "coordinates": [-75.4515500003304, 38.93411000010961]}, "properties": {"name": "BOYS & GIRLS CLUB @ MILFORD", "capacity": 198.0, "stars": "Not Participating", "city": "Milford", "county": "Sussex"}}, {"type": "Feature", "geometry": {"type": "Point", "coordinates": [-75.55428899975, 39.07112100021527]}, "properties": {"name": "RASH, THERESA", "capacity": 9.0, "stars": "Not Participating", "city": "Dover", "county": "Kent"}}, {"type": "Feature", "geometry": {"type": "Point", "coordinates": [-75.53788599981722, 39.755960999706176]}, "properties": {"name": "CRAN, CASSANDRA", "capacity": 9.0, "stars": "Not Participating", "city": "Wilmington", "county": "New Castle"}}, {"type": "Feature", "geometry": {"type": "Point", "coordinates": [-75.67526999960931, 39.56168999985314]}, "properties": {"name": "CAIN, COLETTE", "capacity": 9.0, "stars": "Not Participating", "city": "Bear", "county": "New Castle"}}, {"type": "Feature", "geometry": {"type": "Point", "coordinates": [-75.60521999987942, 38.5256600001858]}, "properties": {"name": "BOLEN, TAMMY", "capacity": 6.0, "stars": "Not Participating", "city": "Laurel", "county": "Sussex"}}, {"type": "Feature", "geometry": {"type": "Point", "coordinates": [-75.69665600023718, 39.593850999866135]}, "properties": {"name": "WILLIAMS, ANDREA", "capacity": 9.0, "stars": "Not Participating", "city": "Bear", "county": "New Castle"}}, {"type": "Feature", "geometry": {"type": "Point", "coordinates": [-75.68170000027584, 39.57689999982482]}, "properties": {"name": "SOLOMON, JULIE R.", "capacity": 9.0, "stars": "Not Participating", "city": "Bear", "county": "New Castle"}}, {"type": "Feature", "geometry": {"type": "Point", "coordinates": [-75.32893599982846, 38.730508000114305]}, "properties": {"name": "WILSON, CAROL ANN", "capacity": 9.0, "stars": "Not Participating", "city": "Georgetown", "county": "Sussex"}}, {"type": "Feature", "geometry": {"type": "Point", "coordinates": [-75.36376000030113, 38.481769999718246]}, "properties": {"name": "WHEATLEY, CRYSTAL", "capacity": 9.0, "stars": "Not Participating", "city": "Millsboro", "county": "Sussex"}}, {"type": "Feature", "geometry": {"type": "Point", "coordinates": [-75.5324429997129, 39.13239700007008]}, "properties": {"name": "DENTON, JANET M.", "capacity": 9.0, "stars": "Not Participating", "city": "Dover", "county": "Kent"}}, {"type": "Feature", "geometry": {"type": "Point", "coordinates": [-75.43821100021982, 38.903239999731866]}, "properties": {"name": "KID'S INC. - REFORMATION LUTHERAN CHURCH", "capacity": 60.0, "stars": "Not Participating", "city": "Milford", "county": "Sussex"}}, {"type": "Feature", "geometry": {"type": "Point", "coordinates": [-75.55578500012525, 38.660368999854306]}, "properties": {"name": "HORSEY, VALERIE", "capacity": 9.0, "stars": "Not Participating", "city": "Seaford", "county": "Sussex"}}, {"type": "Feature", "geometry": {"type": "Point", "coordinates": [-75.54340500008949, 39.70626700011334]}, "properties": {"name": "BUTLER, DELORES", "capacity": 9.0, "stars": "Not Participating", "city": "New Castle", "county": "New Castle"}}, {"type": "Feature", "geometry": {"type": "Point", "coordinates": [-75.54236700037197, 39.74083300019422]}, "properties": {"name": "MOWBRAY, GENEVA", "capacity": 9.0, "stars": "Not Participating", "city": "Wilmington", "county": "New Castle"}}, {"type": "Feature", "geometry": {"type": "Point", "coordinates": [-75.62784500006629, 39.66049999990155]}, "properties": {"name": "WILLIAMS, DEBRA A.", "capacity": 9.0, "stars": "Not Participating", "city": "New Castle", "county": "New Castle"}}, {"type": "Feature", "geometry": {"type": "Point", "coordinates": [-75.33817000002622, 38.86707000004876]}, "properties": {"name": "JUST IN TIME LEARNING ACADEMY", "capacity": 30.0, "stars": "Not Participating", "city": "Milford", "county": "Kent"}}, {"type": "Feature", "geometry": {"type": "Point", "coordinates": [-75.60111699961644, 38.67467599996296]}, "properties": {"name": "SATCHELL, TAMMY", "capacity": 9.0, "stars": "Not Participating", "city": "Seaford", "county": "Sussex"}}, {"type": "Feature", "geometry": {"type": "Point", "coordinates": [-75.68927999991462, 39.69322000018186]}, "properties": {"name": "DREAM HAVEN LEARNING CENTER", "capacity": 86.0, "stars": "Not Participating", "city": "Newark", "county": "New Castle"}}, {"type": "Feature", "geometry": {"type": "Point", "coordinates": [-75.52636600012207, 39.826854999912776]}, "properties": {"name": "CHILDREN'S HOUSE-MONTESSORI", "capacity": 94.0, "stars": "Not Participating", "city": "Wilmington", "county": "New Castle"}}, {"type": "Feature", "geometry": {"type": "Point", "coordinates": [-75.5317199996396, 39.75541000021532]}, "properties": {"name": "WOMACK, REBECCA", "capacity": 9.0, "stars": "Not Participating", "city": "Wilmington", "county": "New Castle"}}, {"type": "Feature", "geometry": {"type": "Point", "coordinates": [-75.5001490000334, 39.828942999906396]}, "properties": {"name": "CHESTER BETHEL PRESCHOOL & CHILDCARE", "capacity": 85.0, "stars": "Not Participating", "city": "Wilmington", "county": "New Castle"}}, {"type": "Feature", "geometry": {"type": "Point", "coordinates": [-75.5593369998441, 39.70008500030677]}, "properties": {"name": "TOWNSEND, BERNADETTE", "capacity": 9.0, "stars": "Not Participating", "city": "New Castle", "county": "New Castle"}}, {"type": "Feature", "geometry": {"type": "Point", "coordinates": [-75.68357099967152, 39.62243500034299]}, "properties": {"name": "YMCA OF DELAWARE/LEASURE", "capacity": 72.0, "stars": "Not Participating", "city": "Newark", "county": "New Castle"}}, {"type": "Feature", "geometry": {"type": "Point", "coordinates": [-75.68604399966495, 39.64651399972479]}, "properties": {"name": "YMCA OF DELAWARE/MARSHALL", "capacity": 67.0, "stars": "Not Participating", "city": "Newark", "county": "New Castle"}}, {"type": "Feature", "geometry": {"type": "Point", "coordinates": [-75.7479100004068, 39.655799000161274]}, "properties": {"name": "YMCA OF DELAWARE/MCVEY", "capacity": 66.0, "stars": "Not Participating", "city": "Newark", "county": "New Castle"}}, {"type": "Feature", "geometry": {"type": "Point", "coordinates": [-75.40464999959562, 38.67503999993232]}, "properties": {"name": "FAUCETT, GINA", "capacity": 9.0, "stars": "Not Participating", "city": "Georgetown", "county": "Sussex"}}, {"type": "Feature", "geometry": {"type": "Point", "coordinates": [-75.64392999998176, 39.50077999987446]}, "properties": {"name": "ROMANO, REGINA", "capacity": 6.0, "stars": "Not Participating", "city": "Middletown", "county": "New Castle"}}, {"type": "Feature", "geometry": {"type": "Point", "coordinates": [-75.5456999998077, 38.63990000017944]}, "properties": {"name": "PURNELL, A. ONEDIA", "capacity": 9.0, "stars": "Not Participating", "city": "Seaford", "county": "Sussex"}}, {"type": "Feature", "geometry": {"type": "Point", "coordinates": [-75.75144799988195, 39.65744100024668]}, "properties": {"name": "ST. PAUL'S LUTHERAN SCHOOL", "capacity": 70.0, "stars": "Not Participating", "city": "Newark", "county": "New Castle"}}, {"type": "Feature", "geometry": {"type": "Point", "coordinates": [-75.57628999959779, 38.552860000052505]}, "properties": {"name": "NEAL, TERESA ANN", "capacity": 6.0, "stars": "Not Participating", "city": "Laurel", "county": "Sussex"}}, {"type": "Feature", "geometry": {"type": "Point", "coordinates": [-75.72171099986146, 39.604058000289754]}, "properties": {"name": "UPPAL, NADIRA", "capacity": 9.0, "stars": "Not Participating", "city": "Bear", "county": "New Castle"}}, {"type": "Feature", "geometry": {"type": "Point", "coordinates": [-75.53311499973253, 39.15537400023991]}, "properties": {"name": "KIDZ INK III", "capacity": 151.0, "stars": "Three Stars", "city": "Dover", "county": "Kent"}}, {"type": "Feature", "geometry": {"type": "Point", "coordinates": [-75.50272999998185, 39.175719999656245]}, "properties": {"name": "HARVEY, SHIRLEY", "capacity": 6.0, "stars": "Not Participating", "city": "Dover", "county": "Kent"}}, {"type": "Feature", "geometry": {"type": "Point", "coordinates": [-75.66121400017157, 39.629044999791454]}, "properties": {"name": "PEREZ, CARMEN", "capacity": 9.0, "stars": "Not Participating", "city": "Bear", "county": "New Castle"}}, {"type": "Feature", "geometry": {"type": "Point", "coordinates": [-75.73711299988662, 39.630302999728826]}, "properties": {"name": "KOHAN, DARIA", "capacity": 9.0, "stars": "Not Participating", "city": "Newark", "county": "New Castle"}}, {"type": "Feature", "geometry": {"type": "Point", "coordinates": [-75.71239600037116, 39.77290399991517]}, "properties": {"name": "THE GODDARD SCHOOL IN HOCKESSIN", "capacity": 117.0, "stars": "Three Stars", "city": "Hockessin", "county": "New Castle"}}, {"type": "Feature", "geometry": {"type": "Point", "coordinates": [-75.624008999767, 39.65523300006903]}, "properties": {"name": "HOLLOWAY, BERNADETTE", "capacity": 9.0, "stars": "Three Stars", "city": "New Castle", "county": "New Castle"}}, {"type": "Feature", "geometry": {"type": "Point", "coordinates": [-75.66432200037471, 39.61261599985195]}, "properties": {"name": "HILL, JULIETTA", "capacity": 9.0, "stars": "Not Participating", "city": "Bear", "county": "New Castle"}}, {"type": "Feature", "geometry": {"type": "Point", "coordinates": [-75.56061999978402, 39.15433000022588]}, "properties": {"name": "HARRIS, KATHY", "capacity": 9.0, "stars": "Not Participating", "city": "Dover", "county": "Kent"}}, {"type": "Feature", "geometry": {"type": "Point", "coordinates": [-75.39549999996176, 38.693199999730645]}, "properties": {"name": "GUARDIAN ANGEL DAY CARE CENTER INC.", "capacity": 30.0, "stars": "Not Participating", "city": "Georgetown", "county": "Sussex"}}, {"type": "Feature", "geometry": {"type": "Point", "coordinates": [-75.60599400000632, 38.634324999889394]}, "properties": {"name": "PHILLIPS, SANDRA F.", "capacity": 9.0, "stars": "Not Participating", "city": "Blades", "county": "Sussex"}}, {"type": "Feature", "geometry": {"type": "Point", "coordinates": [-75.56405600005023, 38.556009999867264]}, "properties": {"name": "SULLIVAN, TYWANDA", "capacity": 6.0, "stars": "Two Stars", "city": "Laurel", "county": "Sussex"}}, {"type": "Feature", "geometry": {"type": "Point", "coordinates": [-75.53919999971926, 38.69990000016643]}, "properties": {"name": "SAVAGE, VANESSA", "capacity": 9.0, "stars": "Not Participating", "city": "Bridgeville", "county": "Sussex"}}, {"type": "Feature", "geometry": {"type": "Point", "coordinates": [-75.74005100021047, 39.184251000011166]}, "properties": {"name": "WATERS, MARY", "capacity": 9.0, "stars": "Not Participating", "city": "Hartly", "county": "Kent"}}, {"type": "Feature", "geometry": {"type": "Point", "coordinates": [-75.74762500000145, 39.63013100013258]}, "properties": {"name": "ROGERS, KATHLEEN", "capacity": 9.0, "stars": "Not Participating", "city": "Newark", "county": "New Castle"}}, {"type": "Feature", "geometry": {"type": "Point", "coordinates": [-75.59170000001889, 38.766490000209394]}, "properties": {"name": "JOHNSON, VENITA", "capacity": 9.0, "stars": "Not Participating", "city": "Bridgeville", "county": "Sussex"}}, {"type": "Feature", "geometry": {"type": "Point", "coordinates": [-75.52285700006094, 39.139184999680104]}, "properties": {"name": "YMCA OF DELAWARE/SOUTH DOVER", "capacity": 60.0, "stars": "Not Participating", "city": "Dover", "county": "Kent"}}, {"type": "Feature", "geometry": {"type": "Point", "coordinates": [-75.5388700000064, 39.17099999988862]}, "properties": {"name": "YMCA OF DELAWARE/FAIRVIEW", "capacity": 40.0, "stars": "Not Participating", "city": "Dover", "county": "Kent"}}, {"type": "Feature", "geometry": {"type": "Point", "coordinates": [-75.64588699959116, 39.637801999909904]}, "properties": {"name": "RINGGOLD, ALYCHA", "capacity": 9.0, "stars": "Not Participating", "city": "Bear", "county": "New Castle"}}, {"type": "Feature", "geometry": {"type": "Point", "coordinates": [-75.44921999955379, 38.74524000033878]}, "properties": {"name": "CARROLL, PAULA", "capacity": 9.0, "stars": "Not Participating", "city": "Georgetown", "county": "Sussex"}}, {"type": "Feature", "geometry": {"type": "Point", "coordinates": [-75.50220000025244, 38.856600000212936]}, "properties": {"name": "ROSS, ROXANNE", "capacity": 9.0, "stars": "Not Participating", "city": "Greenwood", "county": "Sussex"}}, {"type": "Feature", "geometry": {"type": "Point", "coordinates": [-75.64555600005336, 39.638708999968294]}, "properties": {"name": "DANIELS DBA CARMEN TENDER CARE LLC, CARMEN", "capacity": 9.0, "stars": "Not Participating", "city": "Bear", "county": "New Castle"}}, {"type": "Feature", "geometry": {"type": "Point", "coordinates": [-75.66775299971974, 39.64049500005291]}, "properties": {"name": "NJOROGE WACHIRA, CYNTHIA", "capacity": 9.0, "stars": "Not Participating", "city": "Newark", "county": "New Castle"}}, {"type": "Feature", "geometry": {"type": "Point", "coordinates": [-75.56863999963883, 38.917130000002665]}, "properties": {"name": "WONDER YEARS LEARNING CENTER, LLC", "capacity": 95.0, "stars": "Not Participating", "city": "Harrington", "county": "Kent"}}, {"type": "Feature", "geometry": {"type": "Point", "coordinates": [-75.42788400005293, 38.73810899965624]}, "properties": {"name": "VERNET DBA LITTLE FOOTPRINTS, ANGELA", "capacity": 9.0, "stars": "Not Participating", "city": "Georgetown", "county": "Sussex"}}, {"type": "Feature", "geometry": {"type": "Point", "coordinates": [-75.60092499999583, 38.67452900017893]}, "properties": {"name": "VALDES, JANICE", "capacity": 9.0, "stars": "Not Participating", "city": "Seaford", "county": "Sussex"}}, {"type": "Feature", "geometry": {"type": "Point", "coordinates": [-75.57438400004203, 39.73186700000156]}, "properties": {"name": "HARRISON, STEPHANIE", "capacity": 9.0, "stars": "Not Participating", "city": "Wilmington", "county": "New Castle"}}, {"type": "Feature", "geometry": {"type": "Point", "coordinates": [-75.55254200020288, 38.649809000150235]}, "properties": {"name": "STEPPING STONES DAY CARE, INC.", "capacity": 12.0, "stars": "Not Participating", "city": "Seaford", "county": "Sussex"}}, {"type": "Feature", "geometry": {"type": "Point", "coordinates": [-75.63753000035075, 38.53667999991546]}, "properties": {"name": "BROWNLOW, TINA", "capacity": 9.0, "stars": "Not Participating", "city": "Laurel", "county": "Sussex"}}, {"type": "Feature", "geometry": {"type": "Point", "coordinates": [-75.57139999968743, 38.64069999979363]}, "properties": {"name": "MORRIS-DRAYTON, CARLEEN", "capacity": 9.0, "stars": "Not Participating", "city": "Seaford", "county": "Sussex"}}, {"type": "Feature", "geometry": {"type": "Point", "coordinates": [-75.50517700003601, 39.764856999896445]}, "properties": {"name": "KALBACH, REBECCA", "capacity": 9.0, "stars": "Not Participating", "city": "Wilmington", "county": "New Castle"}}, {"type": "Feature", "geometry": {"type": "Point", "coordinates": [-75.55127799963122, 39.17266400012203]}, "properties": {"name": "ROSE, BEATRICE", "capacity": 9.0, "stars": "Not Participating", "city": "Dover", "county": "Kent"}}, {"type": "Feature", "geometry": {"type": "Point", "coordinates": [-75.53513300033961, 39.054810999775555]}, "properties": {"name": "BROOKS, DYNETTE", "capacity": 9.0, "stars": "Starting with Stars", "city": "Magnolia", "county": "Kent"}}, {"type": "Feature", "geometry": {"type": "Point", "coordinates": [-75.40280000011636, 38.67570000017303]}, "properties": {"name": "PARENTS AND CHILDREN TOGETHER AT TECH", "capacity": 68.0, "stars": "Not Participating", "city": "Georgetown", "county": "Sussex"}}, {"type": "Feature", "geometry": {"type": "Point", "coordinates": [-75.5444240004388, 39.74393100003721]}, "properties": {"name": "MINISTRY OF CARING GUARDIAN ANGEL CHILD CARE", "capacity": 83.0, "stars": "Not Participating", "city": "Wilmington", "county": "New Castle"}}, {"type": "Feature", "geometry": {"type": "Point", "coordinates": [-75.52547999984219, 38.50403999999825]}, "properties": {"name": "WELK, SANDRA", "capacity": 9.0, "stars": "Not Participating", "city": "Laurel", "county": "Sussex"}}, {"type": "Feature", "geometry": {"type": "Point", "coordinates": [-75.61956800029353, 39.71988900013713]}, "properties": {"name": "WILLIAMS, ROCHELLE", "capacity": 9.0, "stars": "Not Participating", "city": "Wilmington", "county": "New Castle"}}, {"type": "Feature", "geometry": {"type": "Point", "coordinates": [-75.73124100033523, 39.66352300011793]}, "properties": {"name": "MCKINNEY, BARBARA LYNNE", "capacity": 9.0, "stars": "Not Participating", "city": "Newark", "county": "New Castle"}}, {"type": "Feature", "geometry": {"type": "Point", "coordinates": [-75.71544299957664, 39.675954000265556]}, "properties": {"name": "ROGERS, LINDA", "capacity": 9.0, "stars": "Not Participating", "city": "Newark", "county": "New Castle"}}, {"type": "Feature", "geometry": {"type": "Point", "coordinates": [-75.5679330003574, 39.75089999986709]}, "properties": {"name": "WILMINGTON HEAD START, INC. - WEST END CENTER", "capacity": 129.0, "stars": "Four Stars", "city": "Wilmington", "county": "New Castle"}}, {"type": "Feature", "geometry": {"type": "Point", "coordinates": [-75.5439320003442, 39.754684000119596]}, "properties": {"name": "SHARON TEMPLE CHILD CARE LEARNING CENTER", "capacity": 103.0, "stars": "Not Participating", "city": "Wilmington", "county": "New Castle"}}, {"type": "Feature", "geometry": {"type": "Point", "coordinates": [-75.5524090001335, 38.653194999938236]}, "properties": {"name": "CANNON, MARY J.", "capacity": 6.0, "stars": "Not Participating", "city": "Seaford", "county": "Sussex"}}, {"type": "Feature", "geometry": {"type": "Point", "coordinates": [-75.69395300008999, 39.63946100016402]}, "properties": {"name": "BOWENS, CHRISTIAN", "capacity": 9.0, "stars": "Not Participating", "city": "Newark", "county": "New Castle"}}, {"type": "Feature", "geometry": {"type": "Point", "coordinates": [-75.48319999957933, 38.716299999818474]}, "properties": {"name": "DISMUKE, QUONDARA", "capacity": 6.0, "stars": "Not Participating", "city": "Georgetown", "county": "Sussex"}}, {"type": "Feature", "geometry": {"type": "Point", "coordinates": [-75.5348789998964, 39.75742500020184]}, "properties": {"name": "ROSE OF SHA'RON II", "capacity": 12.0, "stars": "Not Participating", "city": "Wilmington", "county": "New Castle"}}, {"type": "Feature", "geometry": {"type": "Point", "coordinates": [-75.57980000038215, 39.18539999996502]}, "properties": {"name": "DELAWARE TECH CHILD DEVELOPMENT CENTER TERRY CAMPUS", "capacity": 82.0, "stars": "Not Participating", "city": "Dover", "county": "Kent"}}, {"type": "Feature", "geometry": {"type": "Point", "coordinates": [-75.52660999962123, 39.11166800004249]}, "properties": {"name": "SHIELDS, BRENDA", "capacity": 9.0, "stars": "Not Participating", "city": "Dover", "county": "Kent"}}, {"type": "Feature", "geometry": {"type": "Point", "coordinates": [-75.54193600037674, 39.17716299975205]}, "properties": {"name": "ROOM TO BLOOM", "capacity": 12.0, "stars": "Not Participating", "city": "Dover", "county": "Kent"}}, {"type": "Feature", "geometry": {"type": "Point", "coordinates": [-75.54917399970874, 39.73853900026086]}, "properties": {"name": "JP MORGAN CHASE BACK UP CHILD CARE CENTER", "capacity": 73.0, "stars": "Not Participating", "city": "Wilmington", "county": "New Castle"}}, {"type": "Feature", "geometry": {"type": "Point", "coordinates": [-75.09524000001197, 38.562189999668924]}, "properties": {"name": "HOLT-ROGERS, THERESA", "capacity": 9.0, "stars": "Not Participating", "city": "Ocean View", "county": "Sussex"}}, {"type": "Feature", "geometry": {"type": "Point", "coordinates": [-75.64355900026099, 39.66132699970145]}, "properties": {"name": "JOHNSON, CARMELLA", "capacity": 6.0, "stars": "Not Participating", "city": "New Castle", "county": "New Castle"}}, {"type": "Feature", "geometry": {"type": "Point", "coordinates": [-75.5413980002514, 39.74727000014876]}, "properties": {"name": "SMALLS STEPPING STONE DAYCARE & PRESCHOOL, INC.", "capacity": 250.0, "stars": "Not Participating", "city": "Wilmington", "county": "New Castle"}}, {"type": "Feature", "geometry": {"type": "Point", "coordinates": [-75.54314800017156, 39.75488800001197]}, "properties": {"name": "BOOKER, JOYCE ANN", "capacity": 9.0, "stars": "Not Participating", "city": "Wilmington", "county": "New Castle"}}, {"type": "Feature", "geometry": {"type": "Point", "coordinates": [-75.72423200043379, 39.381532000185686]}, "properties": {"name": "COLEMAN, SHARI", "capacity": 0.0, "stars": "Not Participating", "city": "Townsend", "county": "New Castle"}}, {"type": "Feature", "geometry": {"type": "Point", "coordinates": [-75.61821800040647, 38.6401260000265]}, "properties": {"name": "ROTH, DIANE", "capacity": 9.0, "stars": "Not Participating", "city": "Seaford", "county": "Sussex"}}, {"type": "Feature", "geometry": {"type": "Point", "coordinates": [-75.54502699996314, 39.74413399983587]}, "properties": {"name": "YMCA OF DELAWARE / WALNUT STREET YMCA CHILDREN'S CORNER 3", "capacity": 291.0, "stars": "Not Participating", "city": "Wilmington", "county": "New Castle"}}, {"type": "Feature", "geometry": {"type": "Point", "coordinates": [-75.55268699996783, 39.74030099992954]}, "properties": {"name": "DEL TECH/ WILMINGTON CAMPUS CHILD DEVELOPMENT CENTER", "capacity": 55.0, "stars": "Not Participating", "city": "Wilmington", "county": "New Castle"}}, {"type": "Feature", "geometry": {"type": "Point", "coordinates": [-75.61285999979263, 39.27943000007628]}, "properties": {"name": "WAYMAN, ANTOINETTE", "capacity": 9.0, "stars": "Not Participating", "city": "Smyrna", "county": "Kent"}}, {"type": "Feature", "geometry": {"type": "Point", "coordinates": [-75.53466800000919, 39.75741299985443]}, "properties": {"name": "MILLER, DENISE", "capacity": 9.0, "stars": "Not Participating", "city": "Wilmington", "county": "New Castle"}}, {"type": "Feature", "geometry": {"type": "Point", "coordinates": [-75.57886499969847, 39.66232900005653]}, "properties": {"name": "GIBBONS, JUDITH A.", "capacity": 9.0, "stars": "Not Participating", "city": "New Castle", "county": "New Castle"}}, {"type": "Feature", "geometry": {"type": "Point", "coordinates": [-75.71909999977578, 39.453699999932354]}, "properties": {"name": "SZEWCZYK, CHERYL", "capacity": 9.0, "stars": "Not Participating", "city": "Middletown", "county": "New Castle"}}, {"type": "Feature", "geometry": {"type": "Point", "coordinates": [-75.39953299990454, 38.88348400012301]}, "properties": {"name": "OVER THE RAINBOW CHILD CARE", "capacity": 12.0, "stars": "Not Participating", "city": "Milford", "county": "Sussex"}}, {"type": "Feature", "geometry": {"type": "Point", "coordinates": [-75.62171999989658, 39.73972000027495]}, "properties": {"name": "WIKTOROWICZ, HEATHER", "capacity": 9.0, "stars": "Not Participating", "city": "Wilmington", "county": "New Castle"}}, {"type": "Feature", "geometry": {"type": "Point", "coordinates": [-75.56671700036463, 39.74202899973904]}, "properties": {"name": "VELAZQUEZ, MARIBEL", "capacity": 9.0, "stars": "Not Participating", "city": "Wilmington", "county": "New Castle"}}, {"type": "Feature", "geometry": {"type": "Point", "coordinates": [-75.57151000019061, 39.01830000032728]}, "properties": {"name": "TROTT, TREDENA", "capacity": 9.0, "stars": "Not Participating", "city": "Felton", "county": "Kent"}}, {"type": "Feature", "geometry": {"type": "Point", "coordinates": [-75.67156999975246, 39.61193800025438]}, "properties": {"name": "REED, FELICIA", "capacity": 9.0, "stars": "Not Participating", "city": "Bear", "county": "New Castle"}}, {"type": "Feature", "geometry": {"type": "Point", "coordinates": [-75.58745899966364, 38.61440899981261]}, "properties": {"name": "RAINBOW DAYCARE AND PRESCHOOL", "capacity": 60.0, "stars": "Three Stars", "city": "Seaford", "county": "Sussex"}}, {"type": "Feature", "geometry": {"type": "Point", "coordinates": [-75.55821600028588, 39.096573999767905]}, "properties": {"name": "DIAZ, CONNIE", "capacity": 9.0, "stars": "Not Participating", "city": "Dover", "county": "Kent"}}, {"type": "Feature", "geometry": {"type": "Point", "coordinates": [-75.46967999971879, 39.78967600029494]}, "properties": {"name": "MOON, DORIE", "capacity": 9.0, "stars": "Not Participating", "city": "Claymont", "county": "New Castle"}}, {"type": "Feature", "geometry": {"type": "Point", "coordinates": [-75.6353080004275, 39.6645879998256]}, "properties": {"name": "EDWARDS, ROSE", "capacity": 9.0, "stars": "Not Participating", "city": "New Castle", "county": "New Castle"}}, {"type": "Feature", "geometry": {"type": "Point", "coordinates": [-75.58269599997489, 39.69542700000738]}, "properties": {"name": "NCC HEAD START, INC. MANOR PARK", "capacity": 99.0, "stars": "Not Participating", "city": "New Castle", "county": "New Castle"}}, {"type": "Feature", "geometry": {"type": "Point", "coordinates": [-75.57408199991823, 39.747751999749546]}, "properties": {"name": "LESSONS LEARNED DAY CARE AND PRESCHOOL II", "capacity": 146.0, "stars": "Five Stars", "city": "Wilmington", "county": "New Castle"}}, {"type": "Feature", "geometry": {"type": "Point", "coordinates": [-75.51551699972337, 39.15941100013041]}, "properties": {"name": "RUFF, THERESA", "capacity": 9.0, "stars": "Not Participating", "city": "Dover", "county": "Kent"}}, {"type": "Feature", "geometry": {"type": "Point", "coordinates": [-75.56375399992643, 39.74636000004953]}, "properties": {"name": "JENKINS, AUDRIENE", "capacity": 9.0, "stars": "Not Participating", "city": "Wilmington", "county": "New Castle"}}, {"type": "Feature", "geometry": {"type": "Point", "coordinates": [-75.57420900013983, 38.45956899974084]}, "properties": {"name": "LIL' RED HEN NURSERY SCHOOL, INC.", "capacity": 217.0, "stars": "Not Participating", "city": "Delmar", "county": "Sussex"}}, {"type": "Feature", "geometry": {"type": "Point", "coordinates": [-75.54362400037262, 39.746290999889546]}, "properties": {"name": "TADPOLE ACADEMY LLC", "capacity": 54.0, "stars": "Three Stars", "city": "Wilmington", "county": "New Castle"}}, {"type": "Feature", "geometry": {"type": "Point", "coordinates": [-75.68310399969128, 39.68760900019528]}, "properties": {"name": "LITTLE STARS, INC.", "capacity": 60.0, "stars": "Not Participating", "city": "Newark", "county": "New Castle"}}, {"type": "Feature", "geometry": {"type": "Point", "coordinates": [-75.60491000025802, 38.63509000017505]}, "properties": {"name": "SMITH, ALISA", "capacity": 9.0, "stars": "Not Participating", "city": "Seaford", "county": "Sussex"}}, {"type": "Feature", "geometry": {"type": "Point", "coordinates": [-75.39269999973018, 38.696099999989286]}, "properties": {"name": "BANKS-MILLER, JEAN", "capacity": 9.0, "stars": "Not Participating", "city": "Georgetown", "county": "Sussex"}}, {"type": "Feature", "geometry": {"type": "Point", "coordinates": [-75.54271399980328, 39.10589099978693]}, "properties": {"name": "HOOKS, EARLEEN", "capacity": 9.0, "stars": "Not Participating", "city": "Dover", "county": "Kent"}}, {"type": "Feature", "geometry": {"type": "Point", "coordinates": [-75.54877000037601, 38.73462999989385]}, "properties": {"name": "RANDOLPH, TANYA", "capacity": 9.0, "stars": "Not Participating", "city": "Bridgeville", "county": "Sussex"}}, {"type": "Feature", "geometry": {"type": "Point", "coordinates": [-75.5652650003703, 39.76195500026172]}, "properties": {"name": "BOYS & GIRLS CLUB @ JOSEPH E. JOHNSON ELEMENTARY", "capacity": 70.0, "stars": "Not Participating", "city": "Wilmington", "county": "New Castle"}}, {"type": "Feature", "geometry": {"type": "Point", "coordinates": [-75.5417999999343, 39.75757199997161]}, "properties": {"name": "SIMPSON, NATASHIA", "capacity": 9.0, "stars": "Not Participating", "city": "Wilmington", "county": "New Castle"}}, {"type": "Feature", "geometry": {"type": "Point", "coordinates": [-75.62173699961502, 39.7426509999896]}, "properties": {"name": "DAVIS, SHARON", "capacity": 6.0, "stars": "Not Participating", "city": "Wilmington", "county": "New Castle"}}, {"type": "Feature", "geometry": {"type": "Point", "coordinates": [-75.53564999965023, 39.742820000097126]}, "properties": {"name": "MANNA ACADEMY", "capacity": 91.0, "stars": "Not Participating", "city": "Wilmington", "county": "New Castle"}}, {"type": "Feature", "geometry": {"type": "Point", "coordinates": [-75.70172000022481, 39.7004799999438]}, "properties": {"name": "FUNSTEPS PRESCHOOL & CHILDCARE INC.", "capacity": 109.0, "stars": "Not Participating", "city": "Newark", "county": "New Castle"}}, {"type": "Feature", "geometry": {"type": "Point", "coordinates": [-75.69046499994525, 39.64690799988758]}, "properties": {"name": "MCMILLEN, VALERIE", "capacity": 9.0, "stars": "Not Participating", "city": "Newark", "county": "New Castle"}}, {"type": "Feature", "geometry": {"type": "Point", "coordinates": [-75.49917300024013, 39.16663100011329]}, "properties": {"name": "LOPER, MARCIA", "capacity": 9.0, "stars": "Not Participating", "city": "Dover", "county": "Kent"}}, {"type": "Feature", "geometry": {"type": "Point", "coordinates": [-75.54875000028453, 39.7042099997058]}, "properties": {"name": "DARUL-AMAANAH ACADEMY", "capacity": 110.0, "stars": "Not Participating", "city": "New Castle", "county": "New Castle"}}, {"type": "Feature", "geometry": {"type": "Point", "coordinates": [-75.53086799969492, 39.75664400022246]}, "properties": {"name": "LITTLE BLESSINGS DAYCARE SITE I", "capacity": 60.0, "stars": "Not Participating", "city": "Wilmington", "county": "New Castle"}}, {"type": "Feature", "geometry": {"type": "Point", "coordinates": [-75.61799999994824, 39.656539999982314]}, "properties": {"name": "BENNETT, LINDA", "capacity": 6.0, "stars": "Not Participating", "city": "New Castle", "county": "New Castle"}}, {"type": "Feature", "geometry": {"type": "Point", "coordinates": [-75.51214900012755, 39.13211700018049]}, "properties": {"name": "MACK, JUSTINA", "capacity": 9.0, "stars": "Not Participating", "city": "Dover", "county": "Kent"}}, {"type": "Feature", "geometry": {"type": "Point", "coordinates": [-75.61860300037091, 39.71387300003453]}, "properties": {"name": "SYDNOR, TREENA", "capacity": 9.0, "stars": "Not Participating", "city": "Wilmington", "county": "New Castle"}}, {"type": "Feature", "geometry": {"type": "Point", "coordinates": [-75.68101800021046, 39.68373599990088]}, "properties": {"name": "TUTOR TIME CHILDCARE LEARNING CENTER - NEWARK", "capacity": 238.0, "stars": "Not Participating", "city": "Newark", "county": "New Castle"}}, {"type": "Feature", "geometry": {"type": "Point", "coordinates": [-75.55502000021917, 38.72907000003327]}, "properties": {"name": "JOHNSON, CAROLE", "capacity": 6.0, "stars": "Not Participating", "city": "Bridgeville", "county": "Sussex"}}, {"type": "Feature", "geometry": {"type": "Point", "coordinates": [-75.55794000010135, 38.61742999967848]}, "properties": {"name": "HAWKINS, MELISSA", "capacity": 9.0, "stars": "Not Participating", "city": "Seaford", "county": "Sussex"}}, {"type": "Feature", "geometry": {"type": "Point", "coordinates": [-75.56765799999779, 39.738385000279436]}, "properties": {"name": "RODRIGUEZ, ROSA", "capacity": 9.0, "stars": "Not Participating", "city": "Wilmington", "county": "New Castle"}}, {"type": "Feature", "geometry": {"type": "Point", "coordinates": [-75.55063999994678, 39.156279999860196]}, "properties": {"name": "LUCKETT, DELORIS", "capacity": 9.0, "stars": "Starting with Stars", "city": "Dover", "county": "Kent"}}, {"type": "Feature", "geometry": {"type": "Point", "coordinates": [-75.68259499987826, 39.70553399970653]}, "properties": {"name": "YMCA OF DELAWARE / FOREST OAK", "capacity": 104.0, "stars": "Not Participating", "city": "Newark", "county": "New Castle"}}, {"type": "Feature", "geometry": {"type": "Point", "coordinates": [-75.62397299978198, 39.74533600029853]}, "properties": {"name": "YMCA OF DELAWARE / MARBROOK", "capacity": 90.0, "stars": "Not Participating", "city": "Wilmington", "county": "New Castle"}}, {"type": "Feature", "geometry": {"type": "Point", "coordinates": [-75.63681899997306, 39.734533999825885]}, "properties": {"name": "YMCA OF DELAWARE/ANNA P MOTE", "capacity": 82.0, "stars": "Not Participating", "city": "Wilmington", "county": "New Castle"}}, {"type": "Feature", "geometry": {"type": "Point", "coordinates": [-75.66251399982993, 39.666329000055846]}, "properties": {"name": "YMCA OF DELAWARE/JONES", "capacity": 50.0, "stars": "Not Participating", "city": "Christiana", "county": "New Castle"}}, {"type": "Feature", "geometry": {"type": "Point", "coordinates": [-75.57264599981744, 39.746104999774744]}, "properties": {"name": "HEAVENLY ANGELS", "capacity": 12.0, "stars": "Not Participating", "city": "Wilmington", "county": "New Castle"}}, {"type": "Feature", "geometry": {"type": "Point", "coordinates": [-75.56928800026735, 39.22057299983668]}, "properties": {"name": "SPANGLER, MICHELLE", "capacity": 9.0, "stars": "Not Participating", "city": "Dover", "county": "Kent"}}, {"type": "Feature", "geometry": {"type": "Point", "coordinates": [-75.63640899989423, 39.66549699965517]}, "properties": {"name": "ROUNDTREE, DEBORAH", "capacity": 9.0, "stars": "Not Participating", "city": "New Castle", "county": "New Castle"}}, {"type": "Feature", "geometry": {"type": "Point", "coordinates": [-75.57528299984239, 39.66375499995203]}, "properties": {"name": "PASSION CARE ACADEMY II", "capacity": 152.0, "stars": "Not Participating", "city": "New Castle", "county": "New Castle"}}, {"type": "Feature", "geometry": {"type": "Point", "coordinates": [-75.62352000004545, 38.68585999971159]}, "properties": {"name": "WESTON, NEAREEN", "capacity": 9.0, "stars": "Not Participating", "city": "Seaford", "county": "Sussex"}}, {"type": "Feature", "geometry": {"type": "Point", "coordinates": [-75.5224260000657, 39.753076000089]}, "properties": {"name": "SPIRIT LIFE EARLY LEARNING CENTER", "capacity": 60.0, "stars": "Not Participating", "city": "Wilmington", "county": "New Castle"}}, {"type": "Feature", "geometry": {"type": "Point", "coordinates": [-75.65815000034935, 39.76838400020096]}, "properties": {"name": "KINDERCARE (LANCASTER PIKE)", "capacity": 149.0, "stars": "Not Participating", "city": "Hockessin", "county": "New Castle"}}, {"type": "Feature", "geometry": {"type": "Point", "coordinates": [-75.54137999980973, 39.069557000113356]}, "properties": {"name": "SMITH, STACY L", "capacity": 9.0, "stars": "Not Participating", "city": "Magnolia", "county": "Kent"}}, {"type": "Feature", "geometry": {"type": "Point", "coordinates": [-75.71143200027346, 39.61610300014752]}, "properties": {"name": "MOODY, JANET", "capacity": 9.0, "stars": "Three Stars", "city": "Newark", "county": "New Castle"}}, {"type": "Feature", "geometry": {"type": "Point", "coordinates": [-75.47902699989446, 39.78410499978405]}, "properties": {"name": "HOLLY OAK CHILD CARE CENTER", "capacity": 60.0, "stars": "Not Participating", "city": "Wilmington", "county": "New Castle"}}, {"type": "Feature", "geometry": {"type": "Point", "coordinates": [-75.68330000040818, 39.624590000082605]}, "properties": {"name": "FLEMING, ORETHA", "capacity": 9.0, "stars": "Not Participating", "city": "Newark", "county": "New Castle"}}, {"type": "Feature", "geometry": {"type": "Point", "coordinates": [-75.13421999955273, 38.52163000025917]}, "properties": {"name": "COZY CRITTERS CHILD CARE", "capacity": 115.0, "stars": "Three Stars", "city": "Frankford", "county": "Sussex"}}, {"type": "Feature", "geometry": {"type": "Point", "coordinates": [-75.47029700038519, 39.80770699990064]}, "properties": {"name": "DONGO DBA GABY'S DAY CARE LLC, MONICA", "capacity": 9.0, "stars": "Not Participating", "city": "Claymont", "county": "New Castle"}}, {"type": "Feature", "geometry": {"type": "Point", "coordinates": [-75.59943000034379, 38.674229999958634]}, "properties": {"name": "CANNON-TINGLE, RHONDALIN", "capacity": 9.0, "stars": "Not Participating", "city": "Seaford", "county": "Sussex"}}, {"type": "Feature", "geometry": {"type": "Point", "coordinates": [-75.69770999984826, 39.65107399986584]}, "properties": {"name": "ONE STEP AHEAD CHILD CARE & PRESCHOOL INC.", "capacity": 84.0, "stars": "Not Participating", "city": "Newark", "county": "New Castle"}}, {"type": "Feature", "geometry": {"type": "Point", "coordinates": [-75.61752200009737, 39.741390000077196]}, "properties": {"name": "PYRAMID LEARNING ACADEMY", "capacity": 62.0, "stars": "Not Participating", "city": "Wilmington", "county": "New Castle"}}, {"type": "Feature", "geometry": {"type": "Point", "coordinates": [-75.60844100006047, 39.302854999995816]}, "properties": {"name": "DESTINED FOR GREATNESS LEARNING CENTER INC.", "capacity": 41.0, "stars": "Not Participating", "city": "Smyrna", "county": "Kent"}}, {"type": "Feature", "geometry": {"type": "Point", "coordinates": [-75.67374999984293, 39.63472000023418]}, "properties": {"name": "ROCIO, CARMEN", "capacity": 12.0, "stars": "Not Participating", "city": "Bear", "county": "New Castle"}}, {"type": "Feature", "geometry": {"type": "Point", "coordinates": [-75.62272300035234, 39.43355499991657]}, "properties": {"name": "WILLIAMS, VIOLET", "capacity": 9.0, "stars": "Not Participating", "city": "Townsend", "county": "New Castle"}}, {"type": "Feature", "geometry": {"type": "Point", "coordinates": [-75.63790400044458, 39.64634200031908]}, "properties": {"name": "ROBERTS, YOLANDA", "capacity": 9.0, "stars": "Not Participating", "city": "Bear", "county": "New Castle"}}, {"type": "Feature", "geometry": {"type": "Point", "coordinates": [-75.48849399972075, 39.090328999923415]}, "properties": {"name": "WIECZOREK, VELDA", "capacity": 9.0, "stars": "Not Participating", "city": "Magnolia", "county": "Kent"}}, {"type": "Feature", "geometry": {"type": "Point", "coordinates": [-75.54592999996147, 39.75499000007692]}, "properties": {"name": "OPEN ARMS ACADEMY", "capacity": 74.0, "stars": "Not Participating", "city": "Wilmington", "county": "New Castle"}}, {"type": "Feature", "geometry": {"type": "Point", "coordinates": [-75.41968500009797, 38.80597099996315]}, "properties": {"name": "CHOSEN GENERATION LEARNING CENTER", "capacity": 23.0, "stars": "Not Participating", "city": "Ellendale", "county": "Sussex"}}, {"type": "Feature", "geometry": {"type": "Point", "coordinates": [-75.63088299994925, 39.73108799976326]}, "properties": {"name": "LITTLE PEOPLE COLLEGE CHILD DEVELOPMENT CENTER", "capacity": 46.0, "stars": "Not Participating", "city": "Wilmington", "county": "New Castle"}}, {"type": "Feature", "geometry": {"type": "Point", "coordinates": [-75.77800399990436, 39.60542400005259]}, "properties": {"name": "SAMUEL, DEBRA", "capacity": 9.0, "stars": "Not Participating", "city": "Newark", "county": "New Castle"}}, {"type": "Feature", "geometry": {"type": "Point", "coordinates": [-75.57703000028782, 39.68044100030845]}, "properties": {"name": "AUSTIN, SUSAN", "capacity": 9.0, "stars": "Not Participating", "city": "New Castle", "county": "New Castle"}}, {"type": "Feature", "geometry": {"type": "Point", "coordinates": [-75.69043999983089, 39.6248099999073]}, "properties": {"name": "YMCA OF DELAWARE/KEENE", "capacity": 81.0, "stars": "Not Participating", "city": "Newark", "county": "New Castle"}}, {"type": "Feature", "geometry": {"type": "Point", "coordinates": [-75.6280290001893, 39.561987999908716]}, "properties": {"name": "YMCA OF DELAWARE/SOUTHERN", "capacity": 80.0, "stars": "Five Stars", "city": "New Castle", "county": "New Castle"}}, {"type": "Feature", "geometry": {"type": "Point", "coordinates": [-75.65311899997369, 39.74673799984995]}, "properties": {"name": "BOYS & GIRLS CLUB @ BRANDYWINE SPRINGS ELEM. SCHOOL", "capacity": 585.0, "stars": "Not Participating", "city": "Wilmington", "county": "New Castle"}}, {"type": "Feature", "geometry": {"type": "Point", "coordinates": [-75.410280000196, 38.80269999973061]}, "properties": {"name": "HAND-N-HAND EARLY LEARNING CENTER, INC.", "capacity": 25.0, "stars": "Not Participating", "city": "Ellendale", "county": "Sussex"}}, {"type": "Feature", "geometry": {"type": "Point", "coordinates": [-75.54696600002917, 39.79217499998862]}, "properties": {"name": "ALDERSGATE PRESCHOOL", "capacity": 47.0, "stars": "Five Stars", "city": "Wilmington", "county": "New Castle"}}, {"type": "Feature", "geometry": {"type": "Point", "coordinates": [-75.70017299979594, 39.66625499978449]}, "properties": {"name": "PORTLOCK, LYNNE", "capacity": 9.0, "stars": "Five Stars", "city": "Newark", "county": "New Castle"}}, {"type": "Feature", "geometry": {"type": "Point", "coordinates": [-75.12415000020208, 38.56172000019857]}, "properties": {"name": "VILLAGE SQUARE ACADEMY LEARNING CENTER, LLC", "capacity": 51.0, "stars": "Not Participating", "city": "Ocean View", "county": "Sussex"}}, {"type": "Feature", "geometry": {"type": "Point", "coordinates": [-75.6798170002863, 39.69413499976885]}, "properties": {"name": "LYONS, PATRICIA", "capacity": 9.0, "stars": "Not Participating", "city": "Newark", "county": "New Castle"}}, {"type": "Feature", "geometry": {"type": "Point", "coordinates": [-75.6793529997808, 39.64588600012951]}, "properties": {"name": "JAMAL, SALMA", "capacity": 9.0, "stars": "Not Participating", "city": "Newark", "county": "New Castle"}}, {"type": "Feature", "geometry": {"type": "Point", "coordinates": [-75.62481700022909, 39.43321399968671]}, "properties": {"name": "ODESSA EARLY EDUCATION CENTER", "capacity": 12.0, "stars": "Not Participating", "city": "Townsend", "county": "New Castle"}}, {"type": "Feature", "geometry": {"type": "Point", "coordinates": [-75.54468700020452, 39.83373800008389]}, "properties": {"name": "ACKER, TONYA", "capacity": 9.0, "stars": "Starting with Stars", "city": "Wilmington", "county": "New Castle"}}, {"type": "Feature", "geometry": {"type": "Point", "coordinates": [-75.5801829997985, 38.92506699986075]}, "properties": {"name": "WHITE, MARDELLA", "capacity": 9.0, "stars": "Not Participating", "city": "Harrington", "county": "Kent"}}, {"type": "Feature", "geometry": {"type": "Point", "coordinates": [-75.31476300021488, 38.78702100013555]}, "properties": {"name": "WILLIAMS, MAXCINE", "capacity": 6.0, "stars": "Not Participating", "city": "Milton", "county": "Sussex"}}, {"type": "Feature", "geometry": {"type": "Point", "coordinates": [-75.57174600019216, 39.67190799978013]}, "properties": {"name": "MILLER, FREDDIE", "capacity": 6.0, "stars": "Not Participating", "city": "New Castle", "county": "New Castle"}}, {"type": "Feature", "geometry": {"type": "Point", "coordinates": [-75.64100000005384, 39.498200000204186]}, "properties": {"name": "KUEHN, ROCHELLE", "capacity": 9.0, "stars": "Not Participating", "city": "Middletown", "county": "New Castle"}}, {"type": "Feature", "geometry": {"type": "Point", "coordinates": [-75.52820300008088, 38.92823000010874]}, "properties": {"name": "SHELL'S EARLY LEARNING CENTER-HARRINGTON", "capacity": 78.0, "stars": "Not Participating", "city": "Harrington", "county": "Kent"}}, {"type": "Feature", "geometry": {"type": "Point", "coordinates": [-75.760603000437, 39.68573500022916]}, "properties": {"name": "THORNTON, BARBARA", "capacity": 9.0, "stars": "Not Participating", "city": "Newark", "county": "New Castle"}}, {"type": "Feature", "geometry": {"type": "Point", "coordinates": [-75.68568800001279, 39.3357369997021]}, "properties": {"name": "BELLEMARE, JESSICA", "capacity": 9.0, "stars": "Not Participating", "city": "Smyrna", "county": "New Castle"}}, {"type": "Feature", "geometry": {"type": "Point", "coordinates": [-75.7403499999612, 39.48031999984885]}, "properties": {"name": "HANNA, NANCY", "capacity": 6.0, "stars": "Not Participating", "city": "Middletown", "county": "New Castle"}}, {"type": "Feature", "geometry": {"type": "Point", "coordinates": [-75.71946999967163, 39.53667900012538]}, "properties": {"name": "HADLEY, SUSAN", "capacity": 9.0, "stars": "Not Participating", "city": "Middletown", "county": "New Castle"}}, {"type": "Feature", "geometry": {"type": "Point", "coordinates": [-75.53580399963603, 39.748423999732466]}, "properties": {"name": "COLEMAN, TAMIRAH", "capacity": 9.0, "stars": "Not Participating", "city": "Wilmington", "county": "New Castle"}}, {"type": "Feature", "geometry": {"type": "Point", "coordinates": [-75.61229999992598, 38.64590000027198]}, "properties": {"name": "BOGLE, GEORGIANNA", "capacity": 9.0, "stars": "Not Participating", "city": "Seaford", "county": "Sussex"}}, {"type": "Feature", "geometry": {"type": "Point", "coordinates": [-75.52314400011612, 39.76008600021809]}, "properties": {"name": "CHRISTOPHER EARLY LEARNING CENTER INC.", "capacity": 49.0, "stars": "Not Participating", "city": "Wilmington", "county": "New Castle"}}, {"type": "Feature", "geometry": {"type": "Point", "coordinates": [-75.55159999984649, 38.710500000305885]}, "properties": {"name": "MAPP, DEBORA", "capacity": 9.0, "stars": "Not Participating", "city": "Bridgeville", "county": "Sussex"}}, {"type": "Feature", "geometry": {"type": "Point", "coordinates": [-75.46486400032661, 39.009279999715794]}, "properties": {"name": "RENTZ, TAMMIE", "capacity": 9.0, "stars": "Not Participating", "city": "Frederica", "county": "Kent"}}, {"type": "Feature", "geometry": {"type": "Point", "coordinates": [-75.5621169999842, 39.7086100001175]}, "properties": {"name": "CARSON, MARIVIC", "capacity": 9.0, "stars": "Not Participating", "city": "New Castle", "county": "New Castle"}}, {"type": "Feature", "geometry": {"type": "Point", "coordinates": [-75.61659999983247, 38.643408999777456]}, "properties": {"name": "FRISBY, LACONNIA", "capacity": 9.0, "stars": "Not Participating", "city": "Seaford", "county": "Sussex"}}, {"type": "Feature", "geometry": {"type": "Point", "coordinates": [-75.65951000028217, 39.62981000004811]}, "properties": {"name": "HENDERSON, NADINE", "capacity": 6.0, "stars": "Not Participating", "city": "Bear", "county": "New Castle"}}, {"type": "Feature", "geometry": {"type": "Point", "coordinates": [-75.55461199979018, 39.70632199995144]}, "properties": {"name": "MADDREY, TONDA", "capacity": 9.0, "stars": "Not Participating", "city": "Wilmington", "county": "New Castle"}}, {"type": "Feature", "geometry": {"type": "Point", "coordinates": [-75.75127700017772, 39.561446000044015]}, "properties": {"name": "MALLICK, MOBINA", "capacity": 9.0, "stars": "Not Participating", "city": "Bear", "county": "New Castle"}}, {"type": "Feature", "geometry": {"type": "Point", "coordinates": [-75.69772200044213, 39.74463199971451]}, "properties": {"name": "TUTOR TIME CHILD CARE LEARNING CENTER", "capacity": 196.0, "stars": "Not Participating", "city": "Wilmington", "county": "New Castle"}}, {"type": "Feature", "geometry": {"type": "Point", "coordinates": [-75.6178910001683, 39.64061300019349]}, "properties": {"name": "BEGINNING BLESSINGS CHILDCARE LLC", "capacity": 12.0, "stars": "Three Stars", "city": "New Castle", "county": "New Castle"}}, {"type": "Feature", "geometry": {"type": "Point", "coordinates": [-75.25419000035699, 38.72693199992457]}, "properties": {"name": "EDWARDS, CHRISTA", "capacity": 9.0, "stars": "Not Participating", "city": "Milton", "county": "Sussex"}}, {"type": "Feature", "geometry": {"type": "Point", "coordinates": [-75.71725600014429, 39.44130000028887]}, "properties": {"name": "WIESNER, CRYSTAL", "capacity": 6.0, "stars": "Not Participating", "city": "Middletown", "county": "New Castle"}}, {"type": "Feature", "geometry": {"type": "Point", "coordinates": [-75.64493099988937, 39.63892100018139]}, "properties": {"name": "VIDAL, ERIKA", "capacity": 9.0, "stars": "Five Stars", "city": "Bear", "county": "New Castle"}}, {"type": "Feature", "geometry": {"type": "Point", "coordinates": [-75.68926800021904, 39.56546600010245]}, "properties": {"name": "WEE CARE LARGE FAMILY CHILD CARE", "capacity": 12.0, "stars": "Not Participating", "city": "Bear", "county": "New Castle"}}, {"type": "Feature", "geometry": {"type": "Point", "coordinates": [-75.6769169995973, 39.583488999936286]}, "properties": {"name": "PASSION CARE SERVICES INC", "capacity": 71.0, "stars": "Not Participating", "city": "Bear", "county": "New Castle"}}, {"type": "Feature", "geometry": {"type": "Point", "coordinates": [-75.49368999995286, 39.127520000095565]}, "properties": {"name": "JACKSON, DEBORAH", "capacity": 9.0, "stars": "Not Participating", "city": "Dover", "county": "Kent"}}, {"type": "Feature", "geometry": {"type": "Point", "coordinates": [-75.68395399998616, 39.624908000025506]}, "properties": {"name": "BROWN, LISHA", "capacity": 9.0, "stars": "Three Stars", "city": "Newark", "county": "New Castle"}}, {"type": "Feature", "geometry": {"type": "Point", "coordinates": [-75.715250999956, 39.44970800011071]}, "properties": {"name": "BETHESDA CHILD DEVELOPMENT CENTER", "capacity": 132.0, "stars": "Five Stars", "city": "Middletown", "county": "New Castle"}}, {"type": "Feature", "geometry": {"type": "Point", "coordinates": [-75.10988999965154, 38.71738999984516]}, "properties": {"name": "EPWORTH PRESCHOOL", "capacity": 80.0, "stars": "Not Participating", "city": "Rehoboth Beach", "county": "Sussex"}}, {"type": "Feature", "geometry": {"type": "Point", "coordinates": [-75.14199599990837, 38.772224000070715]}, "properties": {"name": "BETHEL CHRISTIAN SCHOOL", "capacity": 70.0, "stars": "Not Participating", "city": "Lewes", "county": "Sussex"}}, {"type": "Feature", "geometry": {"type": "Point", "coordinates": [-75.43119999977024, 38.91439999997969]}, "properties": {"name": "AVENUE PRESCHOOL", "capacity": 80.0, "stars": "Not Participating", "city": "Milford", "county": "Kent"}}, {"type": "Feature", "geometry": {"type": "Point", "coordinates": [-75.58146400008859, 39.681364000183635]}, "properties": {"name": "WALTZ, BARBARA", "capacity": 9.0, "stars": "Not Participating", "city": "New Castle", "county": "New Castle"}}, {"type": "Feature", "geometry": {"type": "Point", "coordinates": [-75.69019999963137, 39.63929999966748]}, "properties": {"name": "THE LEARNING EXPRESS", "capacity": 200.0, "stars": "Not Participating", "city": "Newark", "county": "New Castle"}}, {"type": "Feature", "geometry": {"type": "Point", "coordinates": [-75.30066000002314, 38.58177999986097]}, "properties": {"name": "CHANDLER, FRANCINE", "capacity": 9.0, "stars": "Not Participating", "city": "Millsboro", "county": "Sussex"}}, {"type": "Feature", "geometry": {"type": "Point", "coordinates": [-75.64887599996861, 39.712431000115004]}, "properties": {"name": "ST. MARK'S PRE-KINDERGARTEN & KINDERGARTEN", "capacity": 230.0, "stars": "Not Participating", "city": "Wilmington", "county": "New Castle"}}, {"type": "Feature", "geometry": {"type": "Point", "coordinates": [-75.32898799970702, 38.78720399995632]}, "properties": {"name": "SHELL'S EARLY LEARNING CENTER - MILTON, INC.", "capacity": 110.0, "stars": "Not Participating", "city": "Milton", "county": "Sussex"}}, {"type": "Feature", "geometry": {"type": "Point", "coordinates": [-75.57263800031983, 39.793983999683306]}, "properties": {"name": "NEMOURS CHILD DEVELOPMENT CENTER", "capacity": 346.0, "stars": "Not Participating", "city": "Wilmington", "county": "New Castle"}}, {"type": "Feature", "geometry": {"type": "Point", "coordinates": [-75.6241000000036, 39.361299999755374]}, "properties": {"name": "WASHINGTON, CHASITY", "capacity": 9.0, "stars": "Not Participating", "city": "Townsend", "county": "New Castle"}}, {"type": "Feature", "geometry": {"type": "Point", "coordinates": [-75.6949890001577, 39.44475400006689]}, "properties": {"name": "ST. ANNE'S EPISCOPAL SCHOOL, INC.", "capacity": 99.0, "stars": "Not Participating", "city": "Middletown", "county": "New Castle"}}, {"type": "Feature", "geometry": {"type": "Point", "coordinates": [-75.52677000035312, 39.75846000002626]}, "properties": {"name": "RWO BABY", "capacity": 74.0, "stars": "Not Participating", "city": "Wilmington", "county": "New Castle"}}, {"type": "Feature", "geometry": {"type": "Point", "coordinates": [-75.65502200005471, 39.61932800020919]}, "properties": {"name": "TILEY, ROXANNE", "capacity": 9.0, "stars": "Not Participating", "city": "New Castle", "county": "New Castle"}}, {"type": "Feature", "geometry": {"type": "Point", "coordinates": [-75.68096999963157, 39.781701999707096]}, "properties": {"name": "ST. MARY'S PRESCHOOL", "capacity": 160.0, "stars": "Not Participating", "city": "Hockessin", "county": "New Castle"}}, {"type": "Feature", "geometry": {"type": "Point", "coordinates": [-75.31935000017651, 38.61338999985827]}, "properties": {"name": "MUMFORD, EUGENIA", "capacity": 9.0, "stars": "Not Participating", "city": "Millsboro", "county": "Sussex"}}, {"type": "Feature", "geometry": {"type": "Point", "coordinates": [-75.75073999987728, 39.683280000301764]}, "properties": {"name": "NEWARK METHODIST PRESCHOOL", "capacity": 165.0, "stars": "Not Participating", "city": "Newark", "county": "New Castle"}}, {"type": "Feature", "geometry": {"type": "Point", "coordinates": [-75.52428300011599, 39.768982999710225]}, "properties": {"name": "SELBY, IRENE", "capacity": 9.0, "stars": "Not Participating", "city": "Wilmington", "county": "New Castle"}}, {"type": "Feature", "geometry": {"type": "Point", "coordinates": [-75.65935700012129, 39.71572199974339]}, "properties": {"name": "DEVELOPING MINDS PRESCHOOL & LEARNING CENTER, INC.", "capacity": 67.0, "stars": "Not Participating", "city": "Wilmington", "county": "New Castle"}}, {"type": "Feature", "geometry": {"type": "Point", "coordinates": [-75.52872799978744, 39.13589600033506]}, "properties": {"name": "TENDER HEARTS LEARNING CENTER", "capacity": 97.0, "stars": "Not Participating", "city": "Dover", "county": "Kent"}}, {"type": "Feature", "geometry": {"type": "Point", "coordinates": [-75.36450000009283, 38.4848900001078]}, "properties": {"name": "SPLASH BAY SHORE DAY SCHOOL", "capacity": 132.0, "stars": "Not Participating", "city": "Millsboro", "county": "Sussex"}}, {"type": "Feature", "geometry": {"type": "Point", "coordinates": [-75.57674999990533, 39.03157000003073]}, "properties": {"name": "COLE, ELIZABETH", "capacity": 9.0, "stars": "Not Participating", "city": "Felton", "county": "Kent"}}, {"type": "Feature", "geometry": {"type": "Point", "coordinates": [-75.58440499988717, 39.692894999751395]}, "properties": {"name": "OYOLA, VIVIANA", "capacity": 9.0, "stars": "Not Participating", "city": "New Castle", "county": "New Castle"}}, {"type": "Feature", "geometry": {"type": "Point", "coordinates": [-75.68453599959413, 39.74701399966603]}, "properties": {"name": "INTERNATIONAL MONTESSORI SCHOOL OF WILMINGTON", "capacity": 96.0, "stars": "Not Participating", "city": "Wilmington", "county": "New Castle"}}, {"type": "Feature", "geometry": {"type": "Point", "coordinates": [-75.55019399988292, 39.707045000167675]}, "properties": {"name": "LAWRENCE, LINDA", "capacity": 9.0, "stars": "Not Participating", "city": "New Castle", "county": "New Castle"}}, {"type": "Feature", "geometry": {"type": "Point", "coordinates": [-75.58652999972605, 39.08423000018015]}, "properties": {"name": "SKODZINSKI, MARY", "capacity": 9.0, "stars": "Not Participating", "city": "Camden Wyoming", "county": "Kent"}}, {"type": "Feature", "geometry": {"type": "Point", "coordinates": [-75.64323899969554, 38.99645099978607]}, "properties": {"name": "WORTHINGTON, KELLY", "capacity": 9.0, "stars": "Not Participating", "city": "Felton", "county": "Kent"}}, {"type": "Feature", "geometry": {"type": "Point", "coordinates": [-75.57419999991902, 38.46059999991194]}, "properties": {"name": "POWELL, PANSY", "capacity": 9.0, "stars": "Not Participating", "city": "Delmar", "county": "Sussex"}}, {"type": "Feature", "geometry": {"type": "Point", "coordinates": [-75.58537499983264, 38.81257100004521]}, "properties": {"name": "COUNTRY KIDS CHILD CARE & LEARNING CENTER LLC", "capacity": 39.0, "stars": "Three Stars", "city": "Greenwood", "county": "Sussex"}}, {"type": "Feature", "geometry": {"type": "Point", "coordinates": [-75.5419199995849, 39.11363300013432]}, "properties": {"name": "WHATCOAT CHRISTIAN PRESCHOOL", "capacity": 36.0, "stars": "Not Participating", "city": "Camden", "county": "Kent"}}, {"type": "Feature", "geometry": {"type": "Point", "coordinates": [-75.62676700016578, 39.63718799985705]}, "properties": {"name": "HALL DBA MS. KIM'S DAY CARE LLC, KIMBERLEY", "capacity": 6.0, "stars": "Not Participating", "city": "New Castle", "county": "New Castle"}}, {"type": "Feature", "geometry": {"type": "Point", "coordinates": [-75.4295999996379, 38.798300000085305]}, "properties": {"name": "MCGLOTTEN, JAMESNETTA", "capacity": 9.0, "stars": "Starting with Stars", "city": "Ellendale", "county": "Sussex"}}, {"type": "Feature", "geometry": {"type": "Point", "coordinates": [-75.52115399999646, 39.17492800000121]}, "properties": {"name": "CHILDREN FIRST LEARNING CENTER, INC.", "capacity": 60.0, "stars": "Not Participating", "city": "Dover", "county": "Kent"}}, {"type": "Feature", "geometry": {"type": "Point", "coordinates": [-75.68604600021308, 39.500331000051155]}, "properties": {"name": "YMCA OF DELAWARE/CEDAR LANE", "capacity": 60.0, "stars": "Five Stars", "city": "Middletown", "county": "New Castle"}}, {"type": "Feature", "geometry": {"type": "Point", "coordinates": [-75.2012699999328, 38.61363999974322]}, "properties": {"name": "BOYS & GIRLS CLUB @ OAK ORCHARD", "capacity": 158.0, "stars": "Not Participating", "city": "Millsboro", "county": "Sussex"}}, {"type": "Feature", "geometry": {"type": "Point", "coordinates": [-75.57089900027033, 38.56197099977353]}, "properties": {"name": "BOYS & GIRLS CLUB @ LAUREL", "capacity": 138.0, "stars": "Not Participating", "city": "Laurel", "county": "Sussex"}}, {"type": "Feature", "geometry": {"type": "Point", "coordinates": [-75.56756000008849, 39.743912999787966]}, "properties": {"name": "FRESH START CHILD CARE ACADEMY", "capacity": 45.0, "stars": "Two Stars", "city": "Wilmington", "county": "New Castle"}}, {"type": "Feature", "geometry": {"type": "Point", "coordinates": [-75.56760899959399, 39.74237099989646]}, "properties": {"name": "JOHNSON, UNIKKA", "capacity": 9.0, "stars": "Not Participating", "city": "Wilmington", "county": "New Castle"}}, {"type": "Feature", "geometry": {"type": "Point", "coordinates": [-75.54942999980177, 39.80672499995763]}, "properties": {"name": "BRANDYWINE VALLEY CHRISTIAN PRESCHOOL", "capacity": 96.0, "stars": "Not Participating", "city": "Wilmington", "county": "New Castle"}}, {"type": "Feature", "geometry": {"type": "Point", "coordinates": [-75.50471500007865, 39.807013000146426]}, "properties": {"name": "YMCA OF DELAWARE / FORWOOD", "capacity": 50.0, "stars": "Not Participating", "city": "Wilmington", "county": "New Castle"}}, {"type": "Feature", "geometry": {"type": "Point", "coordinates": [-75.49687699979873, 39.82397399991717]}, "properties": {"name": "YMCA OF DELAWARE / LANCASHIRE", "capacity": 65.0, "stars": "Not Participating", "city": "Wilmington", "county": "New Castle"}}, {"type": "Feature", "geometry": {"type": "Point", "coordinates": [-75.52502399973262, 39.81990400029483]}, "properties": {"name": "YMCA OF DELAWARE / HANBY", "capacity": 45.0, "stars": "Not Participating", "city": "Wilmington", "county": "New Castle"}}, {"type": "Feature", "geometry": {"type": "Point", "coordinates": [-75.53782200024311, 39.78428300003087]}, "properties": {"name": "YMCA OF DELAWARE / LOMBARDY", "capacity": 65.0, "stars": "Not Participating", "city": "Wilmington", "county": "New Castle"}}, {"type": "Feature", "geometry": {"type": "Point", "coordinates": [-75.55456499993451, 39.74729699989597]}, "properties": {"name": "MINISTRY OF CARING / IL BAMBINO", "capacity": 24.0, "stars": "Not Participating", "city": "Wilmington", "county": "New Castle"}}, {"type": "Feature", "geometry": {"type": "Point", "coordinates": [-75.64431400012133, 39.6292760000414]}, "properties": {"name": "WRONOWICZ, LORI", "capacity": 9.0, "stars": "Not Participating", "city": "New Castle", "county": "New Castle"}}, {"type": "Feature", "geometry": {"type": "Point", "coordinates": [-75.68684799992907, 39.45484699987942]}, "properties": {"name": "BOYS & GIRLS CLUB @ BRICK MILL ELEMENTARY", "capacity": 105.0, "stars": "Not Participating", "city": "Middletown", "county": "New Castle"}}, {"type": "Feature", "geometry": {"type": "Point", "coordinates": [-75.56157800003393, 39.74503900026017]}, "properties": {"name": "LA FIESTA II", "capacity": 131.0, "stars": "Not Participating", "city": "Wilmington", "county": "New Castle"}}, {"type": "Feature", "geometry": {"type": "Point", "coordinates": [-75.73647500020216, 39.662651999891054]}, "properties": {"name": "NEWARK CHRISTIAN CHILD CARE", "capacity": 132.0, "stars": "Not Participating", "city": "Newark", "county": "New Castle"}}, {"type": "Feature", "geometry": {"type": "Point", "coordinates": [-75.71138200004475, 39.71317900002524]}, "properties": {"name": "PIKE CREEK CHRISTIAN PRE SCHOOL", "capacity": 83.0, "stars": "Not Participating", "city": "Newark", "county": "New Castle"}}, {"type": "Feature", "geometry": {"type": "Point", "coordinates": [-75.73965000035248, 39.65462400025563]}, "properties": {"name": "RICE, SHAMANDA", "capacity": 6.0, "stars": "Not Participating", "city": "Newark", "county": "New Castle"}}, {"type": "Feature", "geometry": {"type": "Point", "coordinates": [-75.62158299962924, 38.77629899993365]}, "properties": {"name": "GEHMAN, LETICIA", "capacity": 9.0, "stars": "Not Participating", "city": "Bridgeville", "county": "Sussex"}}, {"type": "Feature", "geometry": {"type": "Point", "coordinates": [-75.46402900010035, 39.80277799997277]}, "properties": {"name": "BRANDYWINE CHILDCARE AND PRESCHOOL, INC.", "capacity": 153.0, "stars": "Not Participating", "city": "Claymont", "county": "New Castle"}}, {"type": "Feature", "geometry": {"type": "Point", "coordinates": [-75.46323599970688, 39.80337099967495]}, "properties": {"name": "YMCA OF DELAWARE / CLAYMONT", "capacity": 50.0, "stars": "Not Participating", "city": "Claymont", "county": "New Castle"}}, {"type": "Feature", "geometry": {"type": "Point", "coordinates": [-75.50320000033513, 39.78762500012954]}, "properties": {"name": "YMCA OF DELAWARE / CARRCROFT", "capacity": 53.0, "stars": "Not Participating", "city": "Wilmington", "county": "New Castle"}}, {"type": "Feature", "geometry": {"type": "Point", "coordinates": [-75.75249999984318, 39.68317999992038]}, "properties": {"name": "UNIVERSITY OF DELAWARE EARLY LEARNING CENTER", "capacity": 321.0, "stars": "Not Participating", "city": "Newark", "county": "New Castle"}}, {"type": "Feature", "geometry": {"type": "Point", "coordinates": [-75.56009900027543, 39.090177999970706]}, "properties": {"name": "WOOD, MELISSA", "capacity": 9.0, "stars": "Not Participating", "city": "Dover", "county": "Kent"}}, {"type": "Feature", "geometry": {"type": "Point", "coordinates": [-75.6907290004342, 39.621095999930624]}, "properties": {"name": "BOYS & GIRLS CLUB OF GREATER NEWARK", "capacity": 150.0, "stars": "Not Participating", "city": "Newark", "county": "New Castle"}}, {"type": "Feature", "geometry": {"type": "Point", "coordinates": [-75.59523699966913, 39.68883600033712]}, "properties": {"name": "DUTTON, TAMMY", "capacity": 9.0, "stars": "Not Participating", "city": "New Castle", "county": "New Castle"}}, {"type": "Feature", "geometry": {"type": "Point", "coordinates": [-75.0904699997522, 38.70829999993808]}, "properties": {"name": "YMCA OF DELAWARE/REHOBOTH", "capacity": 100.0, "stars": "Not Participating", "city": "Rehoboth Beach", "county": "Sussex"}}, {"type": "Feature", "geometry": {"type": "Point", "coordinates": [-75.1454199995807, 38.768549999715944]}, "properties": {"name": "YMCA OF DELAWARE/LEWES ELEMENTARY", "capacity": 96.0, "stars": "Not Participating", "city": "Lewes", "county": "Sussex"}}, {"type": "Feature", "geometry": {"type": "Point", "coordinates": [-75.52710400026396, 39.81076600013222]}, "properties": {"name": "CONCORDIA PRESCHOOL", "capacity": 152.0, "stars": "Not Participating", "city": "Wilmington", "county": "New Castle"}}, {"type": "Feature", "geometry": {"type": "Point", "coordinates": [-75.53619799982133, 39.76493399969282]}, "properties": {"name": "RAYFIELD, VERLYN", "capacity": 8.0, "stars": "Not Participating", "city": "Wilmington", "county": "New Castle"}}, {"type": "Feature", "geometry": {"type": "Point", "coordinates": [-75.61048999973137, 38.720599000165755]}, "properties": {"name": "LOFLAND, MARLETTE", "capacity": 9.0, "stars": "Not Participating", "city": "Bridgeville", "county": "Sussex"}}, {"type": "Feature", "geometry": {"type": "Point", "coordinates": [-75.4719250001066, 39.818029000087684]}, "properties": {"name": "ASMA, NURE", "capacity": 9.0, "stars": "Not Participating", "city": "Wilmington", "county": "New Castle"}}, {"type": "Feature", "geometry": {"type": "Point", "coordinates": [-75.46507000019095, 39.82215400021566]}, "properties": {"name": "FOULK PRESCHOOL (CARPENTER STATION ROAD)", "capacity": 60.0, "stars": "Not Participating", "city": "Wilmington", "county": "New Castle"}}, {"type": "Feature", "geometry": {"type": "Point", "coordinates": [-75.60108499982938, 39.30387799975877]}, "properties": {"name": "BOYS & GIRLS CLUB @ SMYRNA CLAYTON", "capacity": 125.0, "stars": "Not Participating", "city": "Smyrna", "county": "Kent"}}, {"type": "Feature", "geometry": {"type": "Point", "coordinates": [-75.54465000039458, 39.18344999988436]}, "properties": {"name": "YMCA OF DELAWARE/NORTH DOVER", "capacity": 50.0, "stars": "Not Participating", "city": "Dover", "county": "Kent"}}, {"type": "Feature", "geometry": {"type": "Point", "coordinates": [-75.48438399978507, 39.790721999735815]}, "properties": {"name": "CLARKE, SHARI", "capacity": 9.0, "stars": "Not Participating", "city": "Wilmington", "county": "New Castle"}}, {"type": "Feature", "geometry": {"type": "Point", "coordinates": [-75.69646399971823, 39.59501599966322]}, "properties": {"name": "KIDZ INK II", "capacity": 199.0, "stars": "Five Stars", "city": "Bear", "county": "New Castle"}}, {"type": "Feature", "geometry": {"type": "Point", "coordinates": [-75.55332999967519, 39.809630000340626]}, "properties": {"name": "SIEGEL JCC OF WILMINGTON / KIDSPLACE", "capacity": 96.0, "stars": "Not Participating", "city": "Wilmington", "county": "New Castle"}}, {"type": "Feature", "geometry": {"type": "Point", "coordinates": [-75.13250999981554, 38.732079999747995]}, "properties": {"name": "KIDS COTTAGE", "capacity": 162.0, "stars": "Not Participating", "city": "Rehoboth Beach", "county": "Sussex"}}, {"type": "Feature", "geometry": {"type": "Point", "coordinates": [-75.69856000014315, 39.613050000260934]}, "properties": {"name": "GREAT NEW BEGINNINGS OF ST. ANDREWS", "capacity": 161.0, "stars": "Not Participating", "city": "Bear", "county": "New Castle"}}, {"type": "Feature", "geometry": {"type": "Point", "coordinates": [-75.591799999578, 39.25150000024999]}, "properties": {"name": "EXPANDING OUR KID'S WORLD INC.", "capacity": 134.0, "stars": "Not Participating", "city": "Smyrna", "county": "Kent"}}, {"type": "Feature", "geometry": {"type": "Point", "coordinates": [-75.38625300024353, 38.69191399998508]}, "properties": {"name": "BOYS & GIRLS CLUB @ GEORGETOWN ROBINSON SITE", "capacity": 110.0, "stars": "Not Participating", "city": "Georgetown", "county": "Sussex"}}, {"type": "Feature", "geometry": {"type": "Point", "coordinates": [-75.1966650004278, 38.673861000306026]}, "properties": {"name": "FRECH, KELLY", "capacity": 9.0, "stars": "Not Participating", "city": "Lewes", "county": "Sussex"}}, {"type": "Feature", "geometry": {"type": "Point", "coordinates": [-75.52514799958116, 39.76027099994493]}, "properties": {"name": "MOORE, JUANITA", "capacity": 9.0, "stars": "Not Participating", "city": "Wilmington", "county": "New Castle"}}, {"type": "Feature", "geometry": {"type": "Point", "coordinates": [-75.26099000002108, 38.54579999986652]}, "properties": {"name": "BOYS & GIRLS CLUB @ DAGSBORO", "capacity": 212.0, "stars": "Not Participating", "city": "Dagsboro", "county": "Sussex"}}, {"type": "Feature", "geometry": {"type": "Point", "coordinates": [-75.6122439998495, 39.30489799979402]}, "properties": {"name": "BOYS & GIRLS CLUB @ NORTH SMYRNA ELEMENTARY SCHOOL", "capacity": 153.0, "stars": "Not Participating", "city": "Smyrna", "county": "Kent"}}, {"type": "Feature", "geometry": {"type": "Point", "coordinates": [-75.6370900001347, 39.28825000016284]}, "properties": {"name": "BOYS & GIRLS CLUB @ CLAYTON ELEMENTARY SCHOOL", "capacity": 69.0, "stars": "Not Participating", "city": "Clayton", "county": "Kent"}}, {"type": "Feature", "geometry": {"type": "Point", "coordinates": [-75.60808299986019, 39.29654999992609]}, "properties": {"name": "BOYS & GIRLS CLUB @ SMYRNA ELEMENTARY SCHOOL", "capacity": 64.0, "stars": "Not Participating", "city": "Smyrna", "county": "Kent"}}, {"type": "Feature", "geometry": {"type": "Point", "coordinates": [-75.75863000003577, 39.61697000026148]}, "properties": {"name": "BRIGHT NEW SCHOLARS ACADEMY", "capacity": 144.0, "stars": "Not Participating", "city": "Newark", "county": "New Castle"}}, {"type": "Feature", "geometry": {"type": "Point", "coordinates": [-75.67844399993469, 39.68798100033095]}, "properties": {"name": "SABAHAT, REHANA", "capacity": 9.0, "stars": "Not Participating", "city": "Newark", "county": "New Castle"}}, {"type": "Feature", "geometry": {"type": "Point", "coordinates": [-75.60647400040534, 39.64259500029606]}, "properties": {"name": "KUGMEH, PAULINE", "capacity": 9.0, "stars": "Two Stars", "city": "New Castle", "county": "New Castle"}}, {"type": "Feature", "geometry": {"type": "Point", "coordinates": [-75.5616240000647, 39.74521999974753]}, "properties": {"name": "LACC LEARNING CENTER", "capacity": 160.0, "stars": "Not Participating", "city": "Wilmington", "county": "New Castle"}}, {"type": "Feature", "geometry": {"type": "Point", "coordinates": [-75.75241199997963, 39.561399000192225]}, "properties": {"name": "KILLIKELLY, DIANETTA", "capacity": 9.0, "stars": "Not Participating", "city": "Bear", "county": "New Castle"}}, {"type": "Feature", "geometry": {"type": "Point", "coordinates": [-75.55878600019828, 39.749154999958606]}, "properties": {"name": "LACC LEARNING CENTER @ LEWIS ELEMENTARY", "capacity": 100.0, "stars": "Not Participating", "city": "Wilmington", "county": "New Castle"}}, {"type": "Feature", "geometry": {"type": "Point", "coordinates": [-75.57241700038689, 39.746013999803054]}, "properties": {"name": "HEAVENLY ANGELS II", "capacity": 12.0, "stars": "Not Participating", "city": "Wilmington", "county": "New Castle"}}, {"type": "Feature", "geometry": {"type": "Point", "coordinates": [-75.54542299979825, 39.74146100002524]}, "properties": {"name": "LUCY'S LITTLE ANGELS", "capacity": 12.0, "stars": "Two Stars", "city": "Wilmington", "county": "New Castle"}}, {"type": "Feature", "geometry": {"type": "Point", "coordinates": [-75.62512799967539, 38.52389100029268]}, "properties": {"name": "BEGINNING BRIDGES CHILD CARE", "capacity": 12.0, "stars": "Not Participating", "city": "Laurel", "county": "Sussex"}}, {"type": "Feature", "geometry": {"type": "Point", "coordinates": [-75.7083440001618, 39.674896999804226]}, "properties": {"name": "KISER, JACKQULINE", "capacity": 9.0, "stars": "Not Participating", "city": "Newark", "county": "New Castle"}}, {"type": "Feature", "geometry": {"type": "Point", "coordinates": [-75.7760000004393, 39.68000000021066]}, "properties": {"name": "NEWARK PARKS & RECREATION BEFORE & AFTER SCHOOL CARE@DOWNES", "capacity": 75.0, "stars": "Not Participating", "city": "Newark", "county": "New Castle"}}, {"type": "Feature", "geometry": {"type": "Point", "coordinates": [-75.53698600019194, 39.74749300002064]}, "properties": {"name": "BOYS & GIRLS CLUB @ H. FLETCHER BROWN", "capacity": 161.0, "stars": "Not Participating", "city": "Wilmington", "county": "New Castle"}}, {"type": "Feature", "geometry": {"type": "Point", "coordinates": [-75.65547099959329, 39.619067000162204]}, "properties": {"name": "RICHARDSON, NICA", "capacity": 9.0, "stars": "Not Participating", "city": "New Castle", "county": "New Castle"}}, {"type": "Feature", "geometry": {"type": "Point", "coordinates": [-75.57399900007756, 39.7476390001529]}, "properties": {"name": "KIDZ KLUB CHILDCARE", "capacity": 12.0, "stars": "Not Participating", "city": "Wilmington", "county": "New Castle"}}, {"type": "Feature", "geometry": {"type": "Point", "coordinates": [-75.45960399962209, 39.0491600002501]}, "properties": {"name": "BOYS & GIRLS CLUB @ LAKE FOREST (EAST)", "capacity": 118.0, "stars": "Not Participating", "city": "Frederica", "county": "Kent"}}, {"type": "Feature", "geometry": {"type": "Point", "coordinates": [-75.58748999962577, 38.80464000025986]}, "properties": {"name": "BOYS & GIRLS CLUB @ WOODBRIDGE ELEMENTARY SCHOOL", "capacity": 75.0, "stars": "Not Participating", "city": "Greenwood", "county": "Sussex"}}, {"type": "Feature", "geometry": {"type": "Point", "coordinates": [-75.69435999979575, 39.45459999995984]}, "properties": {"name": "OCALAGAN, VICKEY", "capacity": 9.0, "stars": "Not Participating", "city": "Middletown", "county": "New Castle"}}, {"type": "Feature", "geometry": {"type": "Point", "coordinates": [-75.58026999983711, 39.0095400002506]}, "properties": {"name": "BOYS & GIRLS CLUB @ LAKE FOREST (NORTH)", "capacity": 100.0, "stars": "Not Participating", "city": "Felton", "county": "Kent"}}, {"type": "Feature", "geometry": {"type": "Point", "coordinates": [-75.61309999999216, 38.64066099977658]}, "properties": {"name": "MT. OLIVET PRESCHOOL", "capacity": 30.0, "stars": "Not Participating", "city": "Seaford", "county": "Sussex"}}, {"type": "Feature", "geometry": {"type": "Point", "coordinates": [-75.3181299999858, 38.61226000026327]}, "properties": {"name": "BULLUCK, YVONNISE", "capacity": 9.0, "stars": "Not Participating", "city": "Millsboro", "county": "Sussex"}}, {"type": "Feature", "geometry": {"type": "Point", "coordinates": [-75.66972000027319, 39.62819000011711]}, "properties": {"name": "KIDZ CHOICE LLC", "capacity": 46.0, "stars": "Starting with Stars", "city": "Bear", "county": "New Castle"}}, {"type": "Feature", "geometry": {"type": "Point", "coordinates": [-75.65612099987163, 39.6177370003026]}, "properties": {"name": "SMITH, SHIRLEY", "capacity": 9.0, "stars": "Not Participating", "city": "New Castle", "county": "New Castle"}}, {"type": "Feature", "geometry": {"type": "Point", "coordinates": [-75.57046999992492, 39.75099599992465]}, "properties": {"name": "WEST END NEIGHBORHOOD HOUSE, INC.", "capacity": 180.0, "stars": "Not Participating", "city": "Wilmington", "county": "New Castle"}}, {"type": "Feature", "geometry": {"type": "Point", "coordinates": [-75.49742199959675, 39.77195199988352]}, "properties": {"name": "YMCA OF DELAWARE / MT PLEASANT", "capacity": 30.0, "stars": "Not Participating", "city": "Wilmington", "county": "New Castle"}}, {"type": "Feature", "geometry": {"type": "Point", "coordinates": [-75.54930000010543, 39.80940000018609]}, "properties": {"name": "TUTOR TIME CHILD CARE BRANDYWINE", "capacity": 130.0, "stars": "Not Participating", "city": "Wilmington", "county": "New Castle"}}, {"type": "Feature", "geometry": {"type": "Point", "coordinates": [-75.52180000007684, 39.80128999994973]}, "properties": {"name": "BABES ON THE SQUARE TOO", "capacity": 195.0, "stars": "Not Participating", "city": "Wilmington", "county": "New Castle"}}, {"type": "Feature", "geometry": {"type": "Point", "coordinates": [-75.67229700002369, 39.76768399968745]}, "properties": {"name": "HAO, DAHLIE", "capacity": 9.0, "stars": "Not Participating", "city": "Hockessin", "county": "New Castle"}}, {"type": "Feature", "geometry": {"type": "Point", "coordinates": [-75.5519799997881, 39.7460199999339]}, "properties": {"name": "BEVERLY'S HELPING HAND", "capacity": 146.0, "stars": "Two Stars", "city": "Wilmington", "county": "New Castle"}}, {"type": "Feature", "geometry": {"type": "Point", "coordinates": [-75.6968479998578, 39.56625100011881]}, "properties": {"name": "MCKAY, PATRICIA", "capacity": 9.0, "stars": "Not Participating", "city": "Bear", "county": "New Castle"}}, {"type": "Feature", "geometry": {"type": "Point", "coordinates": [-75.5062259996242, 39.76429300005416]}, "properties": {"name": "THE LEARNING CENTER AT CALVARY", "capacity": 100.0, "stars": "Not Participating", "city": "Wilmington", "county": "New Castle"}}, {"type": "Feature", "geometry": {"type": "Point", "coordinates": [-75.5831460002367, 39.741986000328225]}, "properties": {"name": "JEFFERS, SERRITTA", "capacity": 9.0, "stars": "Not Participating", "city": "Wilmington", "county": "New Castle"}}, {"type": "Feature", "geometry": {"type": "Point", "coordinates": [-75.53941499980444, 39.74811299977404]}, "properties": {"name": "READ TO LEARN ACADEMY, INC.", "capacity": 179.0, "stars": "Not Participating", "city": "Wilmington", "county": "New Castle"}}, {"type": "Feature", "geometry": {"type": "Point", "coordinates": [-75.55429999962065, 39.140350000027496]}, "properties": {"name": "GIBSON, KATTIE", "capacity": 9.0, "stars": "Not Participating", "city": "Dover", "county": "Kent"}}, {"type": "Feature", "geometry": {"type": "Point", "coordinates": [-75.68424000021642, 39.72190999989743]}, "properties": {"name": "YMCA OF DELAWARE/HERITAGE", "capacity": 94.0, "stars": "Not Participating", "city": "Wilmington", "county": "New Castle"}}, {"type": "Feature", "geometry": {"type": "Point", "coordinates": [-75.65467399990018, 39.65648000033434]}, "properties": {"name": "A CHILD'S WORLD LLC", "capacity": 43.0, "stars": "Not Participating", "city": "Bear", "county": "New Castle"}}, {"type": "Feature", "geometry": {"type": "Point", "coordinates": [-75.51932799990831, 39.174608999815504]}, "properties": {"name": "YOUTH CONNECTIONS-TOWNE POINT", "capacity": 147.0, "stars": "Not Participating", "city": "Dover", "county": "Kent"}}, {"type": "Feature", "geometry": {"type": "Point", "coordinates": [-75.57906999973788, 39.7781900002359]}, "properties": {"name": "CHRIST CHURCH EPISCOPAL PRESCHOOL", "capacity": 118.0, "stars": "Not Participating", "city": "Wilmington", "county": "New Castle"}}, {"type": "Feature", "geometry": {"type": "Point", "coordinates": [-75.57691399993686, 38.55287999988228]}, "properties": {"name": "SMITH, JIMMIE", "capacity": 6.0, "stars": "Not Participating", "city": "Laurel", "county": "Sussex"}}, {"type": "Feature", "geometry": {"type": "Point", "coordinates": [-75.50211599968851, 39.170537000084416]}, "properties": {"name": "SAINTILE, MARIE", "capacity": 9.0, "stars": "Not Participating", "city": "Dover", "county": "Kent"}}, {"type": "Feature", "geometry": {"type": "Point", "coordinates": [-75.62290499992723, 39.74376499970971]}, "properties": {"name": "GILLESPIE, ERICA", "capacity": 9.0, "stars": "Not Participating", "city": "Wilmington", "county": "New Castle"}}, {"type": "Feature", "geometry": {"type": "Point", "coordinates": [-75.623459999771, 39.643029999715985]}, "properties": {"name": "MS. BLONDINE'S SANCTUARY CHILD CARE", "capacity": 12.0, "stars": "Not Participating", "city": "New Castle", "county": "New Castle"}}, {"type": "Feature", "geometry": {"type": "Point", "coordinates": [-75.76782999989834, 39.66802000020825]}, "properties": {"name": "CLARKE, THANYALUCK A.", "capacity": 9.0, "stars": "Not Participating", "city": "Newark", "county": "New Castle"}}, {"type": "Feature", "geometry": {"type": "Point", "coordinates": [-75.60950600044052, 39.298633000088614]}, "properties": {"name": "ST. PETER'S PRESCHOOL", "capacity": 12.0, "stars": "Not Participating", "city": "Smyrna", "county": "Kent"}}, {"type": "Feature", "geometry": {"type": "Point", "coordinates": [-75.57868999979628, 39.751644000094245]}, "properties": {"name": "LITTLE SCHOLARS LEARNING CENTER", "capacity": 93.0, "stars": "Not Participating", "city": "Wilmington", "county": "New Castle"}}, {"type": "Feature", "geometry": {"type": "Point", "coordinates": [-75.6740300002254, 39.71522000009733]}, "properties": {"name": "LITTLE STARS - KIRKWOOD HIGHWAY", "capacity": 56.0, "stars": "Not Participating", "city": "Wilmington", "county": "New Castle"}}, {"type": "Feature", "geometry": {"type": "Point", "coordinates": [-75.74287999985606, 39.59497999969963]}, "properties": {"name": "KINDERCARE (NEWARK)", "capacity": 165.0, "stars": "Not Participating", "city": "Newark", "county": "New Castle"}}, {"type": "Feature", "geometry": {"type": "Point", "coordinates": [-75.59565500014388, 38.979606999768905]}, "properties": {"name": "BILLINGS, DOROTHY", "capacity": 6.0, "stars": "Not Participating", "city": "Felton", "county": "Kent"}}, {"type": "Feature", "geometry": {"type": "Point", "coordinates": [-75.60808100021036, 38.64782700023687]}, "properties": {"name": "CREATIVE CONCEPTS CHILDCARE", "capacity": 12.0, "stars": "Not Participating", "city": "Seaford", "county": "Sussex"}}, {"type": "Feature", "geometry": {"type": "Point", "coordinates": [-75.53465299994059, 39.7537830001012]}, "properties": {"name": "LJ'S PLAYPEN ACADEMY", "capacity": 115.0, "stars": "Four Stars", "city": "Wilmington", "county": "New Castle"}}, {"type": "Feature", "geometry": {"type": "Point", "coordinates": [-75.71569500037002, 39.767550999710544]}, "properties": {"name": "BOYS & GIRLS CLUB @ NORTH STAR ELEMENTARY SCHOOL", "capacity": 125.0, "stars": "Not Participating", "city": "Hockessin", "county": "New Castle"}}, {"type": "Feature", "geometry": {"type": "Point", "coordinates": [-75.61380999964662, 38.652886000053556]}, "properties": {"name": "BOYS & GIRLS CLUB @ SEAFORD", "capacity": 200.0, "stars": "Not Participating", "city": "Seaford", "county": "Sussex"}}, {"type": "Feature", "geometry": {"type": "Point", "coordinates": [-75.49554199998026, 39.789540000120475]}, "properties": {"name": "BAILEY, NANCY", "capacity": 9.0, "stars": "Starting with Stars", "city": "Wilmington", "county": "New Castle"}}, {"type": "Feature", "geometry": {"type": "Point", "coordinates": [-75.53423399964092, 39.74297099998571]}, "properties": {"name": "DEMONIA, ERNESTINE", "capacity": 9.0, "stars": "Not Participating", "city": "Wilmington", "county": "New Castle"}}, {"type": "Feature", "geometry": {"type": "Point", "coordinates": [-75.5915319997894, 39.72331899976332]}, "properties": {"name": "BOYS & GIRLS CLUB @ RICHARDSON PARK", "capacity": 80.0, "stars": "Not Participating", "city": "Wilmington", "county": "New Castle"}}, {"type": "Feature", "geometry": {"type": "Point", "coordinates": [-75.61347800028392, 38.64353099997566]}, "properties": {"name": "ST. JOHN'S PRESCHOOL", "capacity": 114.0, "stars": "Not Participating", "city": "Seaford", "county": "Sussex"}}, {"type": "Feature", "geometry": {"type": "Point", "coordinates": [-75.59875999997396, 38.46624000007822]}, "properties": {"name": "NEAL, CYNTHIA", "capacity": 9.0, "stars": "Not Participating", "city": "Delmar", "county": "Sussex"}}, {"type": "Feature", "geometry": {"type": "Point", "coordinates": [-75.56017000042056, 38.502160000338115]}, "properties": {"name": "LESLIE'S ROMPER ROOM", "capacity": 12.0, "stars": "Not Participating", "city": "Laurel", "county": "Sussex"}}, {"type": "Feature", "geometry": {"type": "Point", "coordinates": [-75.63874999964318, 39.7263549999991]}, "properties": {"name": "MARSHALLTON UNITED METHODIST SCHOOL", "capacity": 32.0, "stars": "Not Participating", "city": "Wilmington", "county": "New Castle"}}, {"type": "Feature", "geometry": {"type": "Point", "coordinates": [-75.56403000011096, 39.73854700015182]}, "properties": {"name": "FUTURE DEVELOPMENT LEARNING ACADEMY", "capacity": 25.0, "stars": "Not Participating", "city": "Wilmington", "county": "New Castle"}}, {"type": "Feature", "geometry": {"type": "Point", "coordinates": [-75.6411659997352, 39.71733599995998]}, "properties": {"name": "ZOLADKIEWICZ, KIMBERLY", "capacity": 9.0, "stars": "Not Participating", "city": "Wilmington", "county": "New Castle"}}, {"type": "Feature", "geometry": {"type": "Point", "coordinates": [-75.43885499975205, 38.842769999796154]}, "properties": {"name": "FIRST STEPS PRESCHOOL, LLC", "capacity": 71.0, "stars": "Not Participating", "city": "Lincoln", "county": "Sussex"}}, {"type": "Feature", "geometry": {"type": "Point", "coordinates": [-75.52300000017608, 39.76041999971079]}, "properties": {"name": "NEXT GENERATION LEARNING ACADEMY", "capacity": 60.0, "stars": "Not Participating", "city": "Wilmington", "county": "New Castle"}}, {"type": "Feature", "geometry": {"type": "Point", "coordinates": [-75.1495300004147, 38.78561800014247]}, "properties": {"name": "MARGARET H. ROLLINS CDC @ CHILDREN'S BEACH HOUSE", "capacity": 37.0, "stars": "Not Participating", "city": "Lewes", "county": "Sussex"}}, {"type": "Feature", "geometry": {"type": "Point", "coordinates": [-75.64938499978165, 39.71965400006523]}, "properties": {"name": "ALBINO, MARIBEL", "capacity": 9.0, "stars": "Not Participating", "city": "Wilmington", "county": "New Castle"}}, {"type": "Feature", "geometry": {"type": "Point", "coordinates": [-75.57121999976238, 39.21168000033253]}, "properties": {"name": "NEW GARDEN EARLY CARE & EDUCATION CENTER LLC", "capacity": 218.0, "stars": "Not Participating", "city": "Dover", "county": "Kent"}}, {"type": "Feature", "geometry": {"type": "Point", "coordinates": [-75.62470900027405, 39.664615000136635]}, "properties": {"name": "YMCA OF DELAWARE/PLEASANTVILLE", "capacity": 68.0, "stars": "Not Participating", "city": "New Castle", "county": "New Castle"}}, {"type": "Feature", "geometry": {"type": "Point", "coordinates": [-75.67504100017875, 39.502423000320626]}, "properties": {"name": "KIDDIE ACADEMY OF MIDDLETOWN", "capacity": 155.0, "stars": "Five Stars", "city": "Middletown", "county": "New Castle"}}, {"type": "Feature", "geometry": {"type": "Point", "coordinates": [-75.53208500041092, 39.7564429999629]}, "properties": {"name": "BROADNAX, JACQUELINE", "capacity": 9.0, "stars": "Not Participating", "city": "Wilmington", "county": "New Castle"}}, {"type": "Feature", "geometry": {"type": "Point", "coordinates": [-75.68633999994096, 39.694540000133]}, "properties": {"name": "KIDS KASTLE", "capacity": 12.0, "stars": "Not Participating", "city": "Newark", "county": "New Castle"}}, {"type": "Feature", "geometry": {"type": "Point", "coordinates": [-75.36900000001584, 38.855959999929425]}, "properties": {"name": "MULLEN, TYNETTA", "capacity": 9.0, "stars": "Not Participating", "city": "Lincoln", "county": "Sussex"}}, {"type": "Feature", "geometry": {"type": "Point", "coordinates": [-75.61540300010626, 39.293267000174396]}, "properties": {"name": "HURTT, TONIA", "capacity": 9.0, "stars": "Not Participating", "city": "Smyrna", "county": "Kent"}}, {"type": "Feature", "geometry": {"type": "Point", "coordinates": [-75.70204400008993, 39.60003799984918]}, "properties": {"name": "HARRISON, ALICIA", "capacity": 9.0, "stars": "Not Participating", "city": "Bear", "county": "New Castle"}}, {"type": "Feature", "geometry": {"type": "Point", "coordinates": [-75.69720000021032, 39.48379999983564]}, "properties": {"name": "BRILLIANT LITTLE MINDS LEARNING CENTER", "capacity": 165.0, "stars": "Not Participating", "city": "Middletown", "county": "New Castle"}}, {"type": "Feature", "geometry": {"type": "Point", "coordinates": [-75.56377499984282, 39.744536999926716]}, "properties": {"name": "EL BOUATLAOUI, YOLANDA", "capacity": 9.0, "stars": "Not Participating", "city": "Wilmington", "county": "New Castle"}}, {"type": "Feature", "geometry": {"type": "Point", "coordinates": [-75.59523250000785, 38.8047459996885]}, "properties": {"name": "LAMONTAGNE, TIFFANY", "capacity": 9.0, "stars": "Not Participating", "city": "Greenwood", "county": "Sussex"}}, {"type": "Feature", "geometry": {"type": "Point", "coordinates": [-75.52551800037536, 39.756963000165364]}, "properties": {"name": "TRUITT, LAKEISHA", "capacity": 6.0, "stars": "Starting with Stars", "city": "Wilmington", "county": "New Castle"}}, {"type": "Feature", "geometry": {"type": "Point", "coordinates": [-75.60936999999807, 39.64826000029596]}, "properties": {"name": "WAPLES DBA NEXT GENERATION CHILDCARE LLC, SHAKIRA", "capacity": 9.0, "stars": "Not Participating", "city": "New Castle", "county": "New Castle"}}, {"type": "Feature", "geometry": {"type": "Point", "coordinates": [-75.70453999964955, 39.62723199981479]}, "properties": {"name": "PIRULO'S CHILD CARE AND LEARNING CENTER, LLC", "capacity": 53.0, "stars": "Not Participating", "city": "Newark", "county": "New Castle"}}, {"type": "Feature", "geometry": {"type": "Point", "coordinates": [-75.52535099997075, 39.75929499989791]}, "properties": {"name": "POLICE ATHLETIC LEAGUE OF WILMINGTON CHILD CARE CENTER", "capacity": 240.0, "stars": "Not Participating", "city": "Wilmington", "county": "New Castle"}}, {"type": "Feature", "geometry": {"type": "Point", "coordinates": [-75.66569999985087, 39.631169999759194]}, "properties": {"name": "CELEBREE SCHOOL OF BEAR", "capacity": 208.0, "stars": "Not Participating", "city": "Bear", "county": "New Castle"}}, {"type": "Feature", "geometry": {"type": "Point", "coordinates": [-75.74599999975476, 39.56130000017915]}, "properties": {"name": "BOYS & GIRLS CLUB @ OLIVE B. LOSS ELEMENTARY SCHOOL", "capacity": 76.0, "stars": "Not Participating", "city": "Bear", "county": "New Castle"}}, {"type": "Feature", "geometry": {"type": "Point", "coordinates": [-75.53347999960552, 39.74705999975809]}, "properties": {"name": "SMITH, NADINENA", "capacity": 8.0, "stars": "Not Participating", "city": "Wilmington", "county": "New Castle"}}, {"type": "Feature", "geometry": {"type": "Point", "coordinates": [-75.69654900010705, 39.73415999994354]}, "properties": {"name": "BOYS & GIRLS CLUB @ LINDEN HILL ELEMENTARY SCHOOL", "capacity": 172.0, "stars": "Not Participating", "city": "Wilmington", "county": "New Castle"}}, {"type": "Feature", "geometry": {"type": "Point", "coordinates": [-75.50624300024096, 39.75459299973911]}, "properties": {"name": "WELLS, DOREEN", "capacity": 9.0, "stars": "Not Participating", "city": "Wilmington", "county": "New Castle"}}, {"type": "Feature", "geometry": {"type": "Point", "coordinates": [-75.71502099980223, 39.67957899995437]}, "properties": {"name": "KIRK, JOMAIRA", "capacity": 9.0, "stars": "Not Participating", "city": "Newark", "county": "New Castle"}}, {"type": "Feature", "geometry": {"type": "Point", "coordinates": [-75.7156800003014, 39.77780000020513]}, "properties": {"name": "HOCKESSIN ATHLETIC CLUB", "capacity": 126.0, "stars": "Not Participating", "city": "Hockessin", "county": "New Castle"}}, {"type": "Feature", "geometry": {"type": "Point", "coordinates": [-75.55715900030178, 39.68796400027924]}, "properties": {"name": "YMCA OF DELAWARE/COLWYCK", "capacity": 23.0, "stars": "Not Participating", "city": "New Castle", "county": "New Castle"}}, {"type": "Feature", "geometry": {"type": "Point", "coordinates": [-75.70462199966532, 39.215696999894774]}, "properties": {"name": "BURTON, TINA", "capacity": 9.0, "stars": "Four Stars", "city": "Clayton", "county": "Kent"}}, {"type": "Feature", "geometry": {"type": "Point", "coordinates": [-75.53758600024156, 39.74936600026786]}, "properties": {"name": "ARK NORTH LEARNING CENTER", "capacity": 54.0, "stars": "Not Participating", "city": "Wilmington", "county": "New Castle"}}, {"type": "Feature", "geometry": {"type": "Point", "coordinates": [-75.57041999969621, 38.55604000005165]}, "properties": {"name": "DAWN'S DAYCARE", "capacity": 12.0, "stars": "Not Participating", "city": "Laurel", "county": "Sussex"}}, {"type": "Feature", "geometry": {"type": "Point", "coordinates": [-75.55036999961003, 39.16938999976843]}, "properties": {"name": "WRIGHT, MARTHA", "capacity": 6.0, "stars": "Not Participating", "city": "Dover", "county": "Kent"}}, {"type": "Feature", "geometry": {"type": "Point", "coordinates": [-75.38288999977225, 38.69717999972742]}, "properties": {"name": "PRIMEROS PASOS, INC", "capacity": 75.0, "stars": "Not Participating", "city": "Georgetown", "county": "Sussex"}}, {"type": "Feature", "geometry": {"type": "Point", "coordinates": [-75.68573200039373, 39.70601300012896]}, "properties": {"name": "YMCA OF DELAWARE/YOUTH DEVELOPMENT CENTER", "capacity": 60.0, "stars": "Not Participating", "city": "Newark", "county": "New Castle"}}, {"type": "Feature", "geometry": {"type": "Point", "coordinates": [-75.6093509997315, 39.74607300026139]}, "properties": {"name": "PEREZ, NORAMI", "capacity": 9.0, "stars": "Three Stars", "city": "Wilmington", "county": "New Castle"}}, {"type": "Feature", "geometry": {"type": "Point", "coordinates": [-75.711744000443, 39.67201199988972]}, "properties": {"name": "YMCA OF DELAWARE/JENNIE SMITH", "capacity": 67.0, "stars": "Not Participating", "city": "Newark", "county": "New Castle"}}, {"type": "Feature", "geometry": {"type": "Point", "coordinates": [-75.54217599967794, 39.16102400017104]}, "properties": {"name": "YMCA OF DELAWARE/WILLIAM HENRY", "capacity": 151.0, "stars": "Not Participating", "city": "Dover", "county": "Kent"}}, {"type": "Feature", "geometry": {"type": "Point", "coordinates": [-75.53038300017134, 39.748592000085395]}, "properties": {"name": "RAISON, TYKIESHA", "capacity": 9.0, "stars": "Not Participating", "city": "Wilmington", "county": "New Castle"}}, {"type": "Feature", "geometry": {"type": "Point", "coordinates": [-75.67903200028876, 39.65504300029425]}, "properties": {"name": "BRIGHT KIDZ LEARNING CENTER", "capacity": 92.0, "stars": "Five Stars", "city": "Newark", "county": "New Castle"}}, {"type": "Feature", "geometry": {"type": "Point", "coordinates": [-75.53765700038667, 39.75508799996997]}, "properties": {"name": "OWENS, LILLIAN", "capacity": 9.0, "stars": "Not Participating", "city": "Wilmington", "county": "New Castle"}}, {"type": "Feature", "geometry": {"type": "Point", "coordinates": [-75.61933999978959, 39.637910000054056]}, "properties": {"name": "DAVIS, SAMANTHA", "capacity": 9.0, "stars": "Not Participating", "city": "New Castle", "county": "New Castle"}}, {"type": "Feature", "geometry": {"type": "Point", "coordinates": [-75.63414799961292, 39.6740049999158]}, "properties": {"name": "DAVIS, ANGELIQUE", "capacity": 9.0, "stars": "Not Participating", "city": "New Castle", "county": "New Castle"}}, {"type": "Feature", "geometry": {"type": "Point", "coordinates": [-75.70864600028558, 39.69800499965494]}, "properties": {"name": "SHUE 4-H SUMMER & AFTERSCHOOL PROGRAM", "capacity": 79.0, "stars": "Not Participating", "city": "Newark", "county": "New Castle"}}, {"type": "Feature", "geometry": {"type": "Point", "coordinates": [-75.30879000038112, 38.867400000305175]}, "properties": {"name": "COASTAL KIDS", "capacity": 12.0, "stars": "Not Participating", "city": "Milford", "county": "Sussex"}}, {"type": "Feature", "geometry": {"type": "Point", "coordinates": [-75.52286000043398, 39.141221000023926]}, "properties": {"name": "MOM'S HOUSE INC OF DOVER", "capacity": 12.0, "stars": "Three Stars", "city": "Dover", "county": "Kent"}}, {"type": "Feature", "geometry": {"type": "Point", "coordinates": [-75.74490799961055, 39.620547000211005]}, "properties": {"name": "LITTLE SCHOLARS CENTER I LLC", "capacity": 116.0, "stars": "Four Stars", "city": "Newark", "county": "New Castle"}}, {"type": "Feature", "geometry": {"type": "Point", "coordinates": [-75.53177400006629, 39.756234999887596]}, "properties": {"name": "LITTLE ARROWS CHRISTIAN ACADEMY", "capacity": 38.0, "stars": "Not Participating", "city": "Wilmington", "county": "New Castle"}}, {"type": "Feature", "geometry": {"type": "Point", "coordinates": [-75.72774899999251, 39.6711389998154]}, "properties": {"name": "YMCA OF DELAWARE/ BROOKSIDE", "capacity": 40.0, "stars": "Not Participating", "city": "Newark", "county": "New Castle"}}, {"type": "Feature", "geometry": {"type": "Point", "coordinates": [-75.53719000040643, 39.75038000016592]}, "properties": {"name": "THOMAS, TINA", "capacity": 9.0, "stars": "Five Stars", "city": "Wilmington", "county": "New Castle"}}, {"type": "Feature", "geometry": {"type": "Point", "coordinates": [-75.6730650003028, 39.58259800027085]}, "properties": {"name": "THE LITTLE PEOPLE CHILD DEVELOPMENT CENTER, INC.", "capacity": 87.0, "stars": "Five Stars", "city": "Bear", "county": "New Castle"}}, {"type": "Feature", "geometry": {"type": "Point", "coordinates": [-75.53721200014775, 39.75639399996191]}, "properties": {"name": "CONGO, SHAREE", "capacity": 10.0, "stars": "Not Participating", "city": "Wilmington", "county": "New Castle"}}, {"type": "Feature", "geometry": {"type": "Point", "coordinates": [-75.74069499974271, 39.584790000240766]}, "properties": {"name": "BEAR EARLY EDUCATION CENTER", "capacity": 154.0, "stars": "Five Stars", "city": "Bear", "county": "New Castle"}}, {"type": "Feature", "geometry": {"type": "Point", "coordinates": [-75.65841999978777, 39.410130000324685]}, "properties": {"name": "COOVER, KRISTIN", "capacity": 6.0, "stars": "Not Participating", "city": "Townsend", "county": "New Castle"}}, {"type": "Feature", "geometry": {"type": "Point", "coordinates": [-75.28440000020548, 38.60073999977354]}, "properties": {"name": "BRIGHT BEGINNINGS CHILD CARE CENTER, LLC", "capacity": 40.0, "stars": "Not Participating", "city": "Millsboro", "county": "Sussex"}}, {"type": "Feature", "geometry": {"type": "Point", "coordinates": [-75.62406400001858, 38.54156899979317]}, "properties": {"name": "HOOKS, JAIME", "capacity": 9.0, "stars": "Not Participating", "city": "Laurel", "county": "Sussex"}}, {"type": "Feature", "geometry": {"type": "Point", "coordinates": [-75.43900000041533, 38.920000000193404]}, "properties": {"name": "MILFORD EARLY LEARNING CENTER", "capacity": 70.0, "stars": "Not Participating", "city": "Milford", "county": "Kent"}}, {"type": "Feature", "geometry": {"type": "Point", "coordinates": [-75.65371599965026, 39.73141299992631]}, "properties": {"name": "HAPPY MUNCHKINS", "capacity": 12.0, "stars": "Not Participating", "city": "Wilmington", "county": "New Castle"}}, {"type": "Feature", "geometry": {"type": "Point", "coordinates": [-75.6296410000172, 38.70907599998579]}, "properties": {"name": "TERROY, IRENE", "capacity": 5.0, "stars": "Not Participating", "city": "Bridgeville", "county": "Sussex"}}, {"type": "Feature", "geometry": {"type": "Point", "coordinates": [-75.6344000004063, 39.42012000019972]}, "properties": {"name": "CLINKSCALES, ATIYA", "capacity": 6.0, "stars": "Not Participating", "city": "Townsend", "county": "New Castle"}}, {"type": "Feature", "geometry": {"type": "Point", "coordinates": [-75.76341500036413, 39.67294599973396]}, "properties": {"name": "WILLA ROAD CHILDREN'S CENTER", "capacity": 60.0, "stars": "Not Participating", "city": "Newark", "county": "New Castle"}}, {"type": "Feature", "geometry": {"type": "Point", "coordinates": [-75.75355199980443, 39.62761800021333]}, "properties": {"name": "DAWN'S LARGE FAMILY HOME CHILD CARE", "capacity": 12.0, "stars": "Not Participating", "city": "Newark", "county": "New Castle"}}, {"type": "Feature", "geometry": {"type": "Point", "coordinates": [-75.42591900004763, 38.90053099991095]}, "properties": {"name": "THE BREAKFAST CLUB", "capacity": 75.0, "stars": "Not Participating", "city": "Milford", "county": "Sussex"}}, {"type": "Feature", "geometry": {"type": "Point", "coordinates": [-75.69897000022195, 39.62412899987046]}, "properties": {"name": "BOGGS, ALICE", "capacity": 8.0, "stars": "Not Participating", "city": "Newark", "county": "New Castle"}}, {"type": "Feature", "geometry": {"type": "Point", "coordinates": [-75.6836190002504, 39.39723999996005]}, "properties": {"name": "BEACH BABIES CHILD CARE/TOWNSEND", "capacity": 188.0, "stars": "Not Participating", "city": "Townsend", "county": "New Castle"}}, {"type": "Feature", "geometry": {"type": "Point", "coordinates": [-75.73200000039351, 39.60482999996674]}, "properties": {"name": "YMCA OF DELAWARE/YMCA-BEAR BRANCH", "capacity": 143.0, "stars": "Not Participating", "city": "Newark", "county": "New Castle"}}, {"type": "Feature", "geometry": {"type": "Point", "coordinates": [-75.69699099997294, 39.791976999712425]}, "properties": {"name": "CHILDREN OF AMERICA-HOCKESSIN", "capacity": 180.0, "stars": "Not Participating", "city": "Hockessin", "county": "New Castle"}}, {"type": "Feature", "geometry": {"type": "Point", "coordinates": [-75.53575000010768, 38.93782000027662]}, "properties": {"name": "BARNES, LYNN", "capacity": 9.0, "stars": "Not Participating", "city": "Harrington", "county": "Kent"}}, {"type": "Feature", "geometry": {"type": "Point", "coordinates": [-75.46665000023178, 39.80180000009195]}, "properties": {"name": "BENITEZ, CARMEN", "capacity": 9.0, "stars": "Not Participating", "city": "Claymont", "county": "New Castle"}}, {"type": "Feature", "geometry": {"type": "Point", "coordinates": [-75.25426499980175, 38.727074999750506]}, "properties": {"name": "HAGANS, DORIS", "capacity": 9.0, "stars": "Not Participating", "city": "Milton", "county": "Sussex"}}, {"type": "Feature", "geometry": {"type": "Point", "coordinates": [-75.61674299994759, 39.29818799993706]}, "properties": {"name": "KIDZ INK V ACADEMY OF EARLY ACADEMICS", "capacity": 148.0, "stars": "Three Stars", "city": "Smyrna", "county": "Kent"}}, {"type": "Feature", "geometry": {"type": "Point", "coordinates": [-75.57309799972906, 39.732982999913126]}, "properties": {"name": "TURNER DBA NEW LIGHT LITTLE ANGELS CHILD CARE, DARLINDA", "capacity": 9.0, "stars": "Not Participating", "city": "Wilmington", "county": "New Castle"}}, {"type": "Feature", "geometry": {"type": "Point", "coordinates": [-75.61141399964609, 39.304192999679664]}, "properties": {"name": "ACADEMY OF EARLY LEARNING", "capacity": 60.0, "stars": "Four Stars", "city": "Smyrna", "county": "Kent"}}, {"type": "Feature", "geometry": {"type": "Point", "coordinates": [-75.53125900040548, 39.13547299969938]}, "properties": {"name": "BELL, BARBARA", "capacity": 9.0, "stars": "Not Participating", "city": "Dover", "county": "Kent"}}, {"type": "Feature", "geometry": {"type": "Point", "coordinates": [-75.55095600031426, 39.111279999885234]}, "properties": {"name": "CRUZ KID CARE ACADEMY LLC", "capacity": 97.0, "stars": "Not Participating", "city": "Camden", "county": "Kent"}}, {"type": "Feature", "geometry": {"type": "Point", "coordinates": [-75.49991999970453, 39.15511999997027]}, "properties": {"name": "WEST, DONCHELINE", "capacity": 6.0, "stars": "Not Participating", "city": "Dover", "county": "Kent"}}, {"type": "Feature", "geometry": {"type": "Point", "coordinates": [-75.55259999992921, 39.15949999991169]}, "properties": {"name": "THE LITTLE SCHOOL AT KIDS COTTAGE", "capacity": 162.0, "stars": "Not Participating", "city": "Dover", "county": "Kent"}}, {"type": "Feature", "geometry": {"type": "Point", "coordinates": [-75.67648999980004, 39.740029999901246]}, "properties": {"name": "DERASMO, KRISTEN", "capacity": 9.0, "stars": "Not Participating", "city": "Wilmington", "county": "New Castle"}}, {"type": "Feature", "geometry": {"type": "Point", "coordinates": [-75.61309999999216, 38.64066099977658]}, "properties": {"name": "LITTLE SCHOLARS EARLY LEARNING CENTER", "capacity": 32.0, "stars": "Not Participating", "city": "Seaford", "county": "Sussex"}}, {"type": "Feature", "geometry": {"type": "Point", "coordinates": [-75.6241000000036, 39.361299999755374]}, "properties": {"name": "LITTLE DREAMERS DAYCARE LLC", "capacity": 12.0, "stars": "Not Participating", "city": "Townsend", "county": "New Castle"}}, {"type": "Feature", "geometry": {"type": "Point", "coordinates": [-75.55316800019177, 39.69772500001693]}, "properties": {"name": "CRADLES TO CRAYONS EARLY LEARNING CENTER", "capacity": 38.0, "stars": "Not Participating", "city": "New Castle", "county": "New Castle"}}, {"type": "Feature", "geometry": {"type": "Point", "coordinates": [-75.74670000026181, 39.63033000028628]}, "properties": {"name": "BOYS & GIRLS CLUB @ H. M. BRADER ELEMENTARY SCHOOL", "capacity": 100.0, "stars": "Not Participating", "city": "Newark", "county": "New Castle"}}, {"type": "Feature", "geometry": {"type": "Point", "coordinates": [-75.66302299964295, 39.64093000023065]}, "properties": {"name": "ABOVE & BEYOND PRESCHOOL & EARLY LEARNING CENTER", "capacity": 60.0, "stars": "Not Participating", "city": "Newark", "county": "New Castle"}}, {"type": "Feature", "geometry": {"type": "Point", "coordinates": [-75.55174999963432, 39.11922000000813]}, "properties": {"name": "BOYS & GIRLS CLUB @ W. B. SIMPSON ELEMENTARY SCHOOL", "capacity": 100.0, "stars": "Not Participating", "city": "Wyoming", "county": "Kent"}}, {"type": "Feature", "geometry": {"type": "Point", "coordinates": [-75.51319500024101, 39.102059999689814]}, "properties": {"name": "BOYS & GIRLS CLUB @ ALLEN FREAR ELEMENTARY SCHOOL", "capacity": 141.0, "stars": "Not Participating", "city": "Camden Wyoming", "county": "Kent"}}, {"type": "Feature", "geometry": {"type": "Point", "coordinates": [-75.5584770004018, 39.09227700007909]}, "properties": {"name": "BOYS & GIRLS CLUB @ NELLIE STOKES ELEMENTARY SCHOOL", "capacity": 81.0, "stars": "Not Participating", "city": "Dover", "county": "Kent"}}, {"type": "Feature", "geometry": {"type": "Point", "coordinates": [-75.53672500007602, 39.10243700001278]}, "properties": {"name": "BOYS & GIRLS CLUB @ STAR HILL ELEMENTARY SCHOOL", "capacity": 65.0, "stars": "Not Participating", "city": "Dover", "county": "Kent"}}, {"type": "Feature", "geometry": {"type": "Point", "coordinates": [-75.5831880000695, 39.68510799992185]}, "properties": {"name": "YMCA OF DELAWARE/WILMINGTON MANOR", "capacity": 45.0, "stars": "Not Participating", "city": "New Castle", "county": "New Castle"}}, {"type": "Feature", "geometry": {"type": "Point", "coordinates": [-75.57410000035989, 39.66210000018845]}, "properties": {"name": "YMCA OF DELAWARE/CARRIE DOWNIE", "capacity": 45.0, "stars": "Five Stars", "city": "New Castle", "county": "New Castle"}}, {"type": "Feature", "geometry": {"type": "Point", "coordinates": [-75.66567399991162, 39.580907999944856]}, "properties": {"name": "YMCA OF DELAWARE/WILBUR", "capacity": 90.0, "stars": "Not Participating", "city": "Bear", "county": "New Castle"}}, {"type": "Feature", "geometry": {"type": "Point", "coordinates": [-75.56760000027147, 39.01544000018246]}, "properties": {"name": "BEGINNINGS AND BEYOND III", "capacity": 134.0, "stars": "Not Participating", "city": "Felton", "county": "Kent"}}, {"type": "Feature", "geometry": {"type": "Point", "coordinates": [-75.57356999973216, 39.74651000033913]}, "properties": {"name": "CREATIVE MINDS ACADEMY, LLC", "capacity": 9.0, "stars": "Not Participating", "city": "Wilmington", "county": "New Castle"}}, {"type": "Feature", "geometry": {"type": "Point", "coordinates": [-75.65854399963632, 38.53219600024242]}, "properties": {"name": "DAVIS, ERIKA", "capacity": 6.0, "stars": "Not Participating", "city": "Laurel", "county": "Sussex"}}, {"type": "Feature", "geometry": {"type": "Point", "coordinates": [-75.58537499983264, 38.81257100004521]}, "properties": {"name": "ADDIE'S COUNTRY KIDS", "capacity": 31.0, "stars": "Not Participating", "city": "Greenwood", "county": "Sussex"}}, {"type": "Feature", "geometry": {"type": "Point", "coordinates": [-75.65668599976115, 39.66394899975777]}, "properties": {"name": "SUNNY SIDE LEARNING CENTER, LLC", "capacity": 113.0, "stars": "Not Participating", "city": "Newark", "county": "New Castle"}}, {"type": "Feature", "geometry": {"type": "Point", "coordinates": [-75.5772200002586, 39.76463000014814]}, "properties": {"name": "TOWER HILL SCHOOL", "capacity": 100.0, "stars": "Not Participating", "city": "Wilmington", "county": "New Castle"}}, {"type": "Feature", "geometry": {"type": "Point", "coordinates": [-75.58431000035092, 39.74131000028156]}, "properties": {"name": "HIGHER LEARNING ACADEMY", "capacity": 51.0, "stars": "Not Participating", "city": "Wilmington", "county": "New Castle"}}, {"type": "Feature", "geometry": {"type": "Point", "coordinates": [-75.61287999988413, 38.64056000013741]}, "properties": {"name": "LITTLE SMILES DAYCARE LLC", "capacity": 12.0, "stars": "Not Participating", "city": "Seaford", "county": "Sussex"}}, {"type": "Feature", "geometry": {"type": "Point", "coordinates": [-75.27808000004212, 38.58538999966587]}, "properties": {"name": "YMCA OF DELAWARE/EAST MILLSBORO", "capacity": 81.0, "stars": "Not Participating", "city": "Millsboro", "county": "Sussex"}}, {"type": "Feature", "geometry": {"type": "Point", "coordinates": [-75.57778000012527, 39.74820499984137]}, "properties": {"name": "VISION LEARNING CENTER", "capacity": 136.0, "stars": "Not Participating", "city": "Wilmington", "county": "New Castle"}}, {"type": "Feature", "geometry": {"type": "Point", "coordinates": [-75.46126999987665, 39.82051000005812]}, "properties": {"name": "KIDS KINGDOM ELC INC. #2", "capacity": 48.0, "stars": "Not Participating", "city": "Claymont", "county": "New Castle"}}, {"type": "Feature", "geometry": {"type": "Point", "coordinates": [-75.49561999979807, 39.16808000008214]}, "properties": {"name": "MORRIS, LAKESHIA", "capacity": 9.0, "stars": "Not Participating", "city": "Dover", "county": "Kent"}}, {"type": "Feature", "geometry": {"type": "Point", "coordinates": [-75.54523000035272, 39.72743999985695]}, "properties": {"name": "ARK - SOUTH LEARNING CENTER", "capacity": 45.0, "stars": "Not Participating", "city": "Wilmington", "county": "New Castle"}}, {"type": "Feature", "geometry": {"type": "Point", "coordinates": [-75.44548999955971, 38.64152000000634]}, "properties": {"name": "KRISTIN\u2019S CARE INC. EARLY LEARNING CENTER AT SUSSEX TECH", "capacity": 72.0, "stars": "Not Participating", "city": "Georgetown", "county": "Sussex"}}, {"type": "Feature", "geometry": {"type": "Point", "coordinates": [-75.42140999990377, 38.90046999969722]}, "properties": {"name": "BEACH BABIES CHILD CARE MILFORD", "capacity": 214.0, "stars": "Not Participating", "city": "Milford", "county": "Sussex"}}, {"type": "Feature", "geometry": {"type": "Point", "coordinates": [-75.73287999992732, 39.45884999987118]}, "properties": {"name": "LEARNING TREE ACADEMY - RAMUNNO", "capacity": 194.0, "stars": "Not Participating", "city": "Middletown", "county": "New Castle"}}, {"type": "Feature", "geometry": {"type": "Point", "coordinates": [-75.54250999958879, 39.760099999964694]}, "properties": {"name": "JAY'S HOUSE INC DBA PUZZLE PIECE LANE", "capacity": 12.0, "stars": "Not Participating", "city": "Wilmington", "county": "New Castle"}}, {"type": "Feature", "geometry": {"type": "Point", "coordinates": [-75.49576999958587, 38.81728000019166]}, "properties": {"name": "KNOX, CHELSEA", "capacity": 6.0, "stars": "Not Participating", "city": "Greenwood", "county": "Sussex"}}, {"type": "Feature", "geometry": {"type": "Point", "coordinates": [-75.68385199987891, 39.794486999997986]}, "properties": {"name": "ENCHANTED MINDS CHILD CARE CENTER", "capacity": 44.0, "stars": "Not Participating", "city": "Hockessin", "county": "New Castle"}}, {"type": "Feature", "geometry": {"type": "Point", "coordinates": [-75.57305870023201, 39.66465999994005]}, "properties": {"name": "SUMMERCOLLAB @ NEW CASTLE ELEMENTARY", "capacity": 400.0, "stars": "Not Participating", "city": "New Castle", "county": "New Castle"}}, {"type": "Feature", "geometry": {"type": "Point", "coordinates": [-75.588040000345, 39.67727000014373]}, "properties": {"name": "SUMMERCOLLAB @ GEORGE READ MIDDLE SCHOOL", "capacity": 425.0, "stars": "Not Participating", "city": "New Castle", "county": "New Castle"}}, {"type": "Feature", "geometry": {"type": "Point", "coordinates": [-75.64974499963175, 39.49251000014014]}, "properties": {"name": "GROW AND LEARN CHILDCARE CENTER", "capacity": 105.0, "stars": "Not Participating", "city": "Middletown", "county": "New Castle"}}, {"type": "Feature", "geometry": {"type": "Point", "coordinates": [-75.55346000026984, 39.16775000022126]}, "properties": {"name": "PRECIOUS LAMBS LEARNING CENTER", "capacity": 50.0, "stars": "Not Participating", "city": "Dover", "county": "Kent"}}, {"type": "Feature", "geometry": {"type": "Point", "coordinates": [-75.664849999556, 39.7773900001974]}, "properties": {"name": "WILMINGTON CHRISTIAN SCHOOL EARLY LEARNING CENTER", "capacity": 77.0, "stars": "Not Participating", "city": "Hockessin", "county": "New Castle"}}, {"type": "Feature", "geometry": {"type": "Point", "coordinates": [-75.68453599959413, 39.74701399966603]}, "properties": {"name": "CELEBREE SCHOOL OF PIKE CREEK DBA THE BSL GROUP, LLC.", "capacity": 167.0, "stars": "Not Participating", "city": "Wilmington", "county": "New Castle"}}, {"type": "Feature", "geometry": {"type": "Point", "coordinates": [-75.54348999958, 39.746590000313965]}, "properties": {"name": "PRECIOUS LITTLE HANDS CHILDCARE CENTER LLC III", "capacity": 50.0, "stars": "Not Participating", "city": "Wilmington", "county": "New Castle"}}, {"type": "Feature", "geometry": {"type": "Point", "coordinates": [-75.38255000001362, 38.461979999804704]}, "properties": {"name": "SOUZA DE SENA, ERICA", "capacity": 6.0, "stars": "Not Participating", "city": "Millsboro", "county": "Sussex"}}, {"type": "Feature", "geometry": {"type": "Point", "coordinates": [-75.64277300043854, 39.64441499974325]}, "properties": {"name": "FAIRWINDS EARLY LEARNING CENTER", "capacity": 73.0, "stars": "Not Participating", "city": "Bear", "county": "New Castle"}}, {"type": "Feature", "geometry": {"type": "Point", "coordinates": [-75.6740300002254, 39.5972899997095]}, "properties": {"name": "RED LION EARLY EDUCATION CENTER", "capacity": 166.0, "stars": "Not Participating", "city": "Bear", "county": "New Castle"}}, {"type": "Feature", "geometry": {"type": "Point", "coordinates": [-75.63847299963373, 39.41521200022405]}, "properties": {"name": "WITT, MELANIE", "capacity": 6.0, "stars": "Not Participating", "city": "Townsend", "county": "New Castle"}}, {"type": "Feature", "geometry": {"type": "Point", "coordinates": [-75.42170000033201, 38.92059999996488]}, "properties": {"name": "EARLY LIFE LEARNING LLC", "capacity": 138.0, "stars": "Not Participating", "city": "Milford", "county": "Kent"}}, {"type": "Feature", "geometry": {"type": "Point", "coordinates": [-75.54957000044219, 39.793499999686944]}, "properties": {"name": "ST. MARY MAGDALEN SCHOOL", "capacity": 59.0, "stars": "Not Participating", "city": "Wilmington", "county": "New Castle"}}, {"type": "Feature", "geometry": {"type": "Point", "coordinates": [-75.53786999992367, 39.75725000016549]}, "properties": {"name": "CANNON, GAIL", "capacity": 6.0, "stars": "Not Participating", "city": "Wilmington", "county": "New Castle"}}, {"type": "Feature", "geometry": {"type": "Point", "coordinates": [-75.58091799956733, 38.92834400010451]}, "properties": {"name": "PUBLIC SCHOOL/LAKE FOREST/LAKE FOREST SOUTH ELEMENTARY", "capacity": 21.0, "stars": "Not Participating", "city": "Harrington", "county": "Kent"}}, {"type": "Feature", "geometry": {"type": "Point", "coordinates": [-75.68604600021308, 39.500331000051155]}, "properties": {"name": "BRILLIANT LITTLE MINDS @ CLE", "capacity": 61.0, "stars": "Not Participating", "city": "Middletown", "county": "New Castle"}}, {"type": "Feature", "geometry": {"type": "Point", "coordinates": [-75.58952999997416, 38.59485000031726]}, "properties": {"name": "SUSSEX PRESCHOOLS-LAUREL SCHOOL AGE SITE", "capacity": 47.0, "stars": "Not Participating", "city": "Laurel", "county": "Sussex"}}, {"type": "Feature", "geometry": {"type": "Point", "coordinates": [-75.5579919999799, 39.68824700026928]}, "properties": {"name": "SUMMERCOLLAB @ EISENBERG ELEMENTARY SCHOOL", "capacity": 249.0, "stars": "Not Participating", "city": "New Castle", "county": "New Castle"}}, {"type": "Feature", "geometry": {"type": "Point", "coordinates": [-75.60870999967399, 39.56455000016348]}, "properties": {"name": "SUMMERCOLLAB @ SOUTHERN ELEMENTARY SCHOOL", "capacity": 325.0, "stars": "Not Participating", "city": "New Castle", "county": "New Castle"}}, {"type": "Feature", "geometry": {"type": "Point", "coordinates": [-75.55989300041111, 39.70786599973042]}, "properties": {"name": "BAE, HANEUL", "capacity": 9.0, "stars": "Not Participating", "city": "New Castle", "county": "New Castle"}}, {"type": "Feature", "geometry": {"type": "Point", "coordinates": [-75.37249999985617, 38.885599999684956]}, "properties": {"name": "REEVES, CRISHONA", "capacity": 6.0, "stars": "Not Participating", "city": "Milford", "county": "Sussex"}}, {"type": "Feature", "geometry": {"type": "Point", "coordinates": [-75.64418000022701, 39.44364000010212]}, "properties": {"name": "DELUZ, JOLEEN", "capacity": 9.0, "stars": "Not Participating", "city": "Middletown", "county": "New Castle"}}, {"type": "Feature", "geometry": {"type": "Point", "coordinates": [-75.58375999963171, 39.69180000022537]}, "properties": {"name": "HUDGON, LESLIE", "capacity": 6.0, "stars": "Not Participating", "city": "New Castle", "county": "New Castle"}}, {"type": "Feature", "geometry": {"type": "Point", "coordinates": [-75.7195729996038, 39.48327199994974]}, "properties": {"name": "HAPPY PLACE 5, LLC", "capacity": 82.0, "stars": "Not Participating", "city": "Middletown", "county": "New Castle"}}, {"type": "Feature", "geometry": {"type": "Point", "coordinates": [-75.60260899979373, 39.7179909998336]}, "properties": {"name": "NEWPORT EARLY LEARNING CENTER", "capacity": 57.0, "stars": "Not Participating", "city": "Wilmington", "county": "New Castle"}}, {"type": "Feature", "geometry": {"type": "Point", "coordinates": [-75.52901999986547, 39.748609999802916]}, "properties": {"name": "LESLIE A. JOHNSON HEAD START", "capacity": 137.0, "stars": "Not Participating", "city": "Wilmington", "county": "New Castle"}}, {"type": "Feature", "geometry": {"type": "Point", "coordinates": [-75.67356999991786, 39.4793299997605]}, "properties": {"name": "MULLAN-WRIGHT DBA SUNSHINE CHILDREN'S HOUSE, SHAUN", "capacity": 12.0, "stars": "Not Participating", "city": "Middletown", "county": "New Castle"}}, {"type": "Feature", "geometry": {"type": "Point", "coordinates": [-75.68310399969128, 39.68760900019528]}, "properties": {"name": "LITTLE STARS LEARN & GROW ACADEMY", "capacity": 60.0, "stars": "Not Participating", "city": "Newark", "county": "New Castle"}}, {"type": "Feature", "geometry": {"type": "Point", "coordinates": [-75.63542999972792, 39.66549000020275]}, "properties": {"name": "GUTIERREZ, JENNY", "capacity": 9.0, "stars": "Not Participating", "city": "New Castle", "county": "New Castle"}}, {"type": "Feature", "geometry": {"type": "Point", "coordinates": [-75.59716999988737, 39.754279999971445]}, "properties": {"name": "DUCKLINGS EARLY LEARNING CENTER - CHESTNUT RUN", "capacity": 160.0, "stars": "Not Participating", "city": "Wilmington", "county": "New Castle"}}, {"type": "Feature", "geometry": {"type": "Point", "coordinates": [-75.56479900021498, 39.740797000144866]}, "properties": {"name": "ST. BAKHITA LEARNING ACADEMY LLC", "capacity": 154.0, "stars": "Not Participating", "city": "Wilmington", "county": "New Castle"}}, {"type": "Feature", "geometry": {"type": "Point", "coordinates": [-75.54446999957123, 39.73868099974143]}, "properties": {"name": "THE EARLY LEARNING CENTER AT PINE LLC", "capacity": 156.0, "stars": "Not Participating", "city": "Wilmington", "county": "New Castle"}}, {"type": "Feature", "geometry": {"type": "Point", "coordinates": [-75.58527000025066, 38.611979999804824]}, "properties": {"name": "QUINONES, LESLIE", "capacity": 6.0, "stars": "Not Participating", "city": "Seaford", "county": "Sussex"}}, {"type": "Feature", "geometry": {"type": "Point", "coordinates": [-75.31528480012237, 38.78124248987647]}, "properties": {"name": "CHILDREN'S BEACH HOUSE, INC. @ HOB", "capacity": 63.0, "stars": "Not Participating", "city": "Milton", "county": "Sussex"}}, {"type": "Feature", "geometry": {"type": "Point", "coordinates": [-75.31342000000049, 38.77285999988611]}, "properties": {"name": "CHILDREN'S BEACH HOUSE, INC. (AT MILTON ELEMENTARY SCHOOL)", "capacity": 229.0, "stars": "Not Participating", "city": "Milton", "county": "Sussex"}}, {"type": "Feature", "geometry": {"type": "Point", "coordinates": [-75.60027999974034, 39.28375999991756]}, "properties": {"name": "YOUNG, TYRA", "capacity": 6.0, "stars": "Not Participating", "city": "Smyrna", "county": "Kent"}}, {"type": "Feature", "geometry": {"type": "Point", "coordinates": [-75.57248000013608, 39.74895000026018]}, "properties": {"name": "ABR EARLY LEARNING TOO", "capacity": 12.0, "stars": "Not Participating", "city": "Wilmington", "county": "New Castle"}}, {"type": "Feature", "geometry": {"type": "Point", "coordinates": [-75.73361999971901, 39.65385999995809]}, "properties": {"name": "JARDON DBA LITTLE ROSES DAYCARE, AAMANI", "capacity": 6.0, "stars": "Not Participating", "city": "Newark", "county": "New Castle"}}, {"type": "Feature", "geometry": {"type": "Point", "coordinates": [-75.47902699989446, 39.78410499978405]}, "properties": {"name": "DESTINED FOR GREATNESS LEARNING CENTER IV INC", "capacity": 62.0, "stars": "Not Participating", "city": "Wilmington", "county": "New Castle"}}, {"type": "Feature", "geometry": {"type": "Point", "coordinates": [-75.63394000009876, 39.291059999924684]}, "properties": {"name": "YMCA OF DELAWARE/PROVIDENCE CREEK ACADEMY", "capacity": 45.0, "stars": "Not Participating", "city": "Clayton", "county": "Kent"}}, {"type": "Feature", "geometry": {"type": "Point", "coordinates": [-75.55675800044378, 39.744120999771404]}, "properties": {"name": "LEARNING CENTER AT MADISON LLC", "capacity": 136.0, "stars": "Not Participating", "city": "Wilmington", "county": "New Castle"}}, {"type": "Feature", "geometry": {"type": "Point", "coordinates": [-75.63463600040785, 39.64707700008749]}, "properties": {"name": "INNOVATIVE KIDS EARLY LEARNING ACADEMY", "capacity": 133.0, "stars": "Not Participating", "city": "Bear", "county": "New Castle"}}, {"type": "Feature", "geometry": {"type": "Point", "coordinates": [-75.54606700022882, 39.16774799997676]}, "properties": {"name": "DESTINED FOR GREATNESS LEARNING CENTER V INC.", "capacity": 62.0, "stars": "Not Participating", "city": "Dover", "county": "Kent"}}, {"type": "Feature", "geometry": {"type": "Point", "coordinates": [-75.6740300002254, 39.71522000009733]}, "properties": {"name": "KIRKWOOD EARLY LEARNING CENTER, INC.", "capacity": 65.0, "stars": "Not Participating", "city": "Wilmington", "county": "New Castle"}}, {"type": "Feature", "geometry": {"type": "Point", "coordinates": [-75.63008000040834, 39.43451000024173]}, "properties": {"name": "YMCA OF DELAWARE/SPRING MEADOW EARLY CHILDHOOD CENTER", "capacity": 40.0, "stars": "Not Participating", "city": "Townsend", "county": "New Castle"}}, {"type": "Feature", "geometry": {"type": "Point", "coordinates": [-75.71239600037116, 39.77290399991517]}, "properties": {"name": "GODDARD SCHOOL OF HOCKESSIN", "capacity": 117.0, "stars": "Not Participating", "city": "Hockessin", "county": "New Castle"}}, {"type": "Feature", "geometry": {"type": "Point", "coordinates": [-75.54351999971722, 39.739399999688274]}, "properties": {"name": "BOYS & GIRLS CLUB @ MAURICE PRITCHETT SR. ACADEMY", "capacity": 120.0, "stars": "Not Participating", "city": "Wilmington", "county": "New Castle"}}, {"type": "Feature", "geometry": {"type": "Point", "coordinates": [-75.78448999974907, 39.654090000242604]}, "properties": {"name": "KHAN, RAHMA", "capacity": 9.0, "stars": "Not Participating", "city": "Newark", "county": "New Castle"}}, {"type": "Feature", "geometry": {"type": "Point", "coordinates": [-75.58431000035092, 39.74131000028156]}, "properties": {"name": "VISION LEARNING CENTER 2", "capacity": 50.0, "stars": "Not Participating", "city": "Wilmington", "county": "New Castle"}}, {"type": "Feature", "geometry": {"type": "Point", "coordinates": [-75.5485519999178, 39.68601100023006]}, "properties": {"name": "THE LEARNING TREE 2", "capacity": 16.0, "stars": "Not Participating", "city": "New Castle", "county": "New Castle"}}, {"type": "Feature", "geometry": {"type": "Point", "coordinates": [-75.65386999963604, 39.69022000024191]}, "properties": {"name": "DELAWARE TECHNICAL COMMUNITY COLLEGE CDC STANTON", "capacity": 98.0, "stars": "Not Participating", "city": "Newark", "county": "New Castle"}}, {"type": "Feature", "geometry": {"type": "Point", "coordinates": [-75.74756999974986, 39.61625000008372]}, "properties": {"name": "GREAT NEW BEGINNINGS OF PENCADER, INC..", "capacity": 188.0, "stars": "Not Participating", "city": "Newark", "county": "New Castle"}}, {"type": "Feature", "geometry": {"type": "Point", "coordinates": [-75.59822299967354, 39.267004300003784]}, "properties": {"name": "ACELERO LEARNING SMYRNA CENTER", "capacity": 55.0, "stars": "Not Participating", "city": "Smyrna", "county": "Kent"}}, {"type": "Feature", "geometry": {"type": "Point", "coordinates": [-75.51074700036193, 39.17164600005716]}, "properties": {"name": "ACELERO LEARNING WHITE OAK CENTER", "capacity": 63.0, "stars": "Not Participating", "city": "Dover", "county": "Kent"}}, {"type": "Feature", "geometry": {"type": "Point", "coordinates": [-75.53810000007745, 39.156899999873595]}, "properties": {"name": "ACELERO LEARNING COLONIAL GARDENS CENTER", "capacity": 51.0, "stars": "Not Participating", "city": "Dover", "county": "Kent"}}, {"type": "Feature", "geometry": {"type": "Point", "coordinates": [-75.57452700015716, 38.922465999662236]}, "properties": {"name": "ACELERO LEARNING HARRINGTON CENTER", "capacity": 55.0, "stars": "Not Participating", "city": "Harrington", "county": "Kent"}}, {"type": "Feature", "geometry": {"type": "Point", "coordinates": [-75.43179999981986, 38.921100000325126]}, "properties": {"name": "ACELERO LEARNING MILFORD CENTER", "capacity": 50.0, "stars": "Not Participating", "city": "Milford", "county": "Kent"}}, {"type": "Feature", "geometry": {"type": "Point", "coordinates": [-75.59920000019001, 38.73750000008777]}, "properties": {"name": "ACELERO LEARNING BRIDGEVILLE CENTER", "capacity": 45.0, "stars": "Not Participating", "city": "Bridgeville", "county": "Sussex"}}, {"type": "Feature", "geometry": {"type": "Point", "coordinates": [-75.32051000009278, 38.62288999991088]}, "properties": {"name": "ACELERO LEARNING STOCKLEY CENTER", "capacity": 66.0, "stars": "Not Participating", "city": "Georgetown", "county": "Sussex"}}, {"type": "Feature", "geometry": {"type": "Point", "coordinates": [-75.57086999995802, 38.56667300026532]}, "properties": {"name": "ACELERO LEARNING LAUREL CENTER", "capacity": 30.0, "stars": "Not Participating", "city": "Laurel", "county": "Sussex"}}, {"type": "Feature", "geometry": {"type": "Point", "coordinates": [-75.54163500007787, 39.158645000277566]}, "properties": {"name": "YMCA OF DELAWARE/BOOKER T. WASHINGTON", "capacity": 68.0, "stars": "Not Participating", "city": "Dover", "county": "Kent"}}, {"type": "Feature", "geometry": {"type": "Point", "coordinates": [-75.50528499999105, 39.1571309999759]}, "properties": {"name": "YMCA OF DELAWARE/EAST DOVER EARLY CHILDHOOD CENTER", "capacity": 99.0, "stars": "Not Participating", "city": "Dover", "county": "Kent"}}, {"type": "Feature", "geometry": {"type": "Point", "coordinates": [-75.63088299994925, 39.73108799976326]}, "properties": {"name": "LITTLE PEOPLE COLLEGE", "capacity": 36.0, "stars": "Not Participating", "city": "Wilmington", "county": "New Castle"}}, {"type": "Feature", "geometry": {"type": "Point", "coordinates": [-75.520700000435, 39.17290000023971]}, "properties": {"name": "JJ'S LEARNING EXPERIENCE II LLC", "capacity": 132.0, "stars": "Not Participating", "city": "Dover", "county": "Kent"}}, {"type": "Feature", "geometry": {"type": "Point", "coordinates": [-75.54583000040235, 39.74832000009804]}, "properties": {"name": "LITTLE FOLKS TOO", "capacity": 134.0, "stars": "Not Participating", "city": "Wilmington", "county": "New Castle"}}, {"type": "Feature", "geometry": {"type": "Point", "coordinates": [-75.59439999979303, 39.7532200000655]}, "properties": {"name": "HELPING YOUNG PEOPLE EXCEL ELC (H.Y.P.E., ELC )", "capacity": 49.0, "stars": "Not Participating", "city": "Wilmington", "county": "New Castle"}}, {"type": "Feature", "geometry": {"type": "Point", "coordinates": [-75.66049000027338, 39.58956500020849]}, "properties": {"name": "THE MIL ACADEMY", "capacity": 57.0, "stars": "Not Participating", "city": "New Castle", "county": "New Castle"}}, {"type": "Feature", "geometry": {"type": "Point", "coordinates": [-75.5106899995622, 39.17760000026966]}, "properties": {"name": "LIMITLESS LEARNERS CHILD CARE LLC", "capacity": 10.0, "stars": "Not Participating", "city": "Dover", "county": "Kent"}}, {"type": "Feature", "geometry": {"type": "Point", "coordinates": [-75.66635000012923, 39.50727000002524]}, "properties": {"name": "SABALE, DIPA", "capacity": 6.0, "stars": "Not Participating", "city": "Middletown", "county": "New Castle"}}, {"type": "Feature", "geometry": {"type": "Point", "coordinates": [-75.72887000044906, 39.66463999987741]}, "properties": {"name": "GOLDBERG, ERIN", "capacity": 6.0, "stars": "Not Participating", "city": "Newark", "county": "New Castle"}}, {"type": "Feature", "geometry": {"type": "Point", "coordinates": [-75.59716999988737, 39.754279999971445]}, "properties": {"name": "DUCKLINGS ELC/CRISP", "capacity": 160.0, "stars": "Not Participating", "city": "Wilmington", "county": "New Castle"}}, {"type": "Feature", "geometry": {"type": "Point", "coordinates": [-75.32898799970702, 38.78720399995632]}, "properties": {"name": "SHELL'S EARLY LEARNING MILTON CENTER", "capacity": 94.0, "stars": "Not Participating", "city": "Milton", "county": "Sussex"}}, {"type": "Feature", "geometry": {"type": "Point", "coordinates": [-75.52820300008088, 38.92823000010874]}, "properties": {"name": "SHELL'S EARLY LEARNING HARRINGTON CENTER", "capacity": 69.0, "stars": "Not Participating", "city": "Harrington", "county": "Kent"}}, {"type": "Feature", "geometry": {"type": "Point", "coordinates": [-75.54480000018242, 39.11739999995588]}, "properties": {"name": "SHELL'S EARLY LEARNING CAMDEN CENTER", "capacity": 102.0, "stars": "Not Participating", "city": "Camden Wyoming", "county": "Kent"}}, {"type": "Feature", "geometry": {"type": "Point", "coordinates": [-75.56819000027535, 39.7502300000141]}, "properties": {"name": "OLIVE TREE LEARNING CENTER", "capacity": 89.0, "stars": "Not Participating", "city": "Wilmington", "county": "New Castle"}}, {"type": "Feature", "geometry": {"type": "Point", "coordinates": [-75.69277700028019, 39.649628000206974]}, "properties": {"name": "LITTLE PEOPLE'S LEARNING ACADEMY, LLC", "capacity": 80.0, "stars": "Not Participating", "city": "Newark", "county": "New Castle"}}, {"type": "Feature", "geometry": {"type": "Point", "coordinates": [-75.57452700015716, 38.922465999662236]}, "properties": {"name": "CHILDREN & FAMILIES FIRST HEAD START HARRINGTON", "capacity": 26.0, "stars": "Not Participating", "city": "Harrington", "county": "Kent"}}, {"type": "Feature", "geometry": {"type": "Point", "coordinates": [-75.40855000036733, 38.92916000005815]}, "properties": {"name": "LITTLE BUCS LEARNING CENTER LLC", "capacity": 32.0, "stars": "Not Participating", "city": "Milford", "county": "Kent"}}, {"type": "Feature", "geometry": {"type": "Point", "coordinates": [-75.70517200038455, 39.610914000039514]}, "properties": {"name": "TREE OF LIFE LEARNING CENTER, INC. DBA THE LEARNING TREE", "capacity": 157.0, "stars": "Not Participating", "city": "Bear", "county": "New Castle"}}, {"type": "Feature", "geometry": {"type": "Point", "coordinates": [-75.49288200038907, 39.82134199996543]}, "properties": {"name": "TEMPLE, SUSAN", "capacity": 6.0, "stars": "Not Participating", "city": "Wilmington", "county": "New Castle"}}, {"type": "Feature", "geometry": {"type": "Point", "coordinates": [-75.57086999995802, 38.56667300026532]}, "properties": {"name": "CHILDREN & FAMILIES FIRST HEAD START LAUREL", "capacity": 30.0, "stars": "Not Participating", "city": "Laurel", "county": "Sussex"}}, {"type": "Feature", "geometry": {"type": "Point", "coordinates": [-75.28006000011605, 38.75631999999863]}, "properties": {"name": "CHILDREN & FAMILIES FIRST HEAD START COOL SPRING", "capacity": 34.0, "stars": "Not Participating", "city": "Milton", "county": "Sussex"}}, {"type": "Feature", "geometry": {"type": "Point", "coordinates": [-75.38369999988414, 38.879060000202195]}, "properties": {"name": "NAHOMI'S CHILDCARE", "capacity": 11.0, "stars": "Not Participating", "city": "Lincoln", "county": "Sussex"}}, {"type": "Feature", "geometry": {"type": "Point", "coordinates": [-75.56269399956929, 39.708554000040635]}, "properties": {"name": "CRADLES TO CRAYONS III EARLY LEARNING CENTER", "capacity": 83.0, "stars": "Not Participating", "city": "New Castle", "county": "New Castle"}}, {"type": "Feature", "geometry": {"type": "Point", "coordinates": [-75.47139299982904, 39.79229200029181]}, "properties": {"name": "YMCA OF DELAWARE/MAPLE LANE ELEMENTARY SCHOOL", "capacity": 43.0, "stars": "Not Participating", "city": "Claymont", "county": "New Castle"}}, {"type": "Feature", "geometry": {"type": "Point", "coordinates": [-75.6433900002066, 39.2745800000471]}, "properties": {"name": "BOYS & GIRLS CLUB @ CLAYTON INTERMEDIATE SCHOOL", "capacity": 115.0, "stars": "Not Participating", "city": "Clayton", "county": "Kent"}}, {"type": "Feature", "geometry": {"type": "Point", "coordinates": [-75.50597000042949, 39.082980000092974]}, "properties": {"name": "BOYS & GIRLS CLUB @ ROBINSON ELEMENTARY", "capacity": 86.0, "stars": "Not Participating", "city": "Magnolia", "county": "Kent"}}, {"type": "Feature", "geometry": {"type": "Point", "coordinates": [-75.68936399958021, 39.68436700019987]}, "properties": {"name": "PEQUENAS MANITAS EARLY LEARNING CENTER", "capacity": 12.0, "stars": "Not Participating", "city": "Newark", "county": "New Castle"}}, {"type": "Feature", "geometry": {"type": "Point", "coordinates": [-75.57392999958226, 39.74773899967701]}, "properties": {"name": "KIDZ KLUB CHILDCARE #2", "capacity": 11.0, "stars": "Not Participating", "city": "Wilmington", "county": "New Castle"}}, {"type": "Feature", "geometry": {"type": "Point", "coordinates": [-75.60260899979373, 39.7179909998336]}, "properties": {"name": "PYRAMID LEARNING ACADEMY II", "capacity": 57.0, "stars": "Not Participating", "city": "Wilmington", "county": "New Castle"}}, {"type": "Feature", "geometry": {"type": "Point", "coordinates": [-75.43197999974491, 38.90836000016675]}, "properties": {"name": "BRIGHTPATH MILFORD", "capacity": 179.0, "stars": "Not Participating", "city": "Milford", "county": "Sussex"}}, {"type": "Feature", "geometry": {"type": "Point", "coordinates": [-75.618009999994, 39.297369999870355]}, "properties": {"name": "BRIGHTPATH SMYRNA", "capacity": 144.0, "stars": "Not Participating", "city": "Smyrna", "county": "Kent"}}, {"type": "Feature", "geometry": {"type": "Point", "coordinates": [-75.55740000032618, 38.722840000133566]}, "properties": {"name": "NICHOLS, LA'TASHA", "capacity": 6.0, "stars": "Not Participating", "city": "Bridgeville", "county": "Sussex"}}, {"type": "Feature", "geometry": {"type": "Point", "coordinates": [-75.68502600003889, 39.39768599975049]}, "properties": {"name": "YMCA OF DELAWARE/TOWNSEND", "capacity": 70.0, "stars": "Not Participating", "city": "Townsend", "county": "New Castle"}}, {"type": "Feature", "geometry": {"type": "Point", "coordinates": [-75.68726999970346, 39.45694000023517]}, "properties": {"name": "BRILLIANT LITTLE MINDS @ BMECC", "capacity": 60.0, "stars": "Not Participating", "city": "Middletown", "county": "New Castle"}}, {"type": "Feature", "geometry": {"type": "Point", "coordinates": [-75.62968000037525, 39.43459999976085]}, "properties": {"name": "BRILLIANT LITTLE MINDS @ ODESSA PRESCHOOL", "capacity": 34.0, "stars": "Not Participating", "city": "Townsend", "county": "New Castle"}}, {"type": "Feature", "geometry": {"type": "Point", "coordinates": [-75.60571000032418, 39.27680999996639]}, "properties": {"name": "RUIZ, GEORGINA", "capacity": 6.0, "stars": "Not Participating", "city": "Smyrna", "county": "Kent"}}, {"type": "Feature", "geometry": {"type": "Point", "coordinates": [-75.62478000041915, 38.45787000001617]}, "properties": {"name": "WEBB, MARY", "capacity": 6.0, "stars": "Not Participating", "city": "Delmar", "county": "Sussex"}}, {"type": "Feature", "geometry": {"type": "Point", "coordinates": [-75.63799999980573, 39.64774999967936]}, "properties": {"name": "SPRINKLES CHRISTIAN CHILD CARE & DEVELOPMENT, LLC", "capacity": 68.0, "stars": "Not Participating", "city": "Bear", "county": "New Castle"}}, {"type": "Feature", "geometry": {"type": "Point", "coordinates": [-75.48487000003186, 39.11314000019105]}, "properties": {"name": "ARTHUR, BEATRICE", "capacity": 6.0, "stars": "Not Participating", "city": "Dover", "county": "Kent"}}, {"type": "Feature", "geometry": {"type": "Point", "coordinates": [-75.57080999968355, 39.749210000127654]}, "properties": {"name": "ABR EARLY LEARNING", "capacity": 12.0, "stars": "Not Participating", "city": "Wilmington", "county": "New Castle"}}, {"type": "Feature", "geometry": {"type": "Point", "coordinates": [-75.70057000035429, 39.66966999993703]}, "properties": {"name": "THE LEARNING EXPERIENCE", "capacity": 179.0, "stars": "Not Participating", "city": "Newark", "county": "New Castle"}}, {"type": "Feature", "geometry": {"type": "Point", "coordinates": [-75.66338000001832, 39.642099999846025]}, "properties": {"name": "BRIGHTPATH SONGSMITH BEAR", "capacity": 135.0, "stars": "Not Participating", "city": "Bear", "county": "New Castle"}}, {"type": "Feature", "geometry": {"type": "Point", "coordinates": [-75.61731500040813, 39.664562000130836]}, "properties": {"name": "GREGORY DBA BLOSSOMING SCHOLARS, NICOLE", "capacity": 6.0, "stars": "Not Participating", "city": "New Castle", "county": "New Castle"}}, {"type": "Feature", "geometry": {"type": "Point", "coordinates": [-75.53465299994059, 39.7537830001012]}, "properties": {"name": "LJ'S PLAYPEN ACADEMY CENTER LLC", "capacity": 115.0, "stars": "Not Participating", "city": "Wilmington", "county": "New Castle"}}, {"type": "Feature", "geometry": {"type": "Point", "coordinates": [-75.72173000012803, 39.53712999999502]}, "properties": {"name": "LAFAZIA, REBECCA", "capacity": 6.0, "stars": "Not Participating", "city": "Middletown", "county": "New Castle"}}, {"type": "Feature", "geometry": {"type": "Point", "coordinates": [-75.22837999997408, 38.7491300001966]}, "properties": {"name": "LITTLE VIKINGS @ SUSSEX CONSORTIUM", "capacity": 387.0, "stars": "Not Participating", "city": "Lewes", "county": "Sussex"}}, {"type": "Feature", "geometry": {"type": "Point", "coordinates": [-75.60517700022172, 39.30523799997797]}, "properties": {"name": "C4D KIDZ NURSERY", "capacity": 49.0, "stars": "Not Participating", "city": "Smyrna", "county": "Kent"}}, {"type": "Feature", "geometry": {"type": "Point", "coordinates": [-75.53960999979809, 39.17103000007313]}, "properties": {"name": "KIND KIDS EARLY LEARNING CENTER", "capacity": 70.0, "stars": "Not Participating", "city": "Dover", "county": "Kent"}}, {"type": "Feature", "geometry": {"type": "Point", "coordinates": [-75.42803200019094, 38.87111800028936]}, "properties": {"name": "HAPPYLAND CHILDCARE SITE #1", "capacity": 12.0, "stars": "Not Participating", "city": "Lincoln", "county": "Sussex"}}, {"type": "Feature", "geometry": {"type": "Point", "coordinates": [-75.18471999968692, 38.630009999965026]}, "properties": {"name": "YMCA OF DELAWARE/LONG NECK ELEMENTARY", "capacity": 90.0, "stars": "Not Participating", "city": "Millsboro", "county": "Sussex"}}, {"type": "Feature", "geometry": {"type": "Point", "coordinates": [-75.39137999998033, 38.685489999780664]}, "properties": {"name": "YMCA OF DELAWARE/GEORGETOWN ELEMENTARY", "capacity": 66.0, "stars": "Not Participating", "city": "Georgetown", "county": "Sussex"}}, {"type": "Feature", "geometry": {"type": "Point", "coordinates": [-75.4488899998409, 38.9195199999383]}, "properties": {"name": "SMART START LEARNING CENTER LLC", "capacity": 46.0, "stars": "Not Participating", "city": "Milford", "county": "Kent"}}, {"type": "Feature", "geometry": {"type": "Point", "coordinates": [-75.69646399971823, 39.59501599966322]}, "properties": {"name": "BRIGHTPATH PORTER", "capacity": 160.0, "stars": "Not Participating", "city": "Bear", "county": "New Castle"}}, {"type": "Feature", "geometry": {"type": "Point", "coordinates": [-75.64380799978304, 39.64922900023351]}, "properties": {"name": "BRIGHTPATH SCHOOL BELL BEAR", "capacity": 110.0, "stars": "Not Participating", "city": "Bear", "county": "New Castle"}}, {"type": "Feature", "geometry": {"type": "Point", "coordinates": [-75.46866000044294, 39.807050000025754]}, "properties": {"name": "GRIFFITH, TISHA", "capacity": 6.0, "stars": "Not Participating", "city": "Claymont", "county": "New Castle"}}, {"type": "Feature", "geometry": {"type": "Point", "coordinates": [-75.54019999980197, 39.75070000018092]}, "properties": {"name": "OUR FUTURE CHILD CARE CENTER, LLC", "capacity": 63.0, "stars": "Not Participating", "city": "Wilmington", "county": "New Castle"}}, {"type": "Feature", "geometry": {"type": "Point", "coordinates": [-75.55942529974494, 39.79419469973655]}, "properties": {"name": "DUCKLINGS ELC MIDDLETOWN DBA JDBB HOLDINGS, LLC.", "capacity": 145.0, "stars": "Not Participating", "city": "Middletown", "county": "New Castle"}}, {"type": "Feature", "geometry": {"type": "Point", "coordinates": [-75.61263300001191, 39.77089100016577]}, "properties": {"name": "TATNALL SCHOOL EARLY CHILDHOOD", "capacity": 152.0, "stars": "Not Participating", "city": "Wilmington", "county": "New Castle"}}, {"type": "Feature", "geometry": {"type": "Point", "coordinates": [-75.70190000014988, 39.45380000027874]}, "properties": {"name": "ST. ANDREWS PRESCHOOL AND CHILD CARE CENTER", "capacity": 68.0, "stars": "Not Participating", "city": "Middletown", "county": "New Castle"}}, {"type": "Feature", "geometry": {"type": "Point", "coordinates": [-75.53799999962001, 39.17713000012851]}, "properties": {"name": "DANIELS, MIESHA", "capacity": 6.0, "stars": "Not Participating", "city": "Dover", "county": "Kent"}}, {"type": "Feature", "geometry": {"type": "Point", "coordinates": [-75.71513999962792, 39.44307000023086]}, "properties": {"name": "BETHESDA CDC @APPOQUINIMINK PRESCHOOL CENTER", "capacity": 20.0, "stars": "Not Participating", "city": "Middletown", "county": "New Castle"}}, {"type": "Feature", "geometry": {"type": "Point", "coordinates": [-75.4164200004343, 38.90724999997041]}, "properties": {"name": "MISPILLION UD/4-H AFTERSCHOOL", "capacity": 81.0, "stars": "Not Participating", "city": "Milford", "county": "Sussex"}}, {"type": "Feature", "geometry": {"type": "Point", "coordinates": [-75.7075199998062, 39.75017000027634]}, "properties": {"name": "THE INDEPENDENCE SCHOOL", "capacity": 125.0, "stars": "Not Participating", "city": "Newark", "county": "New Castle"}}, {"type": "Feature", "geometry": {"type": "Point", "coordinates": [-75.53656000021958, 39.165480000249545]}, "properties": {"name": "SPARK AFTER SCHOOL PROGRAM @ CAMPUS COMMUNITY", "capacity": 43.0, "stars": "Not Participating", "city": "Dover", "county": "Kent"}}, {"type": "Feature", "geometry": {"type": "Point", "coordinates": [-75.5967699998543, 39.72340999999236]}, "properties": {"name": "GOMEZ-MANZANO DBA BILINGUAL PEDAGOGY CHILDCARE LLC, KELLY", "capacity": 6.0, "stars": "Not Participating", "city": "Wilmington", "county": "New Castle"}}, {"type": "Feature", "geometry": {"type": "Point", "coordinates": [-75.51009999955834, 39.010330000146226]}, "properties": {"name": "LENKIEWICZ, SYLENA", "capacity": 6.0, "stars": "Not Participating", "city": "Felton", "county": "Kent"}}, {"type": "Feature", "geometry": {"type": "Point", "coordinates": [-75.6386800002213, 39.63421999966255]}, "properties": {"name": "TENDER CARE LEARNING ACADEMY II", "capacity": 204.0, "stars": "Not Participating", "city": "New Castle", "county": "New Castle"}}, {"type": "Feature", "geometry": {"type": "Point", "coordinates": [-75.55664999959042, 39.75239999972464]}, "properties": {"name": "URSULINE ACADEMY LOWER SCHOOL", "capacity": 109.0, "stars": "Not Participating", "city": "Wilmington", "county": "New Castle"}}, {"type": "Feature", "geometry": {"type": "Point", "coordinates": [-75.60519999978794, 39.29304000026195]}, "properties": {"name": "SWIFT, KIRSTEN", "capacity": 6.0, "stars": "Not Participating", "city": "Smyrna", "county": "Kent"}}, {"type": "Feature", "geometry": {"type": "Point", "coordinates": [-75.70086999992994, 39.660839999803045]}, "properties": {"name": "HYMES, JAN", "capacity": 6.0, "stars": "Starting with Stars", "city": "Newark", "county": "New Castle"}}, {"type": "Feature", "geometry": {"type": "Point", "coordinates": [-75.56996000028698, 39.207030000051525]}, "properties": {"name": "LOVE DRIVES CAPITAL CAMPUS", "capacity": 63.0, "stars": "Not Participating", "city": "Dover", "county": "Kent"}}, {"type": "Feature", "geometry": {"type": "Point", "coordinates": [-75.54231799996816, 39.75172999995703]}, "properties": {"name": "HARRIS DBA BEACON OF HOPE CHRISTIAN MINISTRY, INC., EVERETTE", "capacity": 6.0, "stars": "Not Participating", "city": "Wilmington", "county": "New Castle"}}, {"type": "Feature", "geometry": {"type": "Point", "coordinates": [-75.72670000040432, 39.686169999842456]}, "properties": {"name": "GREAT NEW BEGINNINGS OF NEWARK", "capacity": 173.0, "stars": "Not Participating", "city": "Newark", "county": "New Castle"}}, {"type": "Feature", "geometry": {"type": "Point", "coordinates": [-75.57121599956442, 39.7620220001151]}, "properties": {"name": "KIND MIND KIDS", "capacity": 35.0, "stars": "Not Participating", "city": "Wilmington", "county": "New Castle"}}, {"type": "Feature", "geometry": {"type": "Point", "coordinates": [-75.77433300035982, 39.6027869997616]}, "properties": {"name": "CHRIST THE TEACHER CATHOLIC SCHOOL", "capacity": 126.0, "stars": "Not Participating", "city": "Newark", "county": "New Castle"}}, {"type": "Feature", "geometry": {"type": "Point", "coordinates": [-75.54362400037262, 39.746290999889546]}, "properties": {"name": "J-TECH LEARNING CENTER", "capacity": 54.0, "stars": "Three Stars", "city": "Wilmington", "county": "New Castle"}}, {"type": "Feature", "geometry": {"type": "Point", "coordinates": [-75.13421999955273, 38.52163000025917]}, "properties": {"name": "RISE & SHINE LEARNING CENTER", "capacity": 115.0, "stars": "Not Participating", "city": "Frankford", "county": "Sussex"}}, {"type": "Feature", "geometry": {"type": "Point", "coordinates": [-75.50584999988058, 39.009760000171454]}, "properties": {"name": "GADE, TYEASHA", "capacity": 6.0, "stars": "Not Participating", "city": "Felton", "county": "Kent"}}, {"type": "Feature", "geometry": {"type": "Point", "coordinates": [-75.5640400001567, 39.75928000004327]}, "properties": {"name": "SHIRLEY'S LITTLE FRIENDS", "capacity": 12.0, "stars": "Not Participating", "city": "Wilmington", "county": "New Castle"}}, {"type": "Feature", "geometry": {"type": "Point", "coordinates": [-75.56666999961064, 39.75221999980879]}, "properties": {"name": "ST. ANTHONY OF PADUA", "capacity": 50.0, "stars": "Not Participating", "city": "Wilmington", "county": "New Castle"}}, {"type": "Feature", "geometry": {"type": "Point", "coordinates": [-75.7443200001548, 39.458460000267245]}, "properties": {"name": "BRILLIANT LITTLE MINDS @ BHE", "capacity": 60.0, "stars": "Not Participating", "city": "Middletown", "county": "New Castle"}}, {"type": "Feature", "geometry": {"type": "Point", "coordinates": [-75.56917000026658, 39.012010000241624]}, "properties": {"name": "WILLIAMS, SHELLIE", "capacity": 6.0, "stars": "Not Participating", "city": "Felton", "county": "Kent"}}, {"type": "Feature", "geometry": {"type": "Point", "coordinates": [-75.53599399960683, 39.74219399991176]}, "properties": {"name": "THE TEEN WAREHOUSE", "capacity": 130.0, "stars": "Not Participating", "city": "Wilmington", "county": "New Castle"}}, {"type": "Feature", "geometry": {"type": "Point", "coordinates": [-75.66112799995784, 39.594158999970155]}, "properties": {"name": "LITTLE HEARTS CHILDCARE PRESCHOOL-NURSERY", "capacity": 24.0, "stars": "Not Participating", "city": "New Castle", "county": "New Castle"}}, {"type": "Feature", "geometry": {"type": "Point", "coordinates": [-75.69497999993688, 39.39490999984384]}, "properties": {"name": "THE LEARNING HUB ACADEMY", "capacity": 12.0, "stars": "Not Participating", "city": "Townsend", "county": "New Castle"}}, {"type": "Feature", "geometry": {"type": "Point", "coordinates": [-75.51099000003617, 39.117940000066774]}, "properties": {"name": "CALVARY CHRISTIAN ACADEMY", "capacity": 99.0, "stars": "Not Participating", "city": "Dover", "county": "Kent"}}, {"type": "Feature", "geometry": {"type": "Point", "coordinates": [-75.56050000013342, 39.15448999997335]}, "properties": {"name": "HINES, JAMEELAH", "capacity": 12.0, "stars": "Not Participating", "city": "Dover", "county": "Kent"}}, {"type": "Feature", "geometry": {"type": "Point", "coordinates": [-75.55427829991663, 39.764852200137696]}, "properties": {"name": "WILMINGTON FRIENDS SCHOOL - LOWER SCHOOL", "capacity": 94.0, "stars": "Not Participating", "city": "Wilmington", "county": "New Castle"}}, {"type": "Feature", "geometry": {"type": "Point", "coordinates": [-75.68150000025932, 39.53348000013004]}, "properties": {"name": "BRILLIANT LITTLE MINDS @ LGE", "capacity": 105.0, "stars": "Not Participating", "city": "Middletown", "county": "New Castle"}}, {"type": "Feature", "geometry": {"type": "Point", "coordinates": [-75.6360399998233, 39.6629800000814]}, "properties": {"name": "LA FIESTA III", "capacity": 117.0, "stars": "Not Participating", "city": "New Castle", "county": "New Castle"}}, {"type": "Feature", "geometry": {"type": "Point", "coordinates": [-75.57037000036583, 39.2309299999173]}, "properties": {"name": "ROBINSON, NYESHA", "capacity": 6.0, "stars": "Not Participating", "city": "Dover", "county": "Kent"}}, {"type": "Feature", "geometry": {"type": "Point", "coordinates": [-75.53770000004435, 39.756049999677955]}, "properties": {"name": "BROWN DBA DIVINE BEACON OF HOPE, LLC, KIMALEE", "capacity": 12.0, "stars": "Not Participating", "city": "Wilmington", "county": "New Castle"}}, {"type": "Feature", "geometry": {"type": "Point", "coordinates": [-75.61964000026356, 39.64299000020956]}, "properties": {"name": "BETANCES, YUDELKA", "capacity": 6.0, "stars": "Not Participating", "city": "New Castle", "county": "New Castle"}}, {"type": "Feature", "geometry": {"type": "Point", "coordinates": [-75.65744499981943, 39.73423500028208]}, "properties": {"name": "ST. JOHN THE BELOVED EARLY CHILDHOOD PROGRAM", "capacity": 120.0, "stars": "Not Participating", "city": "Wilmington", "county": "New Castle"}}, {"type": "Feature", "geometry": {"type": "Point", "coordinates": [-75.531379999881, 39.75638000015248]}, "properties": {"name": "LITTLE ARROWS CHRISTIAN ACADEMY 2.0", "capacity": 38.0, "stars": "Not Participating", "city": "Wilmington", "county": "New Castle"}}, {"type": "Feature", "geometry": {"type": "Point", "coordinates": [-75.52300000017608, 39.14547999973166]}, "properties": {"name": "KIDS UNIVERSITY", "capacity": 22.0, "stars": "Not Participating", "city": "Dover", "county": "Kent"}}, {"type": "Feature", "geometry": {"type": "Point", "coordinates": [-75.70805999958137, 39.16711999979618]}, "properties": {"name": "HARTLY LEARNING ACADEMY INC", "capacity": 107.0, "stars": "Not Participating", "city": "Hartly", "county": "Kent"}}, {"type": "Feature", "geometry": {"type": "Point", "coordinates": [-75.5326899995851, 39.15547999972476]}, "properties": {"name": "BRIGHTPATH DOVER", "capacity": 135.0, "stars": "Not Participating", "city": "Dover", "county": "Kent"}}, {"type": "Feature", "geometry": {"type": "Point", "coordinates": [-75.67504100017875, 39.502423000320626]}, "properties": {"name": "KIDDIE ACADEMY - MIDDLETOWN", "capacity": 160.0, "stars": "Not Participating", "city": "Middletown", "county": "New Castle"}}, {"type": "Feature", "geometry": {"type": "Point", "coordinates": [-75.67388000043758, 39.63445999980685]}, "properties": {"name": "GREEN DBA CMMC DAYCARE LLC, CRYSTAL", "capacity": 12.0, "stars": "Not Participating", "city": "Bear", "county": "New Castle"}}, {"type": "Feature", "geometry": {"type": "Point", "coordinates": [-75.29581000029576, 38.59446999985882]}, "properties": {"name": "CADENCE ACADEMY PRESCHOOL-MILLSBORO", "capacity": 138.0, "stars": "Not Participating", "city": "Millsboro", "county": "Sussex"}}, {"type": "Feature", "geometry": {"type": "Point", "coordinates": [-75.71804500033981, 39.59838199977983]}, "properties": {"name": "CARAVEL EEC", "capacity": 80.0, "stars": "Not Participating", "city": "Bear", "county": "New Castle"}}, {"type": "Feature", "geometry": {"type": "Point", "coordinates": [-75.21551000039187, 38.460690000174516]}, "properties": {"name": "YMCA OF DELAWARE/PHILLIP C. SHOWELL", "capacity": 53.0, "stars": "Not Participating", "city": "Selbyville", "county": "Sussex"}}, {"type": "Feature", "geometry": {"type": "Point", "coordinates": [-75.66833000020314, 39.51377999978464]}, "properties": {"name": "BRILLIANT LITTLE MINDS @ CRE", "capacity": 100.0, "stars": "Not Participating", "city": "Middletown", "county": "New Castle"}}, {"type": "Feature", "geometry": {"type": "Point", "coordinates": [-75.42305000021908, 38.90427000007927]}, "properties": {"name": "MONDZELEWSKI, ASHLEY", "capacity": 6.0, "stars": "Not Participating", "city": "Milford", "county": "Sussex"}}, {"type": "Feature", "geometry": {"type": "Point", "coordinates": [-75.51111999973253, 39.175359999716086]}, "properties": {"name": "ROACH, JAMILA S", "capacity": 9.0, "stars": "Not Participating", "city": "Dover", "county": "Kent"}}, {"type": "Feature", "geometry": {"type": "Point", "coordinates": [-75.17612999991971, 38.630999999836554]}, "properties": {"name": "LIL RASCALS LEARNING CENTER, LLC", "capacity": 22.0, "stars": "Not Participating", "city": "Millsboro", "county": "Sussex"}}, {"type": "Feature", "geometry": {"type": "Point", "coordinates": [-75.52562200013242, 39.76084600010385]}, "properties": {"name": "MERCYLOVE ACADEMY LLC", "capacity": 12.0, "stars": "Not Participating", "city": "Wilmington", "county": "New Castle"}}, {"type": "Feature", "geometry": {"type": "Point", "coordinates": [-75.54265000022917, 39.10649999977704]}, "properties": {"name": "THE NEXT STEP LEARNING CENTER AT CAMDEN", "capacity": 75.0, "stars": "Not Participating", "city": "Camden", "county": "Kent"}}, {"type": "Feature", "geometry": {"type": "Point", "coordinates": [-75.67663000044044, 39.6645799996546]}, "properties": {"name": "SUMMERCOLLAB @ ACADEMIA ANTONIA ALONSO", "capacity": 304.0, "stars": "Not Participating", "city": "Newark", "county": "New Castle"}}, {"type": "Feature", "geometry": {"type": "Point", "coordinates": [-75.70517200038455, 39.610914000039514]}, "properties": {"name": "ALL ABOUT KIDZ", "capacity": 121.0, "stars": "Five Stars", "city": "Bear", "county": "New Castle"}}, {"type": "Feature", "geometry": {"type": "Point", "coordinates": [-75.57121599956442, 39.7620220001151]}, "properties": {"name": "KIND MIND KIDS AT IMMANUEL CHURCH HIGHLANDS", "capacity": 38.0, "stars": "Not Participating", "city": "Wilmington", "county": "New Castle"}}, {"type": "Feature", "geometry": {"type": "Point", "coordinates": [-75.61128200029992, 39.664718000227424]}, "properties": {"name": "LINDA'S ANGELS CHILDCARE & DEVELOPMENT CENTER", "capacity": 274.0, "stars": "Not Participating", "city": "New Castle", "county": "New Castle"}}, {"type": "Feature", "geometry": {"type": "Point", "coordinates": [-75.63174999996257, 39.276689999753906]}, "properties": {"name": "WALLEY, TAMMY", "capacity": 9.0, "stars": "Not Participating", "city": "Clayton", "county": "Kent"}}, {"type": "Feature", "geometry": {"type": "Point", "coordinates": [-75.66120999997361, 39.564520000278364]}, "properties": {"name": "MCCOY, CHRISTINA", "capacity": 9.0, "stars": "Not Participating", "city": "New Castle", "county": "New Castle"}}, {"type": "Feature", "geometry": {"type": "Point", "coordinates": [-75.54433200037727, 39.75198700023217]}, "properties": {"name": "BOYS & GIRLS CLUB @ SHORTLIDGE", "capacity": 93.0, "stars": "Not Participating", "city": "Wilmington", "county": "New Castle"}}, {"type": "Feature", "geometry": {"type": "Point", "coordinates": [-75.56843399977453, 39.75015100019883]}, "properties": {"name": "DI'S DAYCARE CENTER II", "capacity": 73.0, "stars": "Not Participating", "city": "Wilmington", "county": "New Castle"}}, {"type": "Feature", "geometry": {"type": "Point", "coordinates": [-75.5301689999111, 39.746771999997065]}, "properties": {"name": "CARTER'S CHILD CARE AND LEARNING CENTER", "capacity": 55.0, "stars": "Not Participating", "city": "Wilmington", "county": "New Castle"}}, {"type": "Feature", "geometry": {"type": "Point", "coordinates": [-75.63008000040834, 39.43451000024173]}, "properties": {"name": "BETHESDA CDC/SPRING MEADOW EARLY CHILDHOOD CENTER", "capacity": 45.0, "stars": "Not Participating", "city": "Townsend", "county": "New Castle"}}, {"type": "Feature", "geometry": {"type": "Point", "coordinates": [-75.73813999973353, 39.677809999958285]}, "properties": {"name": "UNIVERSITY OF DELAWARE LAB PRESCHOOL", "capacity": 102.0, "stars": "Not Participating", "city": "Newark", "county": "New Castle"}}, {"type": "Feature", "geometry": {"type": "Point", "coordinates": [-75.56203999999128, 39.744110000033736]}, "properties": {"name": "WILMINGTON HEAD START, INC. - WEST 3RD STREET CENTER", "capacity": 106.0, "stars": "Not Participating", "city": "Wilmington", "county": "New Castle"}}, {"type": "Feature", "geometry": {"type": "Point", "coordinates": [-75.20866999964652, 38.76155000019577]}, "properties": {"name": "BEACH BUDDIES SCHOOL AGE PROGRAM", "capacity": 95.0, "stars": "Not Participating", "city": "Lewes", "county": "Sussex"}}, {"type": "Feature", "geometry": {"type": "Point", "coordinates": [-75.5679330003574, 39.75089999986709]}, "properties": {"name": "SEEDS OF JESUS DAYCARE, LLC.", "capacity": 113.0, "stars": "Not Participating", "city": "Wilmington", "county": "New Castle"}}, {"type": "Feature", "geometry": {"type": "Point", "coordinates": [-75.62937001961848, 39.73645521015119]}, "properties": {"name": "BLOSSOM & BLOOM LEARNING CENTER", "capacity": 81.0, "stars": "Not Participating", "city": "Newark", "county": "New Castle"}}, {"type": "Feature", "geometry": {"type": "Point", "coordinates": [-75.17672999996933, 38.59840000011727]}, "properties": {"name": "BOYS & GIRLS OF OAK ORCHARD - THE GROWING TREE", "capacity": 20.0, "stars": "Four Stars", "city": "Millsboro", "county": "Sussex"}}, {"type": "Feature", "geometry": {"type": "Point", "coordinates": [-75.71435800000343, 39.44001000011991]}, "properties": {"name": "BRILLIANT LITTLE MINDS @APC", "capacity": 16.0, "stars": "Not Participating", "city": "Middletown", "county": "New Castle"}}, {"type": "Feature", "geometry": {"type": "Point", "coordinates": [-75.66302299964295, 39.64093000023065]}, "properties": {"name": "A. S. ACADEMY OF LEARNING 1", "capacity": 60.0, "stars": "Four Stars", "city": "Newark", "county": "New Castle"}}, {"type": "Feature", "geometry": {"type": "Point", "coordinates": [-75.60785000023168, 39.637939999987296]}, "properties": {"name": "BRICKHOUSE ACADEMY", "capacity": 12.0, "stars": "Not Participating", "city": "New Castle", "county": "New Castle"}}, {"type": "Feature", "geometry": {"type": "Point", "coordinates": [-75.62733799990309, 39.68140999983073]}, "properties": {"name": "HAYTON, SARA", "capacity": 9.0, "stars": "Not Participating", "city": "New Castle", "county": "New Castle"}}, {"type": "Feature", "geometry": {"type": "Point", "coordinates": [-75.54019999980197, 39.75070000018092]}, "properties": {"name": "LITTLE LEGENDS LEARNING & FAMILY DEVELOPMENT CENTER", "capacity": 62.0, "stars": "Two Stars", "city": "Wilmington", "county": "New Castle"}}, {"type": "Feature", "geometry": {"type": "Point", "coordinates": [-75.21788999960057, 38.52544000000546]}, "properties": {"name": "COULBOURN, KATHERINE", "capacity": 6.0, "stars": "Not Participating", "city": "Frankford", "county": "Sussex"}}, {"type": "Feature", "geometry": {"type": "Point", "coordinates": [-75.5934495804258, 39.73860306982166]}, "properties": {"name": "PRECIOUS LITTLE HANDS CHILDCARE CENTER LLC", "capacity": 83.0, "stars": "Not Participating", "city": "Wilmington", "county": "New Castle"}}, {"type": "Feature", "geometry": {"type": "Point", "coordinates": [-75.63300000029052, 39.65950000001571]}, "properties": {"name": "CALI, LORRAINE", "capacity": 9.0, "stars": "Not Participating", "city": "New Castle", "county": "New Castle"}}, {"type": "Feature", "geometry": {"type": "Point", "coordinates": [-75.60021799981608, 38.74761599995839]}, "properties": {"name": "HELPING HANDS LEARNING CENTER I", "capacity": 65.0, "stars": "Not Participating", "city": "Bridgeville", "county": "Sussex"}}, {"type": "Feature", "geometry": {"type": "Point", "coordinates": [-75.57640000010097, 39.174130000289715]}, "properties": {"name": "BOOKER, LAKEISHEIA", "capacity": 6.0, "stars": "Not Participating", "city": "Dover", "county": "Kent"}}, {"type": "Feature", "geometry": {"type": "Point", "coordinates": [-75.5527199995798, 39.746205000143966]}, "properties": {"name": "TEENIE WEENIE'S PRECIOUS FEET", "capacity": 11.0, "stars": "Not Participating", "city": "Wilmington", "county": "New Castle"}}, {"type": "Feature", "geometry": {"type": "Point", "coordinates": [-75.51586999990079, 39.14299999986945]}, "properties": {"name": "THE LITTLE PEOPLES LFCC 2", "capacity": 12.0, "stars": "Not Participating", "city": "Dover", "county": "Kent"}}, {"type": "Feature", "geometry": {"type": "Point", "coordinates": [-75.5846600001553, 39.75142999968064]}, "properties": {"name": "BRIGHT BEGINNINGS LEARNING ACADEMY", "capacity": 103.0, "stars": "Not Participating", "city": "Wilmington", "county": "New Castle"}}, {"type": "Feature", "geometry": {"type": "Point", "coordinates": [-75.64974499963175, 39.49251000014014]}, "properties": {"name": "GROW & LEARN CHILDCARE CENTER", "capacity": 107.0, "stars": "Not Participating", "city": "Middletown", "county": "New Castle"}}, {"type": "Feature", "geometry": {"type": "Point", "coordinates": [-75.61287999988413, 38.64056000013741]}, "properties": {"name": "LITTLE MIRACLES PRESCHOOL", "capacity": 10.0, "stars": "Not Participating", "city": "Seaford", "county": "Sussex"}}, {"type": "Feature", "geometry": {"type": "Point", "coordinates": [-75.6549290001683, 39.61681800010949]}, "properties": {"name": "HELPING HANDS FAMILY CHILDCARE, LLC", "capacity": 12.0, "stars": "Not Participating", "city": "New Castle", "county": "New Castle"}}, {"type": "Feature", "geometry": {"type": "Point", "coordinates": [-75.6788310004473, 39.44571300006312]}, "properties": {"name": "GOODE, CHARLOTTE", "capacity": 6.0, "stars": "Not Participating", "city": "Middletown", "county": "New Castle"}}, {"type": "Feature", "geometry": {"type": "Point", "coordinates": [-75.69977299976284, 39.7476340002765]}, "properties": {"name": "LIMESTONE HILLS ACADEMY", "capacity": 140.0, "stars": "Not Participating", "city": "Wilmington", "county": "New Castle"}}, {"type": "Feature", "geometry": {"type": "Point", "coordinates": [-75.39342000032872, 38.69779899982333]}, "properties": {"name": "LITTLE FACES LEARNING CENTER", "capacity": 12.0, "stars": "Three Stars", "city": "Georgetown", "county": "Sussex"}}, {"type": "Feature", "geometry": {"type": "Point", "coordinates": [-75.68412399986548, 39.68913299985526]}, "properties": {"name": "SUNSHINE KIDS ACADEMY", "capacity": 76.0, "stars": "Four Stars", "city": "Newark", "county": "New Castle"}}, {"type": "Feature", "geometry": {"type": "Point", "coordinates": [-75.69765999961952, 39.372380000152]}, "properties": {"name": "BIZZY BEE'S EARLY LEARNING", "capacity": 12.0, "stars": "Not Participating", "city": "Townsend", "county": "New Castle"}}, {"type": "Feature", "geometry": {"type": "Point", "coordinates": [-75.57910999992085, 39.751660000285625]}, "properties": {"name": "LITTLE DESTINY II", "capacity": 62.0, "stars": "Not Participating", "city": "Wilmington", "county": "New Castle"}}, {"type": "Feature", "geometry": {"type": "Point", "coordinates": [-75.46126999987665, 39.82051000005812]}, "properties": {"name": "NORTH TOWNE PRESCHOOL", "capacity": 48.0, "stars": "Starting with Stars", "city": "Claymont", "county": "New Castle"}}, {"type": "Feature", "geometry": {"type": "Point", "coordinates": [-75.57717150021642, 39.749202000093256]}, "properties": {"name": "ABC KIDS ACADEMY II", "capacity": 138.0, "stars": "Not Participating", "city": "Wilmington", "county": "New Castle"}}, {"type": "Feature", "geometry": {"type": "Point", "coordinates": [-75.56724399972101, 39.73567299977826]}, "properties": {"name": "TENDER CARE LEARNING ACADEMY", "capacity": 49.0, "stars": "Not Participating", "city": "Wilmington", "county": "New Castle"}}, {"type": "Feature", "geometry": {"type": "Point", "coordinates": [-75.61302999967194, 38.646820000226185]}, "properties": {"name": "COZMIC KIDZ LEARNING CENTER LLC", "capacity": 112.0, "stars": "Not Participating", "city": "Seaford", "county": "Sussex"}}, {"type": "Feature", "geometry": {"type": "Point", "coordinates": [-75.65668599976115, 39.66394899975777]}, "properties": {"name": "THE LITTLE PEOPLE CHILD DEVELOPMENT CENTER 2, LLC", "capacity": 92.0, "stars": "Five Stars", "city": "Newark", "county": "New Castle"}}, {"type": "Feature", "geometry": {"type": "Point", "coordinates": [-75.45915000006065, 39.80599999994951]}, "properties": {"name": "CAROLYN FOX DBA DIAMOND STATE TREASURES FAMILY CHILDCARE", "capacity": 8.0, "stars": "Not Participating", "city": "Claymont", "county": "New Castle"}}, {"type": "Feature", "geometry": {"type": "Point", "coordinates": [-75.52821300012661, 39.14011099994256]}, "properties": {"name": "CEO, TYRA", "capacity": 9.0, "stars": "Not Participating", "city": "Dover", "county": "Kent"}}, {"type": "Feature", "geometry": {"type": "Point", "coordinates": [-75.52642200019858, 39.14605300013003]}, "properties": {"name": "DE COLORES HOME LEARNING CENTER", "capacity": 12.0, "stars": "Five Stars", "city": "Dover", "county": "Kent"}}, {"type": "Feature", "geometry": {"type": "Point", "coordinates": [-75.1703200002926, 38.75375999996482]}, "properties": {"name": "LIGHTHOUSE ON THE SHORE LEARNING CENTER INC.", "capacity": 58.0, "stars": "Not Participating", "city": "Lewes", "county": "Sussex"}}, {"type": "Feature", "geometry": {"type": "Point", "coordinates": [-75.29161999999414, 38.59912999980581]}, "properties": {"name": "JOHNSON, TAMMY MARIE", "capacity": 6.0, "stars": "Not Participating", "city": "Millsboro", "county": "Sussex"}}, {"type": "Feature", "geometry": {"type": "Point", "coordinates": [-75.58315999958208, 39.24934000017214]}, "properties": {"name": "COLEMAN-BUCKNER DBA MINI MIRACLES PLAYSCHOOL, LLC, IRIS", "capacity": 6.0, "stars": "Not Participating", "city": "Smyrna", "county": "Kent"}}, {"type": "Feature", "geometry": {"type": "Point", "coordinates": [-75.6937570002714, 39.63799999981479]}, "properties": {"name": "WHITTLE, TAMIKYA", "capacity": 6.0, "stars": "Not Participating", "city": "Newark", "county": "New Castle"}}, {"type": "Feature", "geometry": {"type": "Point", "coordinates": [-75.48488000007761, 39.79011999972363]}, "properties": {"name": "BURNS, VICTORIA", "capacity": 9.0, "stars": "Not Participating", "city": "Wilmington", "county": "New Castle"}}, {"type": "Feature", "geometry": {"type": "Point", "coordinates": [-75.68150000025932, 39.53348000013004]}, "properties": {"name": "YMCA OF DELAWARE/LOREWOOD GROVE", "capacity": 72.0, "stars": "Not Participating", "city": "Middletown", "county": "New Castle"}}, {"type": "Feature", "geometry": {"type": "Point", "coordinates": [-75.71346000002796, 39.44777099986172]}, "properties": {"name": "YMCA OF DELAWARE/SILVER LAKE", "capacity": 120.0, "stars": "Not Participating", "city": "Middletown", "county": "New Castle"}}, {"type": "Feature", "geometry": {"type": "Point", "coordinates": [-75.54984800027653, 39.797741000241295]}, "properties": {"name": "EDUCATIONAL ENRICHMENT CENTER DE, LLC", "capacity": 116.0, "stars": "Not Participating", "city": "Wilmington", "county": "New Castle"}}, {"type": "Feature", "geometry": {"type": "Point", "coordinates": [-75.65915999957947, 39.46016000007862]}, "properties": {"name": "CADENCE ACADEMY PRESCHOOL-ODESSA", "capacity": 205.0, "stars": "Not Participating", "city": "Odessa", "county": "New Castle"}}, {"type": "Feature", "geometry": {"type": "Point", "coordinates": [-75.5765099997058, 39.74772000031043]}, "properties": {"name": "AMANDA CHILDCARE & PRESCHOOL CORP", "capacity": 43.0, "stars": "Not Participating", "city": "Wilmington", "county": "New Castle"}}, {"type": "Feature", "geometry": {"type": "Point", "coordinates": [-75.60853200029707, 38.6486090001257]}, "properties": {"name": "PRECIOUS MEMORIES CHILDCARE AND PRESCHOOL", "capacity": 12.0, "stars": "Not Participating", "city": "Seaford", "county": "Sussex"}}, {"type": "Feature", "geometry": {"type": "Point", "coordinates": [-75.57124999989962, 39.07184000011942]}, "properties": {"name": "BANFIELD, TIFFANI", "capacity": 8.0, "stars": "Not Participating", "city": "Dover", "county": "Kent"}}, {"type": "Feature", "geometry": {"type": "Point", "coordinates": [-75.57477999987715, 39.6640599996904]}, "properties": {"name": "HARVEST CHILD & YOUTH DEVELOPMENT CENTER - NEW CASTLE", "capacity": 272.0, "stars": "Not Participating", "city": "Historic New Castle", "county": "New Castle"}}, {"type": "Feature", "geometry": {"type": "Point", "coordinates": [-75.67213999966485, 39.444919999790315]}, "properties": {"name": "JACKSON, KATINA", "capacity": 6.0, "stars": "Not Participating", "city": "Middletown", "county": "New Castle"}}, {"type": "Feature", "geometry": {"type": "Point", "coordinates": [-75.60028999978609, 39.74332000015441]}, "properties": {"name": "YMCA OF DELAWARE/BALTZ", "capacity": 73.0, "stars": "Not Participating", "city": "Wilmington", "county": "New Castle"}}, {"type": "Feature", "geometry": {"type": "Point", "coordinates": [-75.56359999994065, 39.74076299981235]}, "properties": {"name": "CHOSEN CHILDREN", "capacity": 25.0, "stars": "Not Participating", "city": "Wilmington", "county": "New Castle"}}, {"type": "Feature", "geometry": {"type": "Point", "coordinates": [-75.55675800044378, 39.744120999771404]}, "properties": {"name": "LEARNING CENTER AT MADISON STREET", "capacity": 136.0, "stars": "Two Stars", "city": "Wilmington", "county": "New Castle"}}, {"type": "Feature", "geometry": {"type": "Point", "coordinates": [-75.60724000013633, 39.29503000001056]}, "properties": {"name": "BATTAGLIA, PATRICE", "capacity": 6.0, "stars": "Not Participating", "city": "Smyrna", "county": "Kent"}}, {"type": "Feature", "geometry": {"type": "Point", "coordinates": [-75.41713000008879, 38.871039999855995]}, "properties": {"name": "LOVE DRIVES MCKENZIE CAMPUS", "capacity": 12.0, "stars": "Two Stars", "city": "Lincoln", "county": "Sussex"}}, {"type": "Feature", "geometry": {"type": "Point", "coordinates": [-75.69901000040493, 39.40372999970256]}, "properties": {"name": "LIFEHOUSE EARLY CHILDHOOD CENTER", "capacity": 176.0, "stars": "Not Participating", "city": "Townsend", "county": "New Castle"}}, {"type": "Feature", "geometry": {"type": "Point", "coordinates": [-75.54187500027736, 39.751640999928455]}, "properties": {"name": "THE CHOIR SCHOOL OF DELAWARE", "capacity": 30.0, "stars": "Not Participating", "city": "Wilmington", "county": "New Castle"}}, {"type": "Feature", "geometry": {"type": "Point", "coordinates": [-75.61736999976141, 39.63560000001689]}, "properties": {"name": "SMITH, CONSTANCE", "capacity": 6.0, "stars": "Not Participating", "city": "New Castle", "county": "New Castle"}}, {"type": "Feature", "geometry": {"type": "Point", "coordinates": [-75.62304999969217, 39.33186000016467]}, "properties": {"name": "C4D KIDZ", "capacity": 108.0, "stars": "Not Participating", "city": "Smyrna", "county": "New Castle"}}, {"type": "Feature", "geometry": {"type": "Point", "coordinates": [-75.56479900021498, 39.740797000144866]}, "properties": {"name": "ST. BAKHITA ACADEMY", "capacity": 154.0, "stars": "Not Participating", "city": "Wilmington", "county": "New Castle"}}, {"type": "Feature", "geometry": {"type": "Point", "coordinates": [-75.52090999959897, 39.207090000282456]}, "properties": {"name": "HACKER, COURTNEY LAUREN", "capacity": 6.0, "stars": "Not Participating", "city": "Dover", "county": "Kent"}}, {"type": "Feature", "geometry": {"type": "Point", "coordinates": [-75.4829500002324, 39.788600000090405]}, "properties": {"name": "CLEMOW DBA LOVE BUG LANE LEARNING ACADEMY, LLC, TRESSA", "capacity": 12.0, "stars": "Not Participating", "city": "Wilmington", "county": "New Castle"}}, {"type": "Feature", "geometry": {"type": "Point", "coordinates": [-75.5221299997897, 39.760620000178136]}, "properties": {"name": "GLOBAL LEARNING CENTER I", "capacity": 12.0, "stars": "Not Participating", "city": "Wilmington", "county": "New Castle"}}, {"type": "Feature", "geometry": {"type": "Point", "coordinates": [-75.5910399996948, 39.57648999990449]}, "properties": {"name": "HARRISON LITTLE LEARNERS", "capacity": 30.0, "stars": "Not Participating", "city": "Delaware City", "county": "New Castle"}}, {"type": "Feature", "geometry": {"type": "Point", "coordinates": [-75.29190000037663, 38.80159999991163]}, "properties": {"name": "TCC AT JULIA'S", "capacity": 10.0, "stars": "Not Participating", "city": "Milton", "county": "Sussex"}}, {"type": "Feature", "geometry": {"type": "Point", "coordinates": [-75.69389799983841, 39.62675899965794]}, "properties": {"name": "WEBB, LAKISHA", "capacity": 6.0, "stars": "Not Participating", "city": "Newark", "county": "New Castle"}}, {"type": "Feature", "geometry": {"type": "Point", "coordinates": [-75.43239999986949, 38.90866000026324]}, "properties": {"name": "KIDZ INK ACADEMY OF EARLY ACADEMICS-MILFORD", "capacity": 177.0, "stars": "Starting with Stars", "city": "Milford", "county": "Sussex"}}, {"type": "Feature", "geometry": {"type": "Point", "coordinates": [-75.71663000015539, 39.58845999998267]}, "properties": {"name": "MULLER, ALICYA", "capacity": 6.0, "stars": "Not Participating", "city": "Bear", "county": "New Castle"}}, {"type": "Feature", "geometry": {"type": "Point", "coordinates": [-75.3631600002515, 38.64231999978]}, "properties": {"name": "IRSD EARLY LEARNING CENTER AT HOWARD T. ENNIS SCHOOL", "capacity": 160.0, "stars": "Four Stars", "city": "Georgetown", "county": "Sussex"}}, {"type": "Feature", "geometry": {"type": "Point", "coordinates": [-75.64633799967785, 39.64097500023605]}, "properties": {"name": "A. S. ACADEMY OF LEARNING 2", "capacity": 111.0, "stars": "Not Participating", "city": "Bear", "county": "New Castle"}}, {"type": "Feature", "geometry": {"type": "Point", "coordinates": [-75.67663000044044, 39.6645799996546]}, "properties": {"name": "LACC LEARNING CENTER @ LA ACADEMIA ANTONIA ALONSO", "capacity": 143.0, "stars": "Not Participating", "city": "Newark", "county": "New Castle"}}, {"type": "Feature", "geometry": {"type": "Point", "coordinates": [-75.61241999957659, 39.664009999780234]}, "properties": {"name": "TWINKLE LITTLE STARS-EARLY EDUCATION CENTER", "capacity": 38.0, "stars": "Not Participating", "city": "New Castle", "county": "New Castle"}}, {"type": "Feature", "geometry": {"type": "Point", "coordinates": [-75.70008999995525, 39.604279999855606]}, "properties": {"name": "STANFORD DBA LITTLE ARROWS CHILDCARE LLC, ASHLEY", "capacity": 6.0, "stars": "Not Participating", "city": "Bear", "county": "New Castle"}}, {"type": "Feature", "geometry": {"type": "Point", "coordinates": [-75.7108799999044, 39.592260000106954]}, "properties": {"name": "GROW N' LEARN", "capacity": 12.0, "stars": "Not Participating", "city": "Bear", "county": "New Castle"}}, {"type": "Feature", "geometry": {"type": "Point", "coordinates": [-75.53818499956795, 39.13410100020034]}, "properties": {"name": "SUNSHINE HOME CHILDCARE, LLC", "capacity": 12.0, "stars": "Not Participating", "city": "Dover", "county": "Kent"}}, {"type": "Feature", "geometry": {"type": "Point", "coordinates": [-75.68818899959531, 39.71305499986194]}, "properties": {"name": "NANNIE'S DAY CARE, INC.", "capacity": 51.0, "stars": "Not Participating", "city": "Wilmington", "county": "New Castle"}}, {"type": "Feature", "geometry": {"type": "Point", "coordinates": [-75.48783000009702, 39.10192999966385]}, "properties": {"name": "DURHAM, WHITNEY", "capacity": 9.0, "stars": "Not Participating", "city": "Magnolia", "county": "Kent"}}, {"type": "Feature", "geometry": {"type": "Point", "coordinates": [-75.61702599980481, 39.71366300015708]}, "properties": {"name": "KIDS KORNER DAY CARE, INC.", "capacity": 63.0, "stars": "Not Participating", "city": "Wilmington", "county": "New Castle"}}, {"type": "Feature", "geometry": {"type": "Point", "coordinates": [-75.5115199997656, 39.176839999985305]}, "properties": {"name": "ANGELS OF MINE DAYCARE", "capacity": 12.0, "stars": "Not Participating", "city": "Dover", "county": "Kent"}}, {"type": "Feature", "geometry": {"type": "Point", "coordinates": [-75.57419999991902, 39.7457449997304]}, "properties": {"name": "PRECIOUS LITTLE HANDS CHILDCARE CENTER LLC II", "capacity": 126.0, "stars": "Not Participating", "city": "Wilmington", "county": "New Castle"}}, {"type": "Feature", "geometry": {"type": "Point", "coordinates": [-75.69956000022583, 39.74969999994694]}, "properties": {"name": "LIMESTONE HILLS DAY SCHOOL, LLC", "capacity": 120.0, "stars": "Not Participating", "city": "Wilmington", "county": "New Castle"}}, {"type": "Feature", "geometry": {"type": "Point", "coordinates": [-75.50403300001327, 39.141287000204336]}, "properties": {"name": "FULLER, LOREN", "capacity": 6.0, "stars": "Not Participating", "city": "Dover", "county": "Kent"}}, {"type": "Feature", "geometry": {"type": "Point", "coordinates": [-75.66124000011082, 38.88908000004035]}, "properties": {"name": "WARRINGTON, MARIAH", "capacity": 9.0, "stars": "Not Participating", "city": "Harrington", "county": "Kent"}}, {"type": "Feature", "geometry": {"type": "Point", "coordinates": [-75.52629999999985, 39.760089999948676]}, "properties": {"name": "OFFEI-ANSAH DBA MERCYLOVE ACADEMY II LLC, ESTHER", "capacity": 6.0, "stars": "Not Participating", "city": "Wilmington", "county": "New Castle"}}, {"type": "Feature", "geometry": {"type": "Point", "coordinates": [-75.52395500005294, 38.95490700014812]}, "properties": {"name": "LEWIS, LADONNA", "capacity": 9.0, "stars": "Not Participating", "city": "Harrington", "county": "Kent"}}, {"type": "Feature", "geometry": {"type": "Point", "coordinates": [-75.32051000009278, 38.62288999991088]}, "properties": {"name": "CHILDREN & FAMILIES FIRST HEAD START STOCKLEY", "capacity": 84.0, "stars": "Not Participating", "city": "Georgetown", "county": "Sussex"}}, {"type": "Feature", "geometry": {"type": "Point", "coordinates": [-75.55396999990776, 38.73146000003664]}, "properties": {"name": "TAYLOR, NICOLE", "capacity": 6.0, "stars": "Not Participating", "city": "Bridgeville", "county": "Sussex"}}, {"type": "Feature", "geometry": {"type": "Point", "coordinates": [-75.68944999979394, 39.65276999965969]}, "properties": {"name": "CHADICK, ERICA MICHELLE", "capacity": 6.0, "stars": "Not Participating", "city": "Newark", "county": "New Castle"}}, {"type": "Feature", "geometry": {"type": "Point", "coordinates": [-75.54093999959369, 39.743890000076725]}, "properties": {"name": "UWDE 21ST CCLC AT THE STUBBS EARLY EDUCATION AND DUAL GENERATION CENTER", "capacity": 103.0, "stars": "Not Participating", "city": "Wilmington", "county": "New Castle"}}, {"type": "Feature", "geometry": {"type": "Point", "coordinates": [-75.6907579998482, 39.63057000008923]}, "properties": {"name": "STURGIS, ARNETA", "capacity": 6.0, "stars": "Starting with Stars", "city": "Newark", "county": "New Castle"}}, {"type": "Feature", "geometry": {"type": "Point", "coordinates": [-75.75939999996471, 39.59969999969552]}, "properties": {"name": "ANTON, SAMANTHA", "capacity": 9.0, "stars": "Not Participating", "city": "Newark", "county": "New Castle"}}, {"type": "Feature", "geometry": {"type": "Point", "coordinates": [-75.70978399956225, 39.70120000026361]}, "properties": {"name": "THE GODDARD SCHOOL / NEWARK", "capacity": 125.0, "stars": "Not Participating", "city": "Newark", "county": "New Castle"}}, {"type": "Feature", "geometry": {"type": "Point", "coordinates": [-75.22171000000634, 38.519720000327816]}, "properties": {"name": "IRSD EARLY LEARNING CENTER TOTS/PROJECT VILLAGE", "capacity": 185.0, "stars": "Not Participating", "city": "Frankford", "county": "Sussex"}}, {"type": "Feature", "geometry": {"type": "Point", "coordinates": [-75.75089999971087, 39.50489999985386]}, "properties": {"name": "BRIGHT FUTURES INC.", "capacity": 127.0, "stars": "Not Participating", "city": "Middletown", "county": "New Castle"}}, {"type": "Feature", "geometry": {"type": "Point", "coordinates": [-75.56914000012934, 39.70368000030871]}, "properties": {"name": "BLOSSOM & BLOOM LEARNING CENTER 2", "capacity": 92.0, "stars": "Not Participating", "city": "New Castle", "county": "New Castle"}}, {"type": "Feature", "geometry": {"type": "Point", "coordinates": [-75.49112999992079, 38.87365999991423]}, "properties": {"name": "SIPPLE, BONNIE", "capacity": 6.0, "stars": "Not Participating", "city": "Greenwood", "county": "Sussex"}}, {"type": "Feature", "geometry": {"type": "Point", "coordinates": [-75.71406000007758, 39.45892000001342]}, "properties": {"name": "CHAAR, REHAM", "capacity": 6.0, "stars": "Not Participating", "city": "Middletown", "county": "New Castle"}}, {"type": "Feature", "geometry": {"type": "Point", "coordinates": [-75.5693900003746, 39.67949000011349]}, "properties": {"name": "JEMMOTT, COREEN", "capacity": 6.0, "stars": "Starting with Stars", "city": "New Castle", "county": "New Castle"}}, {"type": "Feature", "geometry": {"type": "Point", "coordinates": [-75.70387000017806, 39.6057899997986]}, "properties": {"name": "THOMPSON, BREE", "capacity": 9.0, "stars": "Not Participating", "city": "Bear", "county": "New Castle"}}, {"type": "Feature", "geometry": {"type": "Point", "coordinates": [-75.65987000013227, 39.64423999996231]}, "properties": {"name": "JEAN, MARY JENNIFER", "capacity": 6.0, "stars": "Not Participating", "city": "Newark", "county": "New Castle"}}, {"type": "Feature", "geometry": {"type": "Point", "coordinates": [-75.55346000026984, 39.16775000022126]}, "properties": {"name": "THE PUMPKIN PATCH EARLY LEARNING CENTER LLC", "capacity": 56.0, "stars": "Not Participating", "city": "Dover", "county": "Kent"}}, {"type": "Feature", "geometry": {"type": "Point", "coordinates": [-75.64910000027459, 39.503030000096885]}, "properties": {"name": "CADENCE ACADEMY PRESCHOOL-BOYD'S CORNER", "capacity": 191.0, "stars": "Not Participating", "city": "Middletown", "county": "New Castle"}}, {"type": "Feature", "geometry": {"type": "Point", "coordinates": [-75.6069999999368, 38.64960999975376]}, "properties": {"name": "CHILDREN & FAMILIES FIRST HEAD START SEAFORD", "capacity": 15.0, "stars": "Not Participating", "city": "Seaford", "county": "Sussex"}}, {"type": "Feature", "geometry": {"type": "Point", "coordinates": [-75.59822299967354, 39.267004300003784]}, "properties": {"name": "CHILDREN & FAMILIES FIRST HEAD START SMYRNA", "capacity": 54.0, "stars": "Not Participating", "city": "Smyrna", "county": "Kent"}}, {"type": "Feature", "geometry": {"type": "Point", "coordinates": [-75.58265999998987, 38.556739999863225]}, "properties": {"name": "CHILDREN & FAMILIES FIRST HEAD START DUNBAR", "capacity": 140.0, "stars": "Not Participating", "city": "Laurel", "county": "Sussex"}}, {"type": "Feature", "geometry": {"type": "Point", "coordinates": [-75.62968000037525, 39.43459999976085]}, "properties": {"name": "YMCA OF DELAWARE/OLD STATE", "capacity": 109.0, "stars": "Not Participating", "city": "Townsend", "county": "New Castle"}}, {"type": "Feature", "geometry": {"type": "Point", "coordinates": [-75.57963999965028, 39.66485000024691]}, "properties": {"name": "LITTLE PEOPLE~BIG DREAMS LEARNING CENTER INC.", "capacity": 128.0, "stars": "Not Participating", "city": "New Castle", "county": "New Castle"}}, {"type": "Feature", "geometry": {"type": "Point", "coordinates": [-75.74454000026282, 39.571000000245505]}, "properties": {"name": "JOHNSON-DUHANEY, NATASHA", "capacity": 6.0, "stars": "Not Participating", "city": "Bear", "county": "New Castle"}}, {"type": "Feature", "geometry": {"type": "Point", "coordinates": [-75.55604500041625, 39.73922599968683]}, "properties": {"name": "THE GODDARD SCHOOL IN WILMINGTON", "capacity": 156.0, "stars": "Not Participating", "city": "Wilmington", "county": "New Castle"}}, {"type": "Feature", "geometry": {"type": "Point", "coordinates": [-75.5200099999737, 39.145370000142854]}, "properties": {"name": "GATHERING LAMBS", "capacity": 52.0, "stars": "Not Participating", "city": "Dover", "county": "Kent"}}, {"type": "Feature", "geometry": {"type": "Point", "coordinates": [-75.15005000009837, 38.71594000031203]}, "properties": {"name": "BOYS & GIRLS CLUB @ LOVE CREEK", "capacity": 86.0, "stars": "Not Participating", "city": "Lewes", "county": "Sussex"}}, {"type": "Feature", "geometry": {"type": "Point", "coordinates": [-75.67464000032076, 38.639369999736104]}, "properties": {"name": "SMITH, LINDSEY", "capacity": 9.0, "stars": "Not Participating", "city": "Seaford", "county": "Sussex"}}, {"type": "Feature", "geometry": {"type": "Point", "coordinates": [-75.59635999977547, 39.27126999991172]}, "properties": {"name": "WALLS, ELIZABETH E.", "capacity": 6.0, "stars": "Not Participating", "city": "Smyrna", "county": "Kent"}}, {"type": "Feature", "geometry": {"type": "Point", "coordinates": [-75.56879000032497, 39.748970000072305]}, "properties": {"name": "AMES, PHILNISE", "capacity": 12.0, "stars": "Not Participating", "city": "Wilmington", "county": "New Castle"}}, {"type": "Feature", "geometry": {"type": "Point", "coordinates": [-75.69219999979678, 39.604820000280576]}, "properties": {"name": "YMCA OF DELAWARE/OBERLE", "capacity": 79.0, "stars": "Not Participating", "city": "Bear", "county": "New Castle"}}, {"type": "Feature", "geometry": {"type": "Point", "coordinates": [-75.66754000018271, 39.383699999825545]}, "properties": {"name": "DIANA'S DAY CARE", "capacity": 12.0, "stars": "Not Participating", "city": "Townsend", "county": "New Castle"}}, {"type": "Feature", "geometry": {"type": "Point", "coordinates": [-75.67324299967972, 39.58268700022557]}, "properties": {"name": "DELAWARE LEARNING ACADEMY", "capacity": 77.0, "stars": "Not Participating", "city": "Bear", "county": "New Castle"}}, {"type": "Feature", "geometry": {"type": "Point", "coordinates": [-75.54100999991388, 39.11713999979459]}, "properties": {"name": "ST. PAUL'S NATURE PRESCHOOL", "capacity": 11.0, "stars": "Not Participating", "city": "Camden", "county": "Kent"}}, {"type": "Feature", "geometry": {"type": "Point", "coordinates": [-75.60884000026864, 39.71686999974951]}, "properties": {"name": "BOYS & GIRLS CLUB @ RICHEY ELEMENTARY", "capacity": 80.0, "stars": "Not Participating", "city": "Wilmington", "county": "New Castle"}}, {"type": "Feature", "geometry": {"type": "Point", "coordinates": [-75.54118999983895, 39.73929000022279]}, "properties": {"name": "BELL, ONSHELLEAN", "capacity": 9.0, "stars": "Not Participating", "city": "Wilmington", "county": "New Castle"}}, {"type": "Feature", "geometry": {"type": "Point", "coordinates": [-75.60566000009547, 39.2758099997965]}, "properties": {"name": "CADENCE ACADEMY PRESCHOOL-SMYRNA", "capacity": 191.0, "stars": "Not Participating", "city": "Smyrna", "county": "Kent"}}, {"type": "Feature", "geometry": {"type": "Point", "coordinates": [-75.74443999980541, 39.60311000017727]}, "properties": {"name": "CADENCE ACADEMY PRESCHOOL-PEOPLE'S PLAZA", "capacity": 195.0, "stars": "Not Participating", "city": "Newark", "county": "New Castle"}}, {"type": "Feature", "geometry": {"type": "Point", "coordinates": [-75.58468899956928, 39.73164500033835]}, "properties": {"name": "RODRIGUEZ, JESSICA M", "capacity": 9.0, "stars": "Not Participating", "city": "Wilmington", "county": "New Castle"}}, {"type": "Feature", "geometry": {"type": "Point", "coordinates": [-75.54351999971722, 39.739399999688274]}, "properties": {"name": "UWDE 21ST CCLC AT MAURICE PRITCHETT SR. ACADEMY", "capacity": 133.0, "stars": "Not Participating", "city": "Wilmington", "county": "New Castle"}}, {"type": "Feature", "geometry": {"type": "Point", "coordinates": [-75.51074700036193, 39.17164600005716]}, "properties": {"name": "CHILDREN & FAMILIES FIRST HEAD START WHITE OAK", "capacity": 78.0, "stars": "Not Participating", "city": "Dover", "county": "Kent"}}, {"type": "Feature", "geometry": {"type": "Point", "coordinates": [-75.59920000019001, 38.73750000008777]}, "properties": {"name": "CHILDREN & FAMILIES FIRST HEAD START BRIDGEVILLE", "capacity": 45.0, "stars": "Not Participating", "city": "Bridgeville", "county": "Sussex"}}, {"type": "Feature", "geometry": {"type": "Point", "coordinates": [-75.61568000011569, 39.71264999965908]}, "properties": {"name": "LEMON, JULIE", "capacity": 9.0, "stars": "Not Participating", "city": "Newport", "county": "New Castle"}}, {"type": "Feature", "geometry": {"type": "Point", "coordinates": [-75.17493999986623, 38.62925999974403]}, "properties": {"name": "CARE A LOT CHILD DEVELOPMENT CENTER, LLC", "capacity": 25.0, "stars": "Not Participating", "city": "Long Neck", "county": "Sussex"}}, {"type": "Feature", "geometry": {"type": "Point", "coordinates": [-75.73102500042516, 39.457616999707255]}, "properties": {"name": "BELL, TERRI", "capacity": 6.0, "stars": "Not Participating", "city": "Middletown", "county": "New Castle"}}, {"type": "Feature", "geometry": {"type": "Point", "coordinates": [-75.31528480012237, 38.78124248987647]}, "properties": {"name": "BOYS & GIRLS CLUB @ H.O. BRITTINGHAM", "capacity": 95.0, "stars": "Not Participating", "city": "Milton", "county": "Sussex"}}, {"type": "Feature", "geometry": {"type": "Point", "coordinates": [-75.65221799962517, 39.620960999779484]}, "properties": {"name": "GORDY, ANTOINETTE", "capacity": 9.0, "stars": "Not Participating", "city": "New Castle", "county": "New Castle"}}, {"type": "Feature", "geometry": {"type": "Point", "coordinates": [-75.55111000030004, 39.74327000031199]}, "properties": {"name": "KID'S KINGDOM ELC INC.", "capacity": 66.0, "stars": "Not Participating", "city": "Wilmington", "county": "New Castle"}}, {"type": "Feature", "geometry": {"type": "Point", "coordinates": [-75.55864999975583, 38.662612999826905]}, "properties": {"name": "WILDONGER, CHARLENE", "capacity": 9.0, "stars": "Not Participating", "city": "Seaford", "county": "Sussex"}}, {"type": "Feature", "geometry": {"type": "Point", "coordinates": [-75.52300000017608, 39.14547999973166]}, "properties": {"name": "ALL BEAUTIFUL CHILDREN LEARNING ACADEMY", "capacity": 40.0, "stars": "Not Participating", "city": "Dover", "county": "Kent"}}, {"type": "Feature", "geometry": {"type": "Point", "coordinates": [-75.67436999998404, 39.51381000012492]}, "properties": {"name": "EVANS, KEAZIA", "capacity": 6.0, "stars": "Starting with Stars", "city": "Middletown", "county": "New Castle"}}, {"type": "Feature", "geometry": {"type": "Point", "coordinates": [-75.5579919999799, 39.68824700026928]}, "properties": {"name": "HOPE EDUCATIONAL RESOURCE CENTER INC.", "capacity": 15.0, "stars": "Not Participating", "city": "New Castle", "county": "New Castle"}}, {"type": "Feature", "geometry": {"type": "Point", "coordinates": [-75.46614999974128, 39.814390000344304]}, "properties": {"name": "DIXON, ALEXIS", "capacity": 6.0, "stars": "Not Participating", "city": "Claymont", "county": "New Castle"}}, {"type": "Feature", "geometry": {"type": "Point", "coordinates": [-75.42922999974205, 38.929000000026036]}, "properties": {"name": "MILFORD CENTRAL ACADEMY 4-H AFTERSCHOOL", "capacity": 42.0, "stars": "Not Participating", "city": "Milford", "county": "Sussex"}}, {"type": "Feature", "geometry": {"type": "Point", "coordinates": [-75.7005500002628, 39.45009000021367]}, "properties": {"name": "GREAT NEW BEGINNINGS OF MIDDLETOWN, INC.", "capacity": 218.0, "stars": "Not Participating", "city": "Middletown", "county": "New Castle"}}, {"type": "Feature", "geometry": {"type": "Point", "coordinates": [-75.545180000124, 39.161610000020396]}, "properties": {"name": "SPARK SUMMER CAMP AND AFTER SCHOOL PROGRAM @ ACADEMY OF DOVER", "capacity": 206.0, "stars": "Not Participating", "city": "Dover", "county": "Kent"}}, {"type": "Feature", "geometry": {"type": "Point", "coordinates": [-75.53880100040942, 39.158949999758754]}, "properties": {"name": "GROWING SPROUTS EARLY LEARNING CENTER LLC.", "capacity": 58.0, "stars": "Not Participating", "city": "Dover", "county": "Kent"}}, {"type": "Feature", "geometry": {"type": "Point", "coordinates": [-75.57200499975994, 39.74875600033079]}, "properties": {"name": "LEARNING A TO Z ACADEMY", "capacity": 12.0, "stars": "Not Participating", "city": "Wilmington", "county": "New Castle"}}, {"type": "Feature", "geometry": {"type": "Point", "coordinates": [-75.23208999987666, 38.4579299998952]}, "properties": {"name": "CHILDREN & FAMILIES FIRST HEAD START SELBYVILLE", "capacity": 16.0, "stars": "Not Participating", "city": "Selbyville", "county": "Sussex"}}, {"type": "Feature", "geometry": {"type": "Point", "coordinates": [-75.68149000021359, 39.62540999971115]}, "properties": {"name": "TRADER, JAKINE", "capacity": 9.0, "stars": "Not Participating", "city": "Newark", "county": "New Castle"}}, {"type": "Feature", "geometry": {"type": "Point", "coordinates": [-75.69203800031339, 39.691096999977]}, "properties": {"name": "EARLY CHILDHOOD DEVELOPMENT CENTER", "capacity": 87.0, "stars": "Not Participating", "city": "Newark", "county": "New Castle"}}, {"type": "Feature", "geometry": {"type": "Point", "coordinates": [-75.6281699997563, 39.65441999973513]}, "properties": {"name": "DUNN, JOVANNA", "capacity": 6.0, "stars": "Not Participating", "city": "New Castle", "county": "New Castle"}}, {"type": "Feature", "geometry": {"type": "Point", "coordinates": [-75.57818600000614, 39.748150999666585]}, "properties": {"name": "HARVEST CHILD & YOUTH DEVELOPMENT CENTER", "capacity": 109.0, "stars": "Two Stars", "city": "Wilmington", "county": "New Castle"}}, {"type": "Feature", "geometry": {"type": "Point", "coordinates": [-75.69203800031339, 39.691096999977]}, "properties": {"name": "LAS AMERICAS ASPIRA ACADEMY", "capacity": 329.0, "stars": "Not Participating", "city": "Newark", "county": "New Castle"}}, {"type": "Feature", "geometry": {"type": "Point", "coordinates": [-75.58748999962577, 38.80464000025986]}, "properties": {"name": "RAIDER CHILDCARE CENTER", "capacity": 63.0, "stars": "Not Participating", "city": "Greenwood", "county": "Sussex"}}, {"type": "Feature", "geometry": {"type": "Point", "coordinates": [-75.71492000041822, 39.64695000027461]}, "properties": {"name": "TARBIYAH SCHOOL", "capacity": 230.0, "stars": "Not Participating", "city": "Newark", "county": "New Castle"}}, {"type": "Feature", "geometry": {"type": "Point", "coordinates": [-75.69134000035449, 39.59266000012806]}, "properties": {"name": "PETERS, DIANNE", "capacity": 9.0, "stars": "Not Participating", "city": "Bear", "county": "New Castle"}}, {"type": "Feature", "geometry": {"type": "Point", "coordinates": [-75.54664999966168, 39.728320000328345]}, "properties": {"name": "JUNEBUG'S LITTLE RUBIES PRESCHOOL, LLC", "capacity": 18.0, "stars": "Not Participating", "city": "Wilmington", "county": "New Castle"}}, {"type": "Feature", "geometry": {"type": "Point", "coordinates": [-75.56421400023397, 39.7593229997099]}, "properties": {"name": "SHIRLEY'S LITTLE FRIENDS, LLC", "capacity": 26.0, "stars": "Two Stars", "city": "Wilmington", "county": "New Castle"}}, {"type": "Feature", "geometry": {"type": "Point", "coordinates": [-75.69665799988701, 39.735258999891315]}, "properties": {"name": "SOARING SPROUTS EARLY LEARNING CENTER LLC", "capacity": 74.0, "stars": "Not Participating", "city": "Wilmington", "county": "New Castle"}}, {"type": "Feature", "geometry": {"type": "Point", "coordinates": [-75.57350000031028, 39.73491999987422]}, "properties": {"name": "NOLAN'S LEARNING ACADEMY", "capacity": 9.0, "stars": "Starting with Stars", "city": "Wilmington", "county": "New Castle"}}, {"type": "Feature", "geometry": {"type": "Point", "coordinates": [-75.5420800003168, 39.095649999716606]}, "properties": {"name": "SHORTS DBA ALL SHORTS OF LOVE LLC, MERCEDES", "capacity": 9.0, "stars": "Not Participating", "city": "Dover", "county": "Kent"}}, {"type": "Feature", "geometry": {"type": "Point", "coordinates": [-75.39899999980206, 38.67860999965539]}, "properties": {"name": "LITTLE FACES LEARNING CENTER, LLC", "capacity": 82.0, "stars": "Not Participating", "city": "Georgetown", "county": "Sussex"}}, {"type": "Feature", "geometry": {"type": "Point", "coordinates": [-75.54660000033128, 39.7918500000196]}, "properties": {"name": "MONTESSORI LEARNING CENTER LLC", "capacity": 108.0, "stars": "Not Participating", "city": "Wilmington", "county": "New Castle"}}, {"type": "Feature", "geometry": {"type": "Point", "coordinates": [-75.54450999975418, 39.762570000189505]}, "properties": {"name": "TINY TOTS CHILDCARE AND LEARNING CENTER", "capacity": 142.0, "stars": "Not Participating", "city": "Wilmington", "county": "New Castle"}}, {"type": "Feature", "geometry": {"type": "Point", "coordinates": [-75.57309000023145, 39.6847650002255]}, "properties": {"name": "MCGRIFF, TERRI", "capacity": 9.0, "stars": "Not Participating", "city": "New Castle", "county": "New Castle"}}, {"type": "Feature", "geometry": {"type": "Point", "coordinates": [-75.57293399969754, 39.75923399982418]}, "properties": {"name": "RIVERVIEW PLACE", "capacity": 12.0, "stars": "Not Participating", "city": "Wilmington", "county": "New Castle"}}, {"type": "Feature", "geometry": {"type": "Point", "coordinates": [-75.72349000009393, 39.45468999987758]}, "properties": {"name": "BRIGHT STARS CHILDCARE & PRESCHOOL", "capacity": 103.0, "stars": "Not Participating", "city": "Middletown", "county": "New Castle"}}, {"type": "Feature", "geometry": {"type": "Point", "coordinates": [-75.53810000007745, 39.156899999873595]}, "properties": {"name": "CHILDREN & FAMILIES FIRST HEAD START COLONIAL GARDENS", "capacity": 54.0, "stars": "Not Participating", "city": "Dover", "county": "Kent"}}, {"type": "Feature", "geometry": {"type": "Point", "coordinates": [-75.5195799998034, 39.1779299998692]}, "properties": {"name": "WOODALL, NATHALIEN", "capacity": 9.0, "stars": "Not Participating", "city": "Dover", "county": "Kent"}}, {"type": "Feature", "geometry": {"type": "Point", "coordinates": [-75.43227000017315, 38.917759999879166]}, "properties": {"name": "CHILDREN & FAMILIES FIRST HEAD START MILFORD", "capacity": 49.0, "stars": "Not Participating", "city": "Milford", "county": "Sussex"}}, {"type": "Feature", "geometry": {"type": "Point", "coordinates": [-75.525889999921, 39.143120000222495]}, "properties": {"name": "ABC KIDS ACADEMY III", "capacity": 56.0, "stars": "Not Participating", "city": "Dover", "county": "Kent"}}, {"type": "Feature", "geometry": {"type": "Point", "coordinates": [-75.38688000005732, 38.69538999979445]}, "properties": {"name": "CHILDREN & FAMILIES FIRST HEAD START ANNEX", "capacity": 15.0, "stars": "Not Participating", "city": "Georgetown", "county": "Sussex"}}, {"type": "Feature", "geometry": {"type": "Point", "coordinates": [-75.55764999967315, 38.732079999747995]}, "properties": {"name": "TULOWITZKI, BREANA", "capacity": 6.0, "stars": "Not Participating", "city": "Bridgeville", "county": "Sussex"}}, {"type": "Feature", "geometry": {"type": "Point", "coordinates": [-75.61052999991435, 39.30380000028096]}, "properties": {"name": "RAINBOW XPRESS LEARNING ACADEMY, LLC.", "capacity": 52.0, "stars": "Not Participating", "city": "Smyrna", "county": "Kent"}}, {"type": "Feature", "geometry": {"type": "Point", "coordinates": [-75.56979999955512, 39.18080999988215]}, "properties": {"name": "WILLIAMS, MARKITA", "capacity": 6.0, "stars": "Not Participating", "city": "Dover", "county": "Kent"}}, {"type": "Feature", "geometry": {"type": "Point", "coordinates": [-75.69776699974965, 39.67596700004494]}, "properties": {"name": "ISLAMIC ACADEMY OF DELAWARE", "capacity": 109.0, "stars": "Not Participating", "city": "Newark", "county": "New Castle"}}, {"type": "Feature", "geometry": {"type": "Point", "coordinates": [-75.49833999966368, 38.651199999955836]}, "properties": {"name": "RAINBOW OF HOPE CHILDCARE LLC", "capacity": 11.0, "stars": "Not Participating", "city": "Georgetown", "county": "Sussex"}}, {"type": "Feature", "geometry": {"type": "Point", "coordinates": [-75.55173999958858, 39.158868000325114]}, "properties": {"name": "RIVERS OF LEARNING ACADEMY, LLC", "capacity": 12.0, "stars": "Not Participating", "city": "Dover", "county": "Kent"}}, {"type": "Feature", "geometry": {"type": "Point", "coordinates": [-75.55862999966436, 39.74332000015441]}, "properties": {"name": "A LEAP OF FAITH CDC, INC. - ADAMS 4", "capacity": 87.0, "stars": "Three Stars", "city": "Wilmington", "county": "New Castle"}}, {"type": "Feature", "geometry": {"type": "Point", "coordinates": [-75.58105999985754, 39.682770000230256]}, "properties": {"name": "DEL FAMILY DAYCARE", "capacity": 12.0, "stars": "Not Participating", "city": "New Castle", "county": "New Castle"}}, {"type": "Feature", "geometry": {"type": "Point", "coordinates": [-75.61107700026052, 38.64448400001178]}, "properties": {"name": "GOD'S LITTLE BLESSINGS CHILD CARE", "capacity": 10.0, "stars": "Not Participating", "city": "Seaford", "county": "Sussex"}}, {"type": "Feature", "geometry": {"type": "Point", "coordinates": [-75.60260899979373, 39.7179909998336]}, "properties": {"name": "CREATIVE BEGINNINGS LEARNING CENTER I", "capacity": 57.0, "stars": "Not Participating", "city": "Wilmington", "county": "New Castle"}}, {"type": "Feature", "geometry": {"type": "Point", "coordinates": [-75.54000999983117, 39.74064999980567]}, "properties": {"name": "KINGDOM BUILDERS LOVE CENTER", "capacity": 24.0, "stars": "Not Participating", "city": "Wilmington", "county": "New Castle"}}, {"type": "Feature", "geometry": {"type": "Point", "coordinates": [-75.58400999987695, 39.7507700001371]}, "properties": {"name": "TRUITT'S HELPING HANDS CHILDCARE/PRESCHOOL", "capacity": 24.0, "stars": "Not Participating", "city": "Wilmington", "county": "New Castle"}}, {"type": "Feature", "geometry": {"type": "Point", "coordinates": [-75.70766999959402, 39.595110000133694]}, "properties": {"name": "GORDY DBA KIDDIE KLUBHOUSE LLC, KIMESHA", "capacity": 6.0, "stars": "Not Participating", "city": "Bear", "county": "New Castle"}}, {"type": "Feature", "geometry": {"type": "Point", "coordinates": [-75.59681000003727, 38.68389199970124]}, "properties": {"name": "MESSICK DBA THE LEARNING TREE, LLC, LAURA", "capacity": 9.0, "stars": "Starting with Stars", "city": "Seaford", "county": "Sussex"}}, {"type": "Feature", "geometry": {"type": "Point", "coordinates": [-75.61244999971382, 39.27247000007991]}, "properties": {"name": "BOYS & GIRLS CLUB @ SUNNYSIDE ELEMENTARY SCHOOL", "capacity": 76.0, "stars": "Not Participating", "city": "Smyrna", "county": "Kent"}}, {"type": "Feature", "geometry": {"type": "Point", "coordinates": [-75.56691599965794, 39.687473999918026]}, "properties": {"name": "PATTERSON, JACQUELINE", "capacity": 6.0, "stars": "Not Participating", "city": "New Castle", "county": "New Castle"}}, {"type": "Feature", "geometry": {"type": "Point", "coordinates": [-75.57357800012808, 38.640844999850934]}, "properties": {"name": "MUMMERT, CHRISTINA", "capacity": 6.0, "stars": "Not Participating", "city": "Seaford", "county": "Sussex"}}, {"type": "Feature", "geometry": {"type": "Point", "coordinates": [-75.5513610003702, 39.11107500030317]}, "properties": {"name": "TOT'S TURF EARLY LEARNING CENTER", "capacity": 47.0, "stars": "Not Participating", "city": "Camden Wyoming", "county": "Kent"}}, {"type": "Feature", "geometry": {"type": "Point", "coordinates": [-75.21996000008618, 38.46088000004749]}, "properties": {"name": "THE NEXT STEP LEARNING CENTER, INC.", "capacity": 196.0, "stars": "Not Participating", "city": "Selbyville", "county": "Sussex"}}, {"type": "Feature", "geometry": {"type": "Point", "coordinates": [-75.10988999965154, 38.71738999984516]}, "properties": {"name": "BOYS & GIRLS CLUB @ REHOBOTH BEACH", "capacity": 180.0, "stars": "Not Participating", "city": "Rehoboth Beach", "county": "Sussex"}}, {"type": "Feature", "geometry": {"type": "Point", "coordinates": [-75.56269399956929, 39.708554000040635]}, "properties": {"name": "LITTLE FRIENDS LEARNING ACADEMY, INC", "capacity": 95.0, "stars": "Four Stars", "city": "New Castle", "county": "New Castle"}}, {"type": "Feature", "geometry": {"type": "Point", "coordinates": [-75.57084900004162, 39.748331999957635]}, "properties": {"name": "ONE DAY AT A TIME LARGE FAMILY", "capacity": 12.0, "stars": "Not Participating", "city": "Wilmington", "county": "New Castle"}}, {"type": "Feature", "geometry": {"type": "Point", "coordinates": [-75.47023999958546, 39.79192999978276]}, "properties": {"name": "THIRST 2 LEARN CHILD DEVELOPMENT CENTER", "capacity": 144.0, "stars": "Not Participating", "city": "Claymont", "county": "New Castle"}}, {"type": "Feature", "geometry": {"type": "Point", "coordinates": [-75.55660500028291, 39.74117200013957]}, "properties": {"name": "FITZGERALD, CARMON", "capacity": 6.0, "stars": "Not Participating", "city": "Wilmington", "county": "New Castle"}}, {"type": "Feature", "geometry": {"type": "Point", "coordinates": [-75.46724500025853, 39.79871699975149]}, "properties": {"name": "CASADO, ALLYSON", "capacity": 9.0, "stars": "Not Participating", "city": "Claymont", "county": "New Castle"}}, {"type": "Feature", "geometry": {"type": "Point", "coordinates": [-75.56842000042911, 39.1519899999688]}, "properties": {"name": "LEARNING ALL HOURS EDUCATIONAL COMMUNITY & YOUTH CENTER, LLC", "capacity": 60.0, "stars": "Not Participating", "city": "Dover", "county": "Kent"}}, {"type": "Feature", "geometry": {"type": "Point", "coordinates": [-75.52105299971412, 39.176585999924264]}, "properties": {"name": "ABRAMS, DEANDRA", "capacity": 8.0, "stars": "Not Participating", "city": "Dover", "county": "Kent"}}, {"type": "Feature", "geometry": {"type": "Point", "coordinates": [-75.49281999956648, 38.66008000018864]}, "properties": {"name": "LOVE DRIVES REMI CAMPUS", "capacity": 58.0, "stars": "Not Participating", "city": "Georgetown", "county": "Sussex"}}, {"type": "Feature", "geometry": {"type": "Point", "coordinates": [-75.68502500021398, 39.502570999680266]}, "properties": {"name": "BRILLIANT LITTLE MINDS @ CLECC", "capacity": 64.0, "stars": "Not Participating", "city": "Middletown", "county": "New Castle"}}, {"type": "Feature", "geometry": {"type": "Point", "coordinates": [-75.54523000035272, 39.72743999985695]}, "properties": {"name": "ARK SOUTH LEARNING CENTER", "capacity": 45.0, "stars": "Not Participating", "city": "Wilmington", "county": "New Castle"}}, {"type": "Feature", "geometry": {"type": "Point", "coordinates": [-75.54352999976298, 39.16293000022941]}, "properties": {"name": "LITTLE KID'S SWAGG LEARNING CENTER, LLC TOO", "capacity": 95.0, "stars": "Not Participating", "city": "Dover", "county": "Kent"}}, {"type": "Feature", "geometry": {"type": "Point", "coordinates": [-75.71614999975637, 39.63184000003265]}, "properties": {"name": "THOMPSON, JADE", "capacity": 9.0, "stars": "Not Participating", "city": "Newark", "county": "New Castle"}}, {"type": "Feature", "geometry": {"type": "Point", "coordinates": [-75.62230999990047, 39.72448999972768]}, "properties": {"name": "TODD, PHRYDAE", "capacity": 9.0, "stars": "Not Participating", "city": "Wilmington", "county": "New Castle"}}, {"type": "Feature", "geometry": {"type": "Point", "coordinates": [-75.22837999997408, 38.7491300001966]}, "properties": {"name": "YMCA OF DE/SUSSEX CONSORTIUM", "capacity": 50.0, "stars": "Not Participating", "city": "Lewes", "county": "Sussex"}}, {"type": "Feature", "geometry": {"type": "Point", "coordinates": [-75.68703700007495, 39.62585500007446]}, "properties": {"name": "JACKSON, OLIVETTE", "capacity": 9.0, "stars": "Not Participating", "city": "Newark", "county": "New Castle"}}, {"type": "Feature", "geometry": {"type": "Point", "coordinates": [-75.56296999975379, 38.91100000014146]}, "properties": {"name": "BACKWOODS LFCCH", "capacity": 12.0, "stars": "Not Participating", "city": "Harrington", "county": "Kent"}}, {"type": "Feature", "geometry": {"type": "Point", "coordinates": [-75.74069499974271, 39.584790000240766]}, "properties": {"name": "BEAR EARLY EDUCATION", "capacity": 109.0, "stars": "Not Participating", "city": "Bear", "county": "New Castle"}}, {"type": "Feature", "geometry": {"type": "Point", "coordinates": [-75.5430319998206, 39.72842099995356]}, "properties": {"name": "NEIGHBORHOOD HOUSE EARLY LEARNING CENTER", "capacity": 64.0, "stars": "Not Participating", "city": "Wilmington", "county": "New Castle"}}, {"type": "Feature", "geometry": {"type": "Point", "coordinates": [-75.5380900000317, 39.755870000322275]}, "properties": {"name": "BROWN DBA LITTLE LEADERS CHILDCARE LLC, KIMALEE", "capacity": 9.0, "stars": "Not Participating", "city": "Wilmington", "county": "New Castle"}}, {"type": "Feature", "geometry": {"type": "Point", "coordinates": [-75.74981000011479, 39.43639000004104]}, "properties": {"name": "WONDER YEARS II", "capacity": 63.0, "stars": "Not Participating", "city": "Middletown", "county": "New Castle"}}, {"type": "Feature", "geometry": {"type": "Point", "coordinates": [-75.60975999998541, 39.713756999740355]}, "properties": {"name": "RIBBONS & BOWS DAYCARE II", "capacity": 74.0, "stars": "Not Participating", "city": "Newport", "county": "New Castle"}}, {"type": "Feature", "geometry": {"type": "Point", "coordinates": [-75.6062600001451, 39.27632000029667]}, "properties": {"name": "COLEMAN, MANDI", "capacity": 6.0, "stars": "Not Participating", "city": "Smyrna", "county": "Kent"}}, {"type": "Feature", "geometry": {"type": "Point", "coordinates": [-75.56992799960163, 39.74784400029889]}, "properties": {"name": "A LEAP OF FAITH CHILD DEVELOPMENT CENTER II", "capacity": 166.0, "stars": "Not Participating", "city": "Wilmington", "county": "New Castle"}}, {"type": "Feature", "geometry": {"type": "Point", "coordinates": [-75.5458129997856, 39.738949000211356]}, "properties": {"name": "CHILDREN'S LAUGHTER EARLY LEARNING ACADEMY", "capacity": 12.0, "stars": "Not Participating", "city": "Wilmington", "county": "New Castle"}}, {"type": "Feature", "geometry": {"type": "Point", "coordinates": [-75.64984900028713, 39.62976100001842]}, "properties": {"name": "COLLINS, CARRIE", "capacity": 9.0, "stars": "Not Participating", "city": "New Castle", "county": "New Castle"}}, {"type": "Feature", "geometry": {"type": "Point", "coordinates": [-75.42619699988197, 38.899291999824925]}, "properties": {"name": "FIRST STEPS PRESCHOOL - MILFORD, LLC", "capacity": 63.0, "stars": "Not Participating", "city": "Milford", "county": "Sussex"}}, {"type": "Feature", "geometry": {"type": "Point", "coordinates": [-75.76126000038802, 39.67465699965847]}, "properties": {"name": "NEWARK PARKS & RECREATION BEFORE&AFTER SCHOOL CARE@WEST PARK", "capacity": 60.0, "stars": "Not Participating", "city": "Newark", "county": "New Castle"}}, {"type": "Feature", "geometry": {"type": "Point", "coordinates": [-75.57980899970468, 38.70399099991523]}, "properties": {"name": "MITCHELL, COMESHA", "capacity": 9.0, "stars": "Not Participating", "city": "Bridgeville", "county": "Sussex"}}, {"type": "Feature", "geometry": {"type": "Point", "coordinates": [-75.69077299991682, 39.57751000026747]}, "properties": {"name": "FAITH LUTHERAN PRESCHOOL", "capacity": 12.0, "stars": "Not Participating", "city": "Bear", "county": "New Castle"}}, {"type": "Feature", "geometry": {"type": "Point", "coordinates": [-75.54796000026411, 38.58415999966812]}, "properties": {"name": "EDICK, JAMIE", "capacity": 6.0, "stars": "Not Participating", "city": "Laurel", "county": "Sussex"}}, {"type": "Feature", "geometry": {"type": "Point", "coordinates": [-75.19603299969282, 38.73150500028721]}, "properties": {"name": "LOTUS BLOSSOM LEARNING CENTER I", "capacity": 54.0, "stars": "Not Participating", "city": "Lewes", "county": "Sussex"}}, {"type": "Feature", "geometry": {"type": "Point", "coordinates": [-75.64871699995996, 39.73875599999601]}, "properties": {"name": "CREATIVE BEGINNINGS LEARNING CENTER II", "capacity": 43.0, "stars": "Not Participating", "city": "Wilmington", "county": "New Castle"}}, {"type": "Feature", "geometry": {"type": "Point", "coordinates": [-75.31433999971726, 38.597119999716185]}, "properties": {"name": "LITTLE EINSTEIN'S PRESCHOOL - MILLSBORO", "capacity": 30.0, "stars": "Not Participating", "city": "Millsboro", "county": "Sussex"}}, {"type": "Feature", "geometry": {"type": "Point", "coordinates": [-75.46962000034266, 39.817759999873644]}, "properties": {"name": "BRANCHE DBA LITTLE LEARNERS CHILDCARE LLC, TAMYRA", "capacity": 11.0, "stars": "Not Participating", "city": "Wilmington", "county": "New Castle"}}, {"type": "Feature", "geometry": {"type": "Point", "coordinates": [-75.60671700007958, 39.30417700031148]}, "properties": {"name": "GIFT OF LOVE EARLY LEARNING CENTER", "capacity": 44.0, "stars": "Three Stars", "city": "Smyrna", "county": "Kent"}}, {"type": "Feature", "geometry": {"type": "Point", "coordinates": [-75.54920700021901, 39.17040099986359]}, "properties": {"name": "STANFORD-DANIELS, TAMEKA", "capacity": 8.0, "stars": "Not Participating", "city": "Dover", "county": "Kent"}}, {"type": "Feature", "geometry": {"type": "Point", "coordinates": [-75.76336000011256, 39.62920000002931]}, "properties": {"name": "LIL' EINSTEINS LEARNING ACADEMY III", "capacity": 105.0, "stars": "Not Participating", "city": "Newark", "county": "New Castle"}}, {"type": "Feature", "geometry": {"type": "Point", "coordinates": [-75.62361999960457, 39.722650000300284]}, "properties": {"name": "JUMPING JACKS LEARNING CENTER LLC", "capacity": 47.0, "stars": "Not Participating", "city": "Wilmington", "county": "New Castle"}}, {"type": "Feature", "geometry": {"type": "Point", "coordinates": [-75.69983300003732, 39.66656200005627]}, "properties": {"name": "PRECIOUS KNOWLEDGE EARLY LEARNING CENTER, LLC", "capacity": 38.0, "stars": "Not Participating", "city": "Newark", "county": "New Castle"}}, {"type": "Feature", "geometry": {"type": "Point", "coordinates": [-75.56750499983693, 39.68432899971617]}, "properties": {"name": "YMCA OF DELAWARE/CASTLE HILLS", "capacity": 30.0, "stars": "Not Participating", "city": "New Castle", "county": "New Castle"}}, {"type": "Feature", "geometry": {"type": "Point", "coordinates": [-75.62476000032767, 39.75677999980077]}, "properties": {"name": "CHILDREN OF AMERICA-WILMINGTON", "capacity": 197.0, "stars": "Not Participating", "city": "Wilmington", "county": "New Castle"}}, {"type": "Feature", "geometry": {"type": "Point", "coordinates": [-75.36763199968712, 38.70236500026646]}, "properties": {"name": "LITTLE EINSTEIN'S SCHOOL AGE & PRESCHOOL 2", "capacity": 28.0, "stars": "Not Participating", "city": "Georgetown", "county": "Sussex"}}, {"type": "Feature", "geometry": {"type": "Point", "coordinates": [-75.63481999963255, 39.662794000008546]}, "properties": {"name": "TRADER, KENA", "capacity": 9.0, "stars": "Not Participating", "city": "New Castle", "county": "New Castle"}}, {"type": "Feature", "geometry": {"type": "Point", "coordinates": [-75.7392300002279, 39.708830000028875]}, "properties": {"name": "BURGESS, LINDSAY", "capacity": 8.0, "stars": "Not Participating", "city": "Newark", "county": "New Castle"}}, {"type": "Feature", "geometry": {"type": "Point", "coordinates": [-75.1623999999969, 38.759000000274874]}, "properties": {"name": "CHILD'S PLAY BY THE BAY", "capacity": 30.0, "stars": "Not Participating", "city": "Lewes", "county": "Sussex"}}, {"type": "Feature", "geometry": {"type": "Point", "coordinates": [-75.69430200006946, 39.780772999691116]}, "properties": {"name": "LITTLE FRIENDS DAYCARE", "capacity": 12.0, "stars": "Not Participating", "city": "Hockessin", "county": "New Castle"}}, {"type": "Feature", "geometry": {"type": "Point", "coordinates": [-75.54438000005784, 39.73882000027759]}, "properties": {"name": "PINE STREET LEARNING ACADEMY", "capacity": 156.0, "stars": "Not Participating", "city": "Wilmington", "county": "New Castle"}}, {"type": "Feature", "geometry": {"type": "Point", "coordinates": [-75.28130000039826, 38.69739999972619]}, "properties": {"name": "LULLABY LEARNING CENTER, INC.", "capacity": 119.0, "stars": "Not Participating", "city": "Harbeson", "county": "Sussex"}}, {"type": "Feature", "geometry": {"type": "Point", "coordinates": [-75.74490799961055, 39.620547000211005]}, "properties": {"name": "THE LITTLE CAMPUS, LLC", "capacity": 121.0, "stars": "Not Participating", "city": "Newark", "county": "New Castle"}}, {"type": "Feature", "geometry": {"type": "Point", "coordinates": [-75.57073000021593, 39.74475000018469]}, "properties": {"name": "BAILEY, JAMISE", "capacity": 6.0, "stars": "Not Participating", "city": "Wilmington", "county": "New Castle"}}, {"type": "Feature", "geometry": {"type": "Point", "coordinates": [-75.54132200008341, 39.75585499972167]}, "properties": {"name": "KOOL KIDS LEARNING CENTER", "capacity": 72.0, "stars": "Not Participating", "city": "Wilmington", "county": "New Castle"}}, {"type": "Feature", "geometry": {"type": "Point", "coordinates": [-75.46726199997697, 39.808841999811484]}, "properties": {"name": "MADISON, KATIE", "capacity": 9.0, "stars": "Not Participating", "city": "Claymont", "county": "New Castle"}}, {"type": "Feature", "geometry": {"type": "Point", "coordinates": [-75.5315000004299, 39.117999999668754]}, "properties": {"name": "FAVORED CHILDREN ACADEMY", "capacity": 75.0, "stars": "Two Stars", "city": "Dover", "county": "Kent"}}, {"type": "Feature", "geometry": {"type": "Point", "coordinates": [-75.56916199987066, 39.210276999827556]}, "properties": {"name": "PEDIATRIC HEALTH CHOICE AT THE CHILDREN'S SECRET GARDEN", "capacity": 124.0, "stars": "Not Participating", "city": "Dover", "county": "Kent"}}, {"type": "Feature", "geometry": {"type": "Point", "coordinates": [-75.6550560003899, 39.65443300010837]}, "properties": {"name": "ST. ELIZABETH ANN SETON CHURCH PRESCHOOL", "capacity": 19.0, "stars": "Not Participating", "city": "Bear", "county": "New Castle"}}, {"type": "Feature", "geometry": {"type": "Point", "coordinates": [-75.54205500020244, 39.758657000110404]}, "properties": {"name": "SHINING STARS CHILDCARE INC.", "capacity": 12.0, "stars": "Not Participating", "city": "Wilmington", "county": "New Castle"}}, {"type": "Feature", "geometry": {"type": "Point", "coordinates": [-75.54053799991078, 39.7512689997671]}, "properties": {"name": "MY CHILDREN CHILDCARE CENTER, LLC", "capacity": 12.0, "stars": "Not Participating", "city": "Wilmington", "county": "New Castle"}}, {"type": "Feature", "geometry": {"type": "Point", "coordinates": [-75.53541000034905, 38.70331999980772]}, "properties": {"name": "SERENA SPENCER DBA SERENA'S FAMILY CARE", "capacity": 6.0, "stars": "Not Participating", "city": "Bridgeville", "county": "Sussex"}}, {"type": "Feature", "geometry": {"type": "Point", "coordinates": [-75.56203999999128, 39.744110000033736]}, "properties": {"name": "WILMINGTON HEAD START, INC. - VAN BUREN STREET CENTER", "capacity": 120.0, "stars": "Not Participating", "city": "Wilmington", "county": "New Castle"}}, {"type": "Feature", "geometry": {"type": "Point", "coordinates": [-75.4535999998262, 38.87370000019699]}, "properties": {"name": "MAMA'S HOME DAY CARE, LLC", "capacity": 12.0, "stars": "Not Participating", "city": "Milford", "county": "Sussex"}}, {"type": "Feature", "geometry": {"type": "Point", "coordinates": [-75.67903200028876, 39.65504300029425]}, "properties": {"name": "SUNSHINE BRIGHT KIDS LLC", "capacity": 92.0, "stars": "Not Participating", "city": "Newark", "county": "New Castle"}}, {"type": "Feature", "geometry": {"type": "Point", "coordinates": [-75.25624511036845, 38.5420884597224]}, "properties": {"name": "KIDZ AKADEMY INC., LEARNING CENTER", "capacity": 48.0, "stars": "Not Participating", "city": "Dagsboro", "county": "Sussex"}}, {"type": "Feature", "geometry": {"type": "Point", "coordinates": [-75.52292099963503, 39.178118000252624]}, "properties": {"name": "BEGINNINGS AND BEYOND II", "capacity": 110.0, "stars": "Not Participating", "city": "Dover", "county": "Kent"}}, {"type": "Feature", "geometry": {"type": "Point", "coordinates": [-75.57998100013212, 39.66217400006876]}, "properties": {"name": "COMFORTS OF HOME PRESCHOOL LLC", "capacity": 12.0, "stars": "Not Participating", "city": "New Castle", "county": "New Castle"}}, {"type": "Feature", "geometry": {"type": "Point", "coordinates": [-75.73900300044718, 39.45500999995294]}, "properties": {"name": "YMCA OF DELAWARE/BUNKER HILL", "capacity": 60.0, "stars": "Not Participating", "city": "Middletown", "county": "New Castle"}}, {"type": "Feature", "geometry": {"type": "Point", "coordinates": [-75.58957000015714, 38.655110000055146]}, "properties": {"name": "MOLLOCK, ALIECA", "capacity": 9.0, "stars": "Not Participating", "city": "Seaford", "county": "Sussex"}}, {"type": "Feature", "geometry": {"type": "Point", "coordinates": [-75.5990939998848, 39.71713600029386]}, "properties": {"name": "CROSLAND, ROBIN", "capacity": 6.0, "stars": "Two Stars", "city": "Wilmington", "county": "New Castle"}}, {"type": "Feature", "geometry": {"type": "Point", "coordinates": [-75.56760000027147, 39.01544000018246]}, "properties": {"name": "BUILDING BLOCKS ACADEMY", "capacity": 127.0, "stars": "Not Participating", "city": "Felton", "county": "Kent"}}, {"type": "Feature", "geometry": {"type": "Point", "coordinates": [-75.69077600028987, 39.68590699976816]}, "properties": {"name": "BEETLE'S PLAYHOUSE", "capacity": 12.0, "stars": "Not Participating", "city": "Newark", "county": "New Castle"}}, {"type": "Feature", "geometry": {"type": "Point", "coordinates": [-75.09590000033604, 38.52317000005164]}, "properties": {"name": "THE LEARNING CENTER PRESCHOOL IN OCEAN VIEW, LLC", "capacity": 12.0, "stars": "Not Participating", "city": "Frankford", "county": "Sussex"}}, {"type": "Feature", "geometry": {"type": "Point", "coordinates": [-75.13704999992153, 38.72949999984837]}, "properties": {"name": "BEACH BABIES CHILD CARE REHOBOTH", "capacity": 83.0, "stars": "Not Participating", "city": "Rehoboth Beach", "county": "Sussex"}}, {"type": "Feature", "geometry": {"type": "Point", "coordinates": [-75.5725730000225, 39.67824100007496]}, "properties": {"name": "MERCER, REBEKAH", "capacity": 9.0, "stars": "Not Participating", "city": "New Castle", "county": "New Castle"}}, {"type": "Feature", "geometry": {"type": "Point", "coordinates": [-75.6676930003436, 39.750544000298845]}, "properties": {"name": "LEARNING LANE CHILDCARE CENTER", "capacity": 42.0, "stars": "Not Participating", "city": "Wilmington", "county": "New Castle"}}, {"type": "Feature", "geometry": {"type": "Point", "coordinates": [-75.71346199967779, 39.44138199977162]}, "properties": {"name": "NEEDLES, BARBARA", "capacity": 6.0, "stars": "Not Participating", "city": "Middletown", "county": "New Castle"}}, {"type": "Feature", "geometry": {"type": "Point", "coordinates": [-75.64170999970833, 39.66209700027576]}, "properties": {"name": "THOMAS, SHERELL", "capacity": 9.0, "stars": "Not Participating", "city": "New Castle", "county": "New Castle"}}, {"type": "Feature", "geometry": {"type": "Point", "coordinates": [-75.43206000011085, 38.91581000013178]}, "properties": {"name": "TOPS CHILDCARE LLC", "capacity": 12.0, "stars": "Not Participating", "city": "Milford", "county": "Sussex"}}, {"type": "Feature", "geometry": {"type": "Point", "coordinates": [-75.66338000001832, 39.642099999846025]}, "properties": {"name": "KIDZ INK I", "capacity": 160.0, "stars": "Three Stars", "city": "Bear", "county": "New Castle"}}, {"type": "Feature", "geometry": {"type": "Point", "coordinates": [-75.67356999991786, 39.4793299997605]}, "properties": {"name": "MULLAN-WRIGHT DBA SUNSHINE CHILDREN'S HOUSE, SHAUN", "capacity": 9.0, "stars": "Not Participating", "city": "Middletown", "county": "New Castle"}}, {"type": "Feature", "geometry": {"type": "Point", "coordinates": [-75.52300000017608, 39.14547999973166]}, "properties": {"name": "SHELL'S EARLY LEARNING CENTER - DOVER", "capacity": 84.0, "stars": "Not Participating", "city": "Dover", "county": "Kent"}}, {"type": "Feature", "geometry": {"type": "Point", "coordinates": [-75.56401900024031, 39.73938100009456]}, "properties": {"name": "HALLMON, SHANTE", "capacity": 6.0, "stars": "Not Participating", "city": "Wilmington", "county": "New Castle"}}, {"type": "Feature", "geometry": {"type": "Point", "coordinates": [-75.57410000035989, 39.66210000018845]}, "properties": {"name": "YMCA OF DELAWARE/NEW CASTLE", "capacity": 30.0, "stars": "Not Participating", "city": "New Castle", "county": "New Castle"}}, {"type": "Feature", "geometry": {"type": "Point", "coordinates": [-75.68390999960523, 39.45039200023532]}, "properties": {"name": "THOMPSON, SUSAN", "capacity": 6.0, "stars": "Not Participating", "city": "Middletown", "county": "New Castle"}}, {"type": "Feature", "geometry": {"type": "Point", "coordinates": [-75.29581000029576, 38.59446999985882]}, "properties": {"name": "GIGGLEBUGS EARLY LEARNING CENTER, LLC", "capacity": 128.0, "stars": "Five Stars", "city": "Millsboro", "county": "Sussex"}}, {"type": "Feature", "geometry": {"type": "Point", "coordinates": [-75.5875830004105, 39.73140600024717]}, "properties": {"name": "ARCE, JESSICA", "capacity": 9.0, "stars": "Not Participating", "city": "Wilmington", "county": "New Castle"}}, {"type": "Feature", "geometry": {"type": "Point", "coordinates": [-75.54334999983791, 39.040819999662624]}, "properties": {"name": "HOUDEK, PAMELA", "capacity": 6.0, "stars": "Not Participating", "city": "Felton", "county": "Kent"}}, {"type": "Feature", "geometry": {"type": "Point", "coordinates": [-75.62929000038793, 39.63492000000435]}, "properties": {"name": "TEACHABLE MOMENTS", "capacity": 12.0, "stars": "Not Participating", "city": "New Castle", "county": "New Castle"}}, {"type": "Feature", "geometry": {"type": "Point", "coordinates": [-75.54086299960079, 39.75356199992558]}, "properties": {"name": "LITTLE HEARTS CHILDCARE, LLC", "capacity": 92.0, "stars": "Not Participating", "city": "Wilmington", "county": "New Castle"}}, {"type": "Feature", "geometry": {"type": "Point", "coordinates": [-75.62262000042017, 38.638759999842335]}, "properties": {"name": "LITTLE SPROUTS LEARNING ACADEMY", "capacity": 132.0, "stars": "Not Participating", "city": "Seaford", "county": "Sussex"}}, {"type": "Feature", "geometry": {"type": "Point", "coordinates": [-75.54480000018242, 39.11739999995588]}, "properties": {"name": "SHELL'S EARLY LEARNING CENTER - CAMDEN", "capacity": 102.0, "stars": "Not Participating", "city": "Camden Wyoming", "county": "Kent"}}, {"type": "Feature", "geometry": {"type": "Point", "coordinates": [-75.6071899999076, 39.72127999989773]}, "properties": {"name": "CABALLERO DBA BEST-FIELD BLESSINGS, LLC., MICHELLE", "capacity": 6.0, "stars": "Not Participating", "city": "Wilmington", "county": "New Castle"}}, {"type": "Feature", "geometry": {"type": "Point", "coordinates": [-75.74335000020935, 39.65339999985973]}, "properties": {"name": "HERNANDEZ, KATHERINE", "capacity": 9.0, "stars": "Not Participating", "city": "Newark", "county": "New Castle"}}, {"type": "Feature", "geometry": {"type": "Point", "coordinates": [-75.65162400032165, 39.62226799983756]}, "properties": {"name": "MOORE, JENNIFER", "capacity": 6.0, "stars": "Not Participating", "city": "New Castle", "county": "New Castle"}}, {"type": "Feature", "geometry": {"type": "Point", "coordinates": [-75.5759869996491, 38.56609399993608]}, "properties": {"name": "OLLIE'S IMAGINATION STATION", "capacity": 59.0, "stars": "Not Participating", "city": "Laurel", "county": "Sussex"}}, {"type": "Feature", "geometry": {"type": "Point", "coordinates": [-75.57138799999188, 39.75172100016109]}, "properties": {"name": "SHEILA'S DREAMS TOO CHILD CARE LLC", "capacity": 12.0, "stars": "Not Participating", "city": "Wilmington", "county": "New Castle"}}, {"type": "Feature", "geometry": {"type": "Point", "coordinates": [-75.55862999966436, 39.74332000015441]}, "properties": {"name": "LITTLE LEADERS IN TRAINING ACADEMY", "capacity": 96.0, "stars": "Not Participating", "city": "Wilmington", "county": "New Castle"}}, {"type": "Feature", "geometry": {"type": "Point", "coordinates": [-75.74577999964673, 39.438480000296146]}, "properties": {"name": "HAPPY PLACE CHILD CARE OF MIDDLETOWN", "capacity": 144.0, "stars": "Not Participating", "city": "Middletown", "county": "New Castle"}}, {"type": "Feature", "geometry": {"type": "Point", "coordinates": [-75.56764899977696, 39.75728000006522]}, "properties": {"name": "Z & Z EARLY LEARNING CENTER", "capacity": 65.0, "stars": "Not Participating", "city": "Wilmington", "county": "New Castle"}}, {"type": "Feature", "geometry": {"type": "Point", "coordinates": [-75.63538000039753, 39.66222999973862]}, "properties": {"name": "JACKSON, LATOYA", "capacity": 9.0, "stars": "Not Participating", "city": "New Castle", "county": "New Castle"}}, {"type": "Feature", "geometry": {"type": "Point", "coordinates": [-75.69576999995729, 39.45427000019093]}, "properties": {"name": "OSAYANMWEN, PEACE AROUSA AUGUSTA", "capacity": 6.0, "stars": "Not Participating", "city": "Middletown", "county": "New Castle"}}, {"type": "Feature", "geometry": {"type": "Point", "coordinates": [-75.70992000000469, 39.450079999722]}, "properties": {"name": "MERCY LAND ACADEMY", "capacity": 54.0, "stars": "Not Participating", "city": "Middletown", "county": "New Castle"}}, {"type": "Feature", "geometry": {"type": "Point", "coordinates": [-75.5827539997012, 39.75105500026053]}, "properties": {"name": "HOPE HOUSE KNOWLEDGE CENTER", "capacity": 122.0, "stars": "Not Participating", "city": "Wilmington", "county": "New Castle"}}, {"type": "Feature", "geometry": {"type": "Point", "coordinates": [-75.54200099977575, 39.74254500024605]}, "properties": {"name": "SISTER SISTER CARE DAYCARE", "capacity": 12.0, "stars": "Not Participating", "city": "Wilmington", "county": "New Castle"}}, {"type": "Feature", "geometry": {"type": "Point", "coordinates": [-75.68435800021722, 39.62266699967614]}, "properties": {"name": "CRADLES TO CRAYONS AND BEYOND EARLY LEARNING CENTER", "capacity": 132.0, "stars": "Not Participating", "city": "Newark", "county": "New Castle"}}, {"type": "Feature", "geometry": {"type": "Point", "coordinates": [-75.51646800030059, 39.152536000231564]}, "properties": {"name": "DESTINED FOR GREATNESS LEARNING CENTER II", "capacity": 70.0, "stars": "Not Participating", "city": "Dover", "county": "Kent"}}, {"type": "Feature", "geometry": {"type": "Point", "coordinates": [-75.5656939998174, 38.92833199981932]}, "properties": {"name": "JJ'S LEARNING EXPERIENCE, LLC.", "capacity": 102.0, "stars": "Not Participating", "city": "Harrington", "county": "Kent"}}, {"type": "Feature", "geometry": {"type": "Point", "coordinates": [-75.54176999979707, 38.5889099998251]}, "properties": {"name": "DISCOVERY COVE LEARNING CENTER", "capacity": 53.0, "stars": "Not Participating", "city": "Laurel", "county": "Sussex"}}, {"type": "Feature", "geometry": {"type": "Point", "coordinates": [-75.54646999973663, 39.130919999736854]}, "properties": {"name": "GREATER DOVER BOYS AND GIRLS CLUB", "capacity": 289.0, "stars": "Not Participating", "city": "Dover", "county": "Kent"}}, {"type": "Feature", "geometry": {"type": "Point", "coordinates": [-75.54167899956047, 39.72815700020379]}, "properties": {"name": "EZION FAIR CHRISTIAN COMMUNITY ACADEMY", "capacity": 114.0, "stars": "Not Participating", "city": "Wilmington", "county": "New Castle"}}, {"type": "Feature", "geometry": {"type": "Point", "coordinates": [-75.46312399955389, 39.81178899989501]}, "properties": {"name": "BOYS & GIRLS CLUB @ DARLEY ROAD", "capacity": 130.0, "stars": "Not Participating", "city": "Claymont", "county": "New Castle"}}, {"type": "Feature", "geometry": {"type": "Point", "coordinates": [-75.47531000031918, 39.071969999821675]}, "properties": {"name": "BOYS & GIRLS CLUB @ J. RALPH MCILVAINE", "capacity": 93.0, "stars": "Not Participating", "city": "Magnolia", "county": "Kent"}}, {"type": "Feature", "geometry": {"type": "Point", "coordinates": [-75.50832500042212, 39.02280000033288]}, "properties": {"name": "COLLINS, LAURA", "capacity": 6.0, "stars": "Not Participating", "city": "Frederica", "county": "Kent"}}, {"type": "Feature", "geometry": {"type": "Point", "coordinates": [-75.78206699998437, 39.66051499981044]}, "properties": {"name": "ABC KIDS ACADEMY", "capacity": 101.0, "stars": "Not Participating", "city": "Newark", "county": "New Castle"}}, {"type": "Feature", "geometry": {"type": "Point", "coordinates": [-75.6039799995972, 39.29874999991501]}, "properties": {"name": "BOYS & GIRLS CLUB @ JOHN BASSETT MOORE SCHOOL", "capacity": 92.0, "stars": "Not Participating", "city": "Smyrna", "county": "Kent"}}, {"type": "Feature", "geometry": {"type": "Point", "coordinates": [-75.53124400033686, 39.7569270002566]}, "properties": {"name": "CHOSEN CHILDREN CHILD CARE, LLC", "capacity": 40.0, "stars": "Not Participating", "city": "Wilmington", "county": "New Castle"}}, {"type": "Feature", "geometry": {"type": "Point", "coordinates": [-75.54599000023592, 39.727239999784985]}, "properties": {"name": "JUNEBUG'S LITTLE RUBIES, LLC", "capacity": 12.0, "stars": "Not Participating", "city": "Wilmington", "county": "New Castle"}}, {"type": "Feature", "geometry": {"type": "Point", "coordinates": [-75.7080699996271, 39.166877999671584]}, "properties": {"name": "HARTLY FAMILY LEARNING CENTER", "capacity": 109.0, "stars": "Four Stars", "city": "Hartly", "county": "Kent"}}, {"type": "Feature", "geometry": {"type": "Point", "coordinates": [-75.57868999979628, 39.751644000094245]}, "properties": {"name": "LITTLE SCHOLARS LEARNING ACADEMY LLC", "capacity": 60.0, "stars": "Not Participating", "city": "Wilmington", "county": "New Castle"}}, {"type": "Feature", "geometry": {"type": "Point", "coordinates": [-75.18154080979414, 38.63229816026946]}, "properties": {"name": "CHILDREN'S PLACE CHILD DEVELOPMENT CENTER", "capacity": 38.0, "stars": "Not Participating", "city": "Millsboro", "county": "Sussex"}}, {"type": "Feature", "geometry": {"type": "Point", "coordinates": [-75.71519200040477, 39.45760499999831]}, "properties": {"name": "WHITING, JEFFREY", "capacity": 6.0, "stars": "Not Participating", "city": "Middletown", "county": "New Castle"}}, {"type": "Feature", "geometry": {"type": "Point", "coordinates": [-75.70680699977866, 39.60526899985507]}, "properties": {"name": "LIL' EINSTEIN'S LEARNING ACADEMY", "capacity": 102.0, "stars": "Not Participating", "city": "Bear", "county": "New Castle"}}, {"type": "Feature", "geometry": {"type": "Point", "coordinates": [-75.55173999958858, 39.158868000325114]}, "properties": {"name": "MIRACLES OF LIFE CHILD CARE", "capacity": 12.0, "stars": "Three Stars", "city": "Dover", "county": "Kent"}}, {"type": "Feature", "geometry": {"type": "Point", "coordinates": [-75.53546600042554, 39.751949999743736]}, "properties": {"name": "DOLLARD, LILY", "capacity": 9.0, "stars": "Not Participating", "city": "Wilmington", "county": "New Castle"}}, {"type": "Feature", "geometry": {"type": "Point", "coordinates": [-75.73403999984359, 39.708899999665036]}, "properties": {"name": "LIL' EINSTEINS LEARNING ACADEMY II", "capacity": 134.0, "stars": "Not Participating", "city": "Newark", "county": "New Castle"}}, {"type": "Feature", "geometry": {"type": "Point", "coordinates": [-75.59824000029029, 39.659169999879495]}, "properties": {"name": "SEEDS OF GREATNESS EARLY LEARNING CENTER", "capacity": 135.0, "stars": "Not Participating", "city": "New Castle", "county": "New Castle"}}, {"type": "Feature", "geometry": {"type": "Point", "coordinates": [-75.59669000038666, 39.182499999655604]}, "properties": {"name": "DUFFIE, MATTIE RENA", "capacity": 9.0, "stars": "Not Participating", "city": "Dover", "county": "Kent"}}, {"type": "Feature", "geometry": {"type": "Point", "coordinates": [-75.46647799980433, 39.798111999790386]}, "properties": {"name": "WRIGHT, CARMEN", "capacity": 9.0, "stars": "Not Participating", "city": "Claymont", "county": "New Castle"}}, {"type": "Feature", "geometry": {"type": "Point", "coordinates": [-75.51331400006669, 39.172072000071374]}, "properties": {"name": "FULLER LOVE HOME DAY CARE", "capacity": 12.0, "stars": "Not Participating", "city": "Dover", "county": "Kent"}}, {"type": "Feature", "geometry": {"type": "Point", "coordinates": [-75.51619999961368, 39.81171000033368]}, "properties": {"name": "MINNICK, GEORGETTE", "capacity": 6.0, "stars": "Not Participating", "city": "Wilmington", "county": "New Castle"}}, {"type": "Feature", "geometry": {"type": "Point", "coordinates": [-75.60571000032418, 39.27680999996639]}, "properties": {"name": "JOHNSON, JENISE", "capacity": 8.0, "stars": "Not Participating", "city": "Smyrna", "county": "Kent"}}, {"type": "Feature", "geometry": {"type": "Point", "coordinates": [-75.24225999968472, 38.46558000014206]}, "properties": {"name": "BEGINNER'S CHOICE DAY CARE CENTER", "capacity": 76.0, "stars": "Not Participating", "city": "Selbyville", "county": "Sussex"}}, {"type": "Feature", "geometry": {"type": "Point", "coordinates": [-75.62977800028456, 39.65856600028525]}, "properties": {"name": "GROSS DBA H.Y.P.E. EARLY LEARNING, ANDREA", "capacity": 9.0, "stars": "Not Participating", "city": "New Castle", "county": "New Castle"}}, {"type": "Feature", "geometry": {"type": "Point", "coordinates": [-75.63253999998297, 39.40025999982582]}, "properties": {"name": "NATURE AND NURTURE ACADEMY", "capacity": 11.0, "stars": "Not Participating", "city": "Townsend", "county": "New Castle"}}, {"type": "Feature", "geometry": {"type": "Point", "coordinates": [-75.51138800041943, 39.15479199982876]}, "properties": {"name": "BEGINNINGS AND BEYOND, INC.", "capacity": 60.0, "stars": "Not Participating", "city": "Dover", "county": "Kent"}}, {"type": "Feature", "geometry": {"type": "Point", "coordinates": [-75.67006500005468, 39.692028999800776]}, "properties": {"name": "HAPPY PLACE DAY CARE LLC", "capacity": 103.0, "stars": "Not Participating", "city": "Newark", "county": "New Castle"}}, {"type": "Feature", "geometry": {"type": "Point", "coordinates": [-75.53196099966405, 39.74939600014804]}, "properties": {"name": "NICHOLS, DONNA", "capacity": 9.0, "stars": "Not Participating", "city": "Wilmington", "county": "New Castle"}}, {"type": "Feature", "geometry": {"type": "Point", "coordinates": [-75.64048700004287, 38.491660000120284]}, "properties": {"name": "PIPER'S PLAYHOUSE/GERALDINE PIPER", "capacity": 12.0, "stars": "Not Participating", "city": "Delmar", "county": "Sussex"}}, {"type": "Feature", "geometry": {"type": "Point", "coordinates": [-75.36759999990007, 38.70222999976126]}, "properties": {"name": "LITTLE EINSTEIN'S PRESCHOOL & SCHOOL AGE CENTER GEORGETOWN", "capacity": 131.0, "stars": "Not Participating", "city": "Georgetown", "county": "Sussex"}}, {"type": "Feature", "geometry": {"type": "Point", "coordinates": [-75.54057700026883, 38.70023080025176]}, "properties": {"name": "BRUCE, LATONYA", "capacity": 9.0, "stars": "Not Participating", "city": "Bridgeville", "county": "Sussex"}}, {"type": "Feature", "geometry": {"type": "Point", "coordinates": [-75.54106599999038, 39.7390579999832]}, "properties": {"name": "OUR FUTURE CHRISTIAN CHILD CARE CENTER", "capacity": 60.0, "stars": "Not Participating", "city": "Wilmington", "county": "New Castle"}}, {"type": "Feature", "geometry": {"type": "Point", "coordinates": [-75.58119999959963, 39.184399999807624]}, "properties": {"name": "DOVER'S CHILDRENS VILLAGE TOO", "capacity": 113.0, "stars": "Not Participating", "city": "Dover", "county": "Kent"}}, {"type": "Feature", "geometry": {"type": "Point", "coordinates": [-75.69958699999002, 39.62272999984092]}, "properties": {"name": "ALL ASPIRE ACADEMY", "capacity": 54.0, "stars": "Not Participating", "city": "Newark", "county": "New Castle"}}, {"type": "Feature", "geometry": {"type": "Point", "coordinates": [-75.59895150013129, 39.294629999890134]}, "properties": {"name": "LITTLE KID'S SWAGG LEARNING CENTER, LLC", "capacity": 46.0, "stars": "Not Participating", "city": "Smyrna", "county": "Kent"}}, {"type": "Feature", "geometry": {"type": "Point", "coordinates": [-75.57856000009994, 38.869429999787855]}, "properties": {"name": "LIL' BLESSINGS", "capacity": 12.0, "stars": "Not Participating", "city": "Farmington", "county": "Kent"}}, {"type": "Feature", "geometry": {"type": "Point", "coordinates": [-75.67402000017967, 39.76737999985587]}, "properties": {"name": "BOYS & GIRLS CLUB @ WILLIAM F. COOKE JR ELEMENTARY", "capacity": 90.0, "stars": "Not Participating", "city": "Hockessin", "county": "New Castle"}}, {"type": "Feature", "geometry": {"type": "Point", "coordinates": [-75.71293299977329, 39.65930000010033]}, "properties": {"name": "MEJIA, ANNELLA", "capacity": 9.0, "stars": "Not Participating", "city": "Newark", "county": "New Castle"}}, {"type": "Feature", "geometry": {"type": "Point", "coordinates": [-75.53420000020407, 39.07142000019603]}, "properties": {"name": "CARNEY, PAMELA", "capacity": 9.0, "stars": "Not Participating", "city": "Magnolia", "county": "Kent"}}, {"type": "Feature", "geometry": {"type": "Point", "coordinates": [-75.62021199982577, 39.66464600017341]}, "properties": {"name": "WASHINGTON, TERESA", "capacity": 9.0, "stars": "Not Participating", "city": "New Castle", "county": "New Castle"}}, {"type": "Feature", "geometry": {"type": "Point", "coordinates": [-75.54312600043023, 39.13239799999802]}, "properties": {"name": "KIDS-R-US LEARNING CENTER INC.", "capacity": 39.0, "stars": "Not Participating", "city": "Dover", "county": "Kent"}}, {"type": "Feature", "geometry": {"type": "Point", "coordinates": [-75.62368900009986, 39.72390699992118]}, "properties": {"name": "WILLIAMS, ANGELIA", "capacity": 6.0, "stars": "Not Participating", "city": "Wilmington", "county": "New Castle"}}, {"type": "Feature", "geometry": {"type": "Point", "coordinates": [-75.53934000035967, 38.94941000021124]}, "properties": {"name": "BURROWS DBA ANTSY TO BE ARTSY KIDS, SHEILA", "capacity": 9.0, "stars": "Not Participating", "city": "Harrington", "county": "Kent"}}]}