{
  "type": "FeatureCollection",
  "features": [
    {
      "type": "Feature",
      "geometry": {
        "type": "Point",
        "coordinates": [
          0,
          0
        ]
      },
      "properties": {
        "tract_geoid": "10003016612",
        "sb254_effective": false,
        "urbanicity": "urban",
        "distance_threshold_mi": 0.5,
        "population_total": 6803,
        "population_underserved": 6803,
        "underserved_share": 1.0,
        "low_income": false,
        "low_income_reason": null,
        "poverty_rate": 0.04389453527765503,
        "mfi": 171014.0,
        "mfi_ratio_to_state": 1.897709618713658
      }
    },
    {
      "type": "Feature",
      "geometry": {
        "type": "Point",
        "coordinates": [
          0,
          0
        ]
      },
      "properties": {
        "tract_geoid": "10003016808",
        "sb254_effective": false,
        "urbanicity": "urban",
        "distance_threshold_mi": 0.5,
        "population_total": 6955,
        "population_underserved": 6955,
        "underserved_share": 1.0,
        "low_income": false,
        "low_income_reason": null,
        "poverty_rate": 0.011825785982117105,
        "mfi": 150634.0,
        "mfi_ratio_to_state": 1.6715566603044965
      }
    },
    {
      "type": "Feature",
      "geometry": {
        "type": "Point",
        "coordinates": [
          0,
          0
        ]
      },
      "properties": {
        "tract_geoid": "10003016610",
        "sb254_effective": false,
        "urbanicity": "urban",
        "distance_threshold_mi": 0.5,
        "population_total": 7033,
        "population_underserved": 4875,
        "underserved_share": 0.6931608133086876,
        "low_income": false,
        "low_income_reason": null,
        "poverty_rate": 0.116366258111031,
        "mfi": 92642.0,
        "mfi_ratio_to_state": 1.0280305384171513
      }
    },
    {
      "type": "Feature",
      "geometry": {
        "type": "Point",
        "coordinates": [
          0,
          0
        ]
      },
      "properties": {
        "tract_geoid": "10003014811",
        "sb254_effective": false,
        "urbanicity": "urban",
        "distance_threshold_mi": 0.5,
        "population_total": 6739,
        "population_underserved": 3926,
        "underserved_share": 0.5825790176584063,
        "low_income": false,
        "low_income_reason": null,
        "poverty_rate": 0.030357142857142857,
        "mfi": 149137.0,
        "mfi_ratio_to_state": 1.654944737893382
      }
    },
    {
      "type": "Feature",
      "geometry": {
        "type": "Point",
        "coordinates": [
          0,
          0
        ]
      },
      "properties": {
        "tract_geoid": "10003014301",
        "sb254_effective": false,
        "urbanicity": "urban",
        "distance_threshold_mi": 0.5,
        "population_total": 1621,
        "population_underserved": 1621,
        "underserved_share": 1.0,
        "low_income": false,
        "low_income_reason": null,
        "poverty_rate": 0.003701418877236274,
        "mfi": 142486.0,
        "mfi_ratio_to_state": 1.5811398641750634
      }
    },
    {
      "type": "Feature",
      "geometry": {
        "type": "Point",
        "coordinates": [
          0,
          0
        ]
      },
      "properties": {
        "tract_geoid": "10003014812",
        "sb254_effective": false,
        "urbanicity": "urban",
        "distance_threshold_mi": 0.5,
        "population_total": 4820,
        "population_underserved": 2484,
        "underserved_share": 0.5153526970954356,
        "low_income": false,
        "low_income_reason": null,
        "poverty_rate": 0.05560165975103734,
        "mfi": 135771.0,
        "mfi_ratio_to_state": 1.5066247947090416
      }
    },
    {
      "type": "Feature",
      "geometry": {
        "type": "Point",
        "coordinates": [
          0,
          0
        ]
      },
      "properties": {
        "tract_geoid": "10003013906",
        "sb254_effective": false,
        "urbanicity": "urban",
        "distance_threshold_mi": 0.5,
        "population_total": 4136,
        "population_underserved": 914,
        "underserved_share": 0.22098646034816247,
        "low_income": false,
        "low_income_reason": null,
        "poverty_rate": 0.0014506769825918763,
        "mfi": 162856.0,
        "mfi_ratio_to_state": 1.8071818544986462
      }
    },
    {
      "type": "Feature",
      "geometry": {
        "type": "Point",
        "coordinates": [
          0,
          0
        ]
      },
      "properties": {
        "tract_geoid": "10003013905",
        "sb254_effective": false,
        "urbanicity": "urban",
        "distance_threshold_mi": 0.5,
        "population_total": 4105,
        "population_underserved": 4105,
        "underserved_share": 1.0,
        "low_income": false,
        "low_income_reason": null,
        "poverty_rate": 0.051112741501589634,
        "mfi": 90870.0,
        "mfi_ratio_to_state": 1.0083669936526256
      }
    },
    {
      "type": "Feature",
      "geometry": {
        "type": "Point",
        "coordinates": [
          0,
          0
        ]
      },
      "properties": {
        "tract_geoid": "10003010105",
        "sb254_effective": false,
        "urbanicity": "urban",
        "distance_threshold_mi": 0.5,
        "population_total": 2555,
        "population_underserved": 0,
        "underserved_share": 0.0,
        "low_income": false,
        "low_income_reason": null,
        "poverty_rate": 0.08535630383711824,
        "mfi": 102778.0,
        "mfi_ratio_to_state": 1.1405077899596077
      }
    },
    {
      "type": "Feature",
      "geometry": {
        "type": "Point",
        "coordinates": [
          0,
          0
        ]
      },
      "properties": {
        "tract_geoid": "10003010703",
        "sb254_effective": false,
        "urbanicity": "urban",
        "distance_threshold_mi": 0.5,
        "population_total": 1834,
        "population_underserved": 0,
        "underserved_share": 0.0,
        "low_income": true,
        "low_income_reason": "poverty>=0.20",
        "poverty_rate": 0.29720853858784896,
        "mfi": 88617.0,
        "mfi_ratio_to_state": 0.9833658839717697
      }
    },
    {
      "type": "Feature",
      "geometry": {
        "type": "Point",
        "coordinates": [
          0,
          0
        ]
      },
      "properties": {
        "tract_geoid": "10003015200",
        "sb254_effective": false,
        "urbanicity": "urban",
        "distance_threshold_mi": 0.5,
        "population_total": 6079,
        "population_underserved": 1929,
        "underserved_share": 0.31732192794867575,
        "low_income": false,
        "low_income_reason": null,
        "poverty_rate": 0.07818707114481763,
        "mfi": 96379.0,
        "mfi_ratio_to_state": 1.0694993119978695
      }
    },
    {
      "type": "Feature",
      "geometry": {
        "type": "Point",
        "coordinates": [
          0,
          0
        ]
      },
      "properties": {
        "tract_geoid": "10003010106",
        "sb254_effective": false,
        "urbanicity": "urban",
        "distance_threshold_mi": 0.5,
        "population_total": 1681,
        "population_underserved": 0,
        "underserved_share": 0.0,
        "low_income": false,
        "low_income_reason": null,
        "poverty_rate": 0.1124330755502677,
        "mfi": 86713.0,
        "mfi_ratio_to_state": 0.9622375604776067
      }
    },
    {
      "type": "Feature",
      "geometry": {
        "type": "Point",
        "coordinates": [
          0,
          0
        ]
      },
      "properties": {
        "tract_geoid": "10003016307",
        "sb254_effective": false,
        "urbanicity": "urban",
        "distance_threshold_mi": 0.5,
        "population_total": 2257,
        "population_underserved": 2257,
        "underserved_share": 1.0,
        "low_income": false,
        "low_income_reason": null,
        "poverty_rate": 0.03515798842901647,
        "mfi": 113583.0,
        "mfi_ratio_to_state": 1.2604088064272716
      }
    },
    {
      "type": "Feature",
      "geometry": {
        "type": "Point",
        "coordinates": [
          0,
          0
        ]
      },
      "properties": {
        "tract_geoid": "10003016609",
        "sb254_effective": false,
        "urbanicity": "urban",
        "distance_threshold_mi": 0.5,
        "population_total": 4955,
        "population_underserved": 4955,
        "underserved_share": 1.0,
        "low_income": false,
        "low_income_reason": null,
        "poverty_rate": 0.05059704513256426,
        "mfi": 168750.0,
        "mfi_ratio_to_state": 1.8725864441386657
      }
    },
    {
      "type": "Feature",
      "geometry": {
        "type": "Point",
        "coordinates": [
          0,
          0
        ]
      },
      "properties": {
        "tract_geoid": "10003016611",
        "sb254_effective": false,
        "urbanicity": "urban",
        "distance_threshold_mi": 0.5,
        "population_total": 9519,
        "population_underserved": 9519,
        "underserved_share": 1.0,
        "low_income": false,
        "low_income_reason": null,
        "poverty_rate": 0.018150939390722855,
        "mfi": 156797.0,
        "mfi_ratio_to_state": 1.73994629144658
      }
    },
    {
      "type": "Feature",
      "geometry": {
        "type": "Point",
        "coordinates": [
          0,
          0
        ]
      },
      "properties": {
        "tract_geoid": "10003016308",
        "sb254_effective": false,
        "urbanicity": "urban",
        "distance_threshold_mi": 0.5,
        "population_total": 4073,
        "population_underserved": 1212,
        "underserved_share": 0.2975693591946968,
        "low_income": false,
        "low_income_reason": null,
        "poverty_rate": 0.16056960471397005,
        "mfi": 88854.0,
        "mfi_ratio_to_state": 0.9859958275999823
      }
    },
    {
      "type": "Feature",
      "geometry": {
        "type": "Point",
        "coordinates": [
          0,
          0
        ]
      },
      "properties": {
        "tract_geoid": "10003014813",
        "sb254_effective": false,
        "urbanicity": "urban",
        "distance_threshold_mi": 0.5,
        "population_total": 5634,
        "population_underserved": 1812,
        "underserved_share": 0.32161874334398294,
        "low_income": false,
        "low_income_reason": null,
        "poverty_rate": 0.058217962371317,
        "mfi": 93153.0,
        "mfi_ratio_to_state": 1.033701007590217
      }
    },
    {
      "type": "Feature",
      "geometry": {
        "type": "Point",
        "coordinates": [
          0,
          0
        ]
      },
      "properties": {
        "tract_geoid": "10003013507",
        "sb254_effective": false,
        "urbanicity": "urban",
        "distance_threshold_mi": 0.5,
        "population_total": 1635,
        "population_underserved": 1635,
        "underserved_share": 1.0,
        "low_income": false,
        "low_income_reason": null,
        "poverty_rate": 0.037920489296636085,
        "mfi": 136563.0,
        "mfi_ratio_to_state": 1.5154134670868658
      }
    },
    {
      "type": "Feature",
      "geometry": {
        "type": "Point",
        "coordinates": [
          0,
          0
        ]
      },
      "properties": {
        "tract_geoid": "10003013508",
        "sb254_effective": false,
        "urbanicity": "urban",
        "distance_threshold_mi": 0.5,
        "population_total": 6400,
        "population_underserved": 2774,
        "underserved_share": 0.4334375,
        "low_income": false,
        "low_income_reason": null,
        "poverty_rate": 0.0040625,
        "mfi": 223636.0,
        "mfi_ratio_to_state": 2.4816458786453017
      }
    },
    {
      "type": "Feature",
      "geometry": {
        "type": "Point",
        "coordinates": [
          0,
          0
        ]
      },
      "properties": {
        "tract_geoid": "10003014302",
        "sb254_effective": false,
        "urbanicity": "urban",
        "distance_threshold_mi": 0.5,
        "population_total": 5071,
        "population_underserved": 776,
        "underserved_share": 0.15302701636758037,
        "low_income": false,
        "low_income_reason": null,
        "poverty_rate": 0.08693733451015004,
        "mfi": 181607.0,
        "mfi_ratio_to_state": 2.015258111767056
      }
    },
    {
      "type": "Feature",
      "geometry": {
        "type": "Point",
        "coordinates": [
          0,
          0
        ]
      },
      "properties": {
        "tract_geoid": "10003010704",
        "sb254_effective": false,
        "urbanicity": "urban",
        "distance_threshold_mi": 0.5,
        "population_total": 3962,
        "population_underserved": 0,
        "underserved_share": 0.0,
        "low_income": false,
        "low_income_reason": null,
        "poverty_rate": 0.08909641595153962,
        "mfi": 82673.0,
        "mfi_ratio_to_state": 0.9174064539038572
      }
    },
    {
      "type": "Feature",
      "geometry": {
        "type": "Point",
        "coordinates": [
          0,
          0
        ]
      },
      "properties": {
        "tract_geoid": "10003000500",
        "sb254_effective": false,
        "urbanicity": "urban",
        "distance_threshold_mi": 0.5,
        "population_total": 3150,
        "population_underserved": 0,
        "underserved_share": 0.0,
        "low_income": false,
        "low_income_reason": null,
        "poverty_rate": 0.12317460317460317,
        "mfi": 105434.0,
        "mfi_ratio_to_state": 1.1699809134892805
      }
    },
    {
      "type": "Feature",
      "geometry": {
        "type": "Point",
        "coordinates": [
          0,
          0
        ]
      },
      "properties": {
        "tract_geoid": "10003000601",
        "sb254_effective": false,
        "urbanicity": "urban",
        "distance_threshold_mi": 0.5,
        "population_total": 2398,
        "population_underserved": 0,
        "underserved_share": 0.0,
        "low_income": true,
        "low_income_reason": "poverty>=0.20",
        "poverty_rate": 0.3183209444687363,
        "mfi": 55625.0,
        "mfi_ratio_to_state": 0.6172599760308936
      }
    },
    {
      "type": "Feature",
      "geometry": {
        "type": "Point",
        "coordinates": [
          0,
          0
        ]
      },
      "properties": {
        "tract_geoid": "10003000602",
        "sb254_effective": false,
        "urbanicity": "urban",
        "distance_threshold_mi": 0.5,
        "population_total": 2815,
        "population_underserved": 0,
        "underserved_share": 0.0,
        "low_income": false,
        "low_income_reason": null,
        "poverty_rate": 0.12113676731793961,
        "mfi": 110759.0,
        "mfi_ratio_to_state": 1.2290714190598784
      }
    },
    {
      "type": "Feature",
      "geometry": {
        "type": "Point",
        "coordinates": [
          0,
          0
        ]
      },
      "properties": {
        "tract_geoid": "10003001100",
        "sb254_effective": false,
        "urbanicity": "urban",
        "distance_threshold_mi": 0.5,
        "population_total": 3221,
        "population_underserved": 0,
        "underserved_share": 0.0,
        "low_income": false,
        "low_income_reason": null,
        "poverty_rate": 0.1914349632470438,
        "mfi": 226250.0,
        "mfi_ratio_to_state": 2.5106529362155445
      }
    },
    {
      "type": "Feature",
      "geometry": {
        "type": "Point",
        "coordinates": [
          0,
          0
        ]
      },
      "properties": {
        "tract_geoid": "10003001300",
        "sb254_effective": false,
        "urbanicity": "urban",
        "distance_threshold_mi": 0.5,
        "population_total": 3763,
        "population_underserved": 1165,
        "underserved_share": 0.3095934095136859,
        "low_income": false,
        "low_income_reason": null,
        "poverty_rate": 0.032420940738772254,
        "mfi": 247500.0,
        "mfi_ratio_to_state": 2.746460118070043
      }
    },
    {
      "type": "Feature",
      "geometry": {
        "type": "Point",
        "coordinates": [
          0,
          0
        ]
      },
      "properties": {
        "tract_geoid": "10003001500",
        "sb254_effective": false,
        "urbanicity": "urban",
        "distance_threshold_mi": 0.5,
        "population_total": 2109,
        "population_underserved": 0,
        "underserved_share": 0.0,
        "low_income": true,
        "low_income_reason": "poverty>=0.20",
        "poverty_rate": 0.3029871977240398,
        "mfi": 78229.0,
        "mfi_ratio_to_state": 0.8680922366727329
      }
    },
    {
      "type": "Feature",
      "geometry": {
        "type": "Point",
        "coordinates": [
          0,
          0
        ]
      },
      "properties": {
        "tract_geoid": "10003001600",
        "sb254_effective": false,
        "urbanicity": "urban",
        "distance_threshold_mi": 0.5,
        "population_total": 2483,
        "population_underserved": 0,
        "underserved_share": 0.0,
        "low_income": true,
        "low_income_reason": "poverty>=0.20",
        "poverty_rate": 0.31143552311435524,
        "mfi": 54643.0,
        "mfi_ratio_to_state": 0.6063629100270762
      }
    },
    {
      "type": "Feature",
      "geometry": {
        "type": "Point",
        "coordinates": [
          0,
          0
        ]
      },
      "properties": {
        "tract_geoid": "10003002300",
        "sb254_effective": false,
        "urbanicity": "urban",
        "distance_threshold_mi": 0.5,
        "population_total": 2421,
        "population_underserved": 0,
        "underserved_share": 0.0,
        "low_income": true,
        "low_income_reason": "poverty>=0.20",
        "poverty_rate": 0.2505175983436853,
        "mfi": 53496.0,
        "mfi_ratio_to_state": 0.5936348706112122
      }
    },
    {
      "type": "Feature",
      "geometry": {
        "type": "Point",
        "coordinates": [
          0,
          0
        ]
      },
      "properties": {
        "tract_geoid": "10003002400",
        "sb254_effective": false,
        "urbanicity": "urban",
        "distance_threshold_mi": 0.5,
        "population_total": 4512,
        "population_underserved": 0,
        "underserved_share": 0.0,
        "low_income": true,
        "low_income_reason": "poverty>=0.20",
        "poverty_rate": 0.25280512937943667,
        "mfi": 49025.0,
        "mfi_ratio_to_state": 0.5440210395490257
      }
    },
    {
      "type": "Feature",
      "geometry": {
        "type": "Point",
        "coordinates": [
          0,
          0
        ]
      },
      "properties": {
        "tract_geoid": "10003000400",
        "sb254_effective": false,
        "urbanicity": "urban",
        "distance_threshold_mi": 0.5,
        "population_total": 2962,
        "population_underserved": 0,
        "underserved_share": 0.0,
        "low_income": true,
        "low_income_reason": "poverty>=0.20",
        "poverty_rate": 0.2597535934291581,
        "mfi": 152656.0,
        "mfi_ratio_to_state": 1.693994407208487
      }
    },
    {
      "type": "Feature",
      "geometry": {
        "type": "Point",
        "coordinates": [
          0,
          0
        ]
      },
      "properties": {
        "tract_geoid": "10003002600",
        "sb254_effective": false,
        "urbanicity": "urban",
        "distance_threshold_mi": 0.5,
        "population_total": 4310,
        "population_underserved": 0,
        "underserved_share": 0.0,
        "low_income": true,
        "low_income_reason": "poverty>=0.20",
        "poverty_rate": 0.2803337306317044,
        "mfi": 59938.0,
        "mfi_ratio_to_state": 0.6651205113409383
      }
    },
    {
      "type": "Feature",
      "geometry": {
        "type": "Point",
        "coordinates": [
          0,
          0
        ]
      },
      "properties": {
        "tract_geoid": "10003002700",
        "sb254_effective": false,
        "urbanicity": "urban",
        "distance_threshold_mi": 0.5,
        "population_total": 2997,
        "population_underserved": 0,
        "underserved_share": 0.0,
        "low_income": true,
        "low_income_reason": "mfi_ratio<=0.80",
        "poverty_rate": 0.15615615615615616,
        "mfi": 70797.0,
        "mfi_ratio_to_state": 0.7856207554707266
      }
    },
    {
      "type": "Feature",
      "geometry": {
        "type": "Point",
        "coordinates": [
          0,
          0
        ]
      },
      "properties": {
        "tract_geoid": "10003010200",
        "sb254_effective": false,
        "urbanicity": "urban",
        "distance_threshold_mi": 0.5,
        "population_total": 2149,
        "population_underserved": 2149,
        "underserved_share": 1.0,
        "low_income": false,
        "low_income_reason": null,
        "poverty_rate": 0.03147017379051198,
        "mfi": 130179.0,
        "mfi_ratio_to_state": 1.4445714412534956
      }
    },
    {
      "type": "Feature",
      "geometry": {
        "type": "Point",
        "coordinates": [
          0,
          0
        ]
      },
      "properties": {
        "tract_geoid": "10003012900",
        "sb254_effective": false,
        "urbanicity": "urban",
        "distance_threshold_mi": 0.5,
        "population_total": 4560,
        "population_underserved": 1626,
        "underserved_share": 0.35657894736842105,
        "low_income": true,
        "low_income_reason": "poverty>=0.20",
        "poverty_rate": 0.20463576158940397,
        "mfi": 75972.0,
        "mfi_ratio_to_state": 0.8430467397576457
      }
    },
    {
      "type": "Feature",
      "geometry": {
        "type": "Point",
        "coordinates": [
          0,
          0
        ]
      },
      "properties": {
        "tract_geoid": "10003016401",
        "sb254_effective": false,
        "urbanicity": "urban",
        "distance_threshold_mi": 0.5,
        "population_total": 6806,
        "population_underserved": 6806,
        "underserved_share": 1.0,
        "low_income": false,
        "low_income_reason": null,
        "poverty_rate": 0.07030445653772614,
        "mfi": 170215.0,
        "mfi_ratio_to_state": 1.8888432686759289
      }
    },
    {
      "type": "Feature",
      "geometry": {
        "type": "Point",
        "coordinates": [
          0,
          0
        ]
      },
      "properties": {
        "tract_geoid": "10003001200",
        "sb254_effective": false,
        "urbanicity": "urban",
        "distance_threshold_mi": 0.5,
        "population_total": 1779,
        "population_underserved": 0,
        "underserved_share": 0.0,
        "low_income": false,
        "low_income_reason": null,
        "poverty_rate": 0.015348288075560802,
        "mfi": 167625.0,
        "mfi_ratio_to_state": 1.8601025345110747
      }
    },
    {
      "type": "Feature",
      "geometry": {
        "type": "Point",
        "coordinates": [
          0,
          0
        ]
      },
      "properties": {
        "tract_geoid": "10003010400",
        "sb254_effective": false,
        "urbanicity": "urban",
        "distance_threshold_mi": 0.5,
        "population_total": 4902,
        "population_underserved": 3364,
        "underserved_share": 0.6862505099959201,
        "low_income": false,
        "low_income_reason": null,
        "poverty_rate": 0.09651639344262294,
        "mfi": 108690.0,
        "mfi_ratio_to_state": 1.2061121221536686
      }
    },
    {
      "type": "Feature",
      "geometry": {
        "type": "Point",
        "coordinates": [
          0,
          0
        ]
      },
      "properties": {
        "tract_geoid": "10003010900",
        "sb254_effective": false,
        "urbanicity": "urban",
        "distance_threshold_mi": 0.5,
        "population_total": 2664,
        "population_underserved": 2664,
        "underserved_share": 1.0,
        "low_income": false,
        "low_income_reason": null,
        "poverty_rate": 0.06343843843843844,
        "mfi": 126188.0,
        "mfi_ratio_to_state": 1.400284078299081
      }
    },
    {
      "type": "Feature",
      "geometry": {
        "type": "Point",
        "coordinates": [
          0,
          0
        ]
      },
      "properties": {
        "tract_geoid": "10003011100",
        "sb254_effective": false,
        "urbanicity": "urban",
        "distance_threshold_mi": 0.5,
        "population_total": 2671,
        "population_underserved": 0,
        "underserved_share": 0.0,
        "low_income": false,
        "low_income_reason": null,
        "poverty_rate": 0.04033169996230682,
        "mfi": 127375.0,
        "mfi_ratio_to_state": 1.4134559900572596
      }
    },
    {
      "type": "Feature",
      "geometry": {
        "type": "Point",
        "coordinates": [
          0,
          0
        ]
      },
      "properties": {
        "tract_geoid": "10003013800",
        "sb254_effective": false,
        "urbanicity": "urban",
        "distance_threshold_mi": 0.5,
        "population_total": 6027,
        "population_underserved": 6027,
        "underserved_share": 1.0,
        "low_income": false,
        "low_income_reason": null,
        "poverty_rate": 0.04328636903751485,
        "mfi": 97309.0,
        "mfi_ratio_to_state": 1.0798193439566781
      }
    },
    {
      "type": "Feature",
      "geometry": {
        "type": "Point",
        "coordinates": [
          0,
          0
        ]
      },
      "properties": {
        "tract_geoid": "10003015000",
        "sb254_effective": false,
        "urbanicity": "urban",
        "distance_threshold_mi": 0.5,
        "population_total": 5510,
        "population_underserved": 765,
        "underserved_share": 0.13883847549909256,
        "low_income": false,
        "low_income_reason": null,
        "poverty_rate": 0.14791288566243194,
        "mfi": 102111.0,
        "mfi_ratio_to_state": 1.1331062186515157
      }
    },
    {
      "type": "Feature",
      "geometry": {
        "type": "Point",
        "coordinates": [
          0,
          0
        ]
      },
      "properties": {
        "tract_geoid": "10005051101",
        "sb254_effective": false,
        "urbanicity": "urban",
        "distance_threshold_mi": 0.5,
        "population_total": 929,
        "population_underserved": 496,
        "underserved_share": 0.5339074273412271,
        "low_income": false,
        "low_income_reason": null,
        "poverty_rate": 0.04039301310043668,
        "mfi": 183750.0,
        "mfi_ratio_to_state": 2.039038572506547
      }
    },
    {
      "type": "Feature",
      "geometry": {
        "type": "Point",
        "coordinates": [
          0,
          0
        ]
      },
      "properties": {
        "tract_geoid": "10003013610",
        "sb254_effective": false,
        "urbanicity": "urban",
        "distance_threshold_mi": 0.5,
        "population_total": 5227,
        "population_underserved": 3860,
        "underserved_share": 0.7384733116510427,
        "low_income": false,
        "low_income_reason": null,
        "poverty_rate": 0.03877630553390491,
        "mfi": 160329.0,
        "mfi_ratio_to_state": 1.779140219272937
      }
    },
    {
      "type": "Feature",
      "geometry": {
        "type": "Point",
        "coordinates": [
          0,
          0
        ]
      },
      "properties": {
        "tract_geoid": "10003011900",
        "sb254_effective": false,
        "urbanicity": "urban",
        "distance_threshold_mi": 0.5,
        "population_total": 3150,
        "population_underserved": 3150,
        "underserved_share": 1.0,
        "low_income": false,
        "low_income_reason": null,
        "poverty_rate": 0.13333333333333333,
        "mfi": 241250.0,
        "mfi_ratio_to_state": 2.677105064583426
      }
    },
    {
      "type": "Feature",
      "geometry": {
        "type": "Point",
        "coordinates": [
          0,
          0
        ]
      },
      "properties": {
        "tract_geoid": "10003013613",
        "sb254_effective": false,
        "urbanicity": "urban",
        "distance_threshold_mi": 0.5,
        "population_total": 5948,
        "population_underserved": 5948,
        "underserved_share": 1.0,
        "low_income": false,
        "low_income_reason": null,
        "poverty_rate": 0.029607568325157672,
        "mfi": 164464.0,
        "mfi_ratio_to_state": 1.825025522659683
      }
    },
    {
      "type": "Feature",
      "geometry": {
        "type": "Point",
        "coordinates": [
          0,
          0
        ]
      },
      "properties": {
        "tract_geoid": "10003014705",
        "sb254_effective": false,
        "urbanicity": "urban",
        "distance_threshold_mi": 0.5,
        "population_total": 5916,
        "population_underserved": 2746,
        "underserved_share": 0.46416497633536175,
        "low_income": true,
        "low_income_reason": "mfi_ratio<=0.80",
        "poverty_rate": 0.16900205058099796,
        "mfi": 71476.0,
        "mfi_ratio_to_state": 0.7931554884815127
      }
    },
    {
      "type": "Feature",
      "geometry": {
        "type": "Point",
        "coordinates": [
          0,
          0
        ]
      },
      "properties": {
        "tract_geoid": "10003013700",
        "sb254_effective": false,
        "urbanicity": "urban",
        "distance_threshold_mi": 0.5,
        "population_total": 3901,
        "population_underserved": 693,
        "underserved_share": 0.1776467572417329,
        "low_income": false,
        "low_income_reason": null,
        "poverty_rate": 0.12791591899512944,
        "mfi": 91492.0,
        "mfi_ratio_to_state": 1.0152692085756136
      }
    },
    {
      "type": "Feature",
      "geometry": {
        "type": "Point",
        "coordinates": [
          0,
          0
        ]
      },
      "properties": {
        "tract_geoid": "10003014502",
        "sb254_effective": false,
        "urbanicity": "urban",
        "distance_threshold_mi": 0.5,
        "population_total": 7426,
        "population_underserved": 0,
        "underserved_share": 0.0,
        "low_income": true,
        "low_income_reason": "poverty>=0.20",
        "poverty_rate": 0.6288617886178862,
        "mfi": 111111.0,
        "mfi_ratio_to_state": 1.2329774956722446
      }
    },
    {
      "type": "Feature",
      "geometry": {
        "type": "Point",
        "coordinates": [
          0,
          0
        ]
      },
      "properties": {
        "tract_geoid": "10003012400",
        "sb254_effective": false,
        "urbanicity": "urban",
        "distance_threshold_mi": 0.5,
        "population_total": 4493,
        "population_underserved": 0,
        "underserved_share": 0.0,
        "low_income": true,
        "low_income_reason": "poverty>=0.20",
        "poverty_rate": 0.20066889632107024,
        "mfi": 93565.0,
        "mfi_ratio_to_state": 1.038272892716055
      }
    },
    {
      "type": "Feature",
      "geometry": {
        "type": "Point",
        "coordinates": [
          0,
          0
        ]
      },
      "properties": {
        "tract_geoid": "10003014404",
        "sb254_effective": true,
        "urbanicity": "urban",
        "distance_threshold_mi": 0.5,
        "population_total": 4169,
        "population_underserved": 4169,
        "underserved_share": 1.0,
        "low_income": true,
        "low_income_reason": "poverty>=0.20",
        "poverty_rate": 0.21372031662269128,
        "mfi": 96220.0,
        "mfi_ratio_to_state": 1.06773491943717
      }
    },
    {
      "type": "Feature",
      "geometry": {
        "type": "Point",
        "coordinates": [
          0,
          0
        ]
      },
      "properties": {
        "tract_geoid": "10003012000",
        "sb254_effective": false,
        "urbanicity": "urban",
        "distance_threshold_mi": 0.5,
        "population_total": 3958,
        "population_underserved": 786,
        "underserved_share": 0.19858514401212735,
        "low_income": false,
        "low_income_reason": null,
        "poverty_rate": 0.06956741715153049,
        "mfi": 82500.0,
        "mfi_ratio_to_state": 0.9154867060233477
      }
    },
    {
      "type": "Feature",
      "geometry": {
        "type": "Point",
        "coordinates": [
          0,
          0
        ]
      },
      "properties": {
        "tract_geoid": "10003012700",
        "sb254_effective": false,
        "urbanicity": "urban",
        "distance_threshold_mi": 0.5,
        "population_total": 4320,
        "population_underserved": 1083,
        "underserved_share": 0.25069444444444444,
        "low_income": false,
        "low_income_reason": null,
        "poverty_rate": 0.12384259259259259,
        "mfi": 90850.0,
        "mfi_ratio_to_state": 1.0081450574814683
      }
    },
    {
      "type": "Feature",
      "geometry": {
        "type": "Point",
        "coordinates": [
          0,
          0
        ]
      },
      "properties": {
        "tract_geoid": "10005050601",
        "sb254_effective": false,
        "urbanicity": "urban",
        "distance_threshold_mi": 0.5,
        "population_total": 5598,
        "population_underserved": 5598,
        "underserved_share": 1.0,
        "low_income": false,
        "low_income_reason": null,
        "poverty_rate": 0.10356045544912344,
        "mfi": 80545.0,
        "mfi_ratio_to_state": 0.8937924452927338
      }
    },
    {
      "type": "Feature",
      "geometry": {
        "type": "Point",
        "coordinates": [
          0,
          0
        ]
      },
      "properties": {
        "tract_geoid": "10003002500",
        "sb254_effective": false,
        "urbanicity": "urban",
        "distance_threshold_mi": 0.5,
        "population_total": 3678,
        "population_underserved": 0,
        "underserved_share": 0.0,
        "low_income": false,
        "low_income_reason": null,
        "poverty_rate": 0.13104948341489941,
        "mfi": 87833.0,
        "mfi_ratio_to_state": 0.9746659860624084
      }
    },
    {
      "type": "Feature",
      "geometry": {
        "type": "Point",
        "coordinates": [
          0,
          0
        ]
      },
      "properties": {
        "tract_geoid": "10003011201",
        "sb254_effective": false,
        "urbanicity": "urban",
        "distance_threshold_mi": 0.5,
        "population_total": 2684,
        "population_underserved": 0,
        "underserved_share": 0.0,
        "low_income": false,
        "low_income_reason": null,
        "poverty_rate": 0.03858921161825726,
        "mfi": 176250.0,
        "mfi_ratio_to_state": 1.9558125083226063
      }
    },
    {
      "type": "Feature",
      "geometry": {
        "type": "Point",
        "coordinates": [
          0,
          0
        ]
      },
      "properties": {
        "tract_geoid": "10003011202",
        "sb254_effective": false,
        "urbanicity": "urban",
        "distance_threshold_mi": 0.5,
        "population_total": 4029,
        "population_underserved": 2602,
        "underserved_share": 0.6458178207992058,
        "low_income": false,
        "low_income_reason": null,
        "poverty_rate": 0.013899230578307272,
        "mfi": 157096.0,
        "mfi_ratio_to_state": 1.7432642372053797
      }
    },
    {
      "type": "Feature",
      "geometry": {
        "type": "Point",
        "coordinates": [
          0,
          0
        ]
      },
      "properties": {
        "tract_geoid": "10003011205",
        "sb254_effective": false,
        "urbanicity": "urban",
        "distance_threshold_mi": 0.5,
        "population_total": 2127,
        "population_underserved": 801,
        "underserved_share": 0.3765867418899859,
        "low_income": false,
        "low_income_reason": null,
        "poverty_rate": 0.07287259050305595,
        "mfi": 150286.0,
        "mfi_ratio_to_state": 1.6676949709263615
      }
    },
    {
      "type": "Feature",
      "geometry": {
        "type": "Point",
        "coordinates": [
          0,
          0
        ]
      },
      "properties": {
        "tract_geoid": "10003014402",
        "sb254_effective": false,
        "urbanicity": "urban",
        "distance_threshold_mi": 0.5,
        "population_total": 2889,
        "population_underserved": 2377,
        "underserved_share": 0.8227760470751125,
        "low_income": false,
        "low_income_reason": null,
        "poverty_rate": 0.19937150837988826,
        "mfi": 134792.0,
        "mfi_ratio_to_state": 1.4957610191308979
      }
    },
    {
      "type": "Feature",
      "geometry": {
        "type": "Point",
        "coordinates": [
          0,
          0
        ]
      },
      "properties": {
        "tract_geoid": "10003011700",
        "sb254_effective": false,
        "urbanicity": "urban",
        "distance_threshold_mi": 0.5,
        "population_total": 4234,
        "population_underserved": 4234,
        "underserved_share": 1.0,
        "low_income": false,
        "low_income_reason": null,
        "poverty_rate": 0.015362798392814937,
        "mfi": 250001.0,
        "mfi_ratio_to_state": 2.7742132362732477
      }
    },
    {
      "type": "Feature",
      "geometry": {
        "type": "Point",
        "coordinates": [
          0,
          0
        ]
      },
      "properties": {
        "tract_geoid": "10003014803",
        "sb254_effective": false,
        "urbanicity": "urban",
        "distance_threshold_mi": 0.5,
        "population_total": 4034,
        "population_underserved": 4034,
        "underserved_share": 1.0,
        "low_income": false,
        "low_income_reason": null,
        "poverty_rate": 0.11604010025062657,
        "mfi": 126250.0,
        "mfi_ratio_to_state": 1.4009720804296684
      }
    },
    {
      "type": "Feature",
      "geometry": {
        "type": "Point",
        "coordinates": [
          0,
          0
        ]
      },
      "properties": {
        "tract_geoid": "10003010300",
        "sb254_effective": false,
        "urbanicity": "urban",
        "distance_threshold_mi": 0.5,
        "population_total": 3585,
        "population_underserved": 1103,
        "underserved_share": 0.30767085076708506,
        "low_income": false,
        "low_income_reason": null,
        "poverty_rate": 0.08619246861924686,
        "mfi": 125887.0,
        "mfi_ratio_to_state": 1.3969439389231657
      }
    },
    {
      "type": "Feature",
      "geometry": {
        "type": "Point",
        "coordinates": [
          0,
          0
        ]
      },
      "properties": {
        "tract_geoid": "10003011206",
        "sb254_effective": false,
        "urbanicity": "urban",
        "distance_threshold_mi": 0.5,
        "population_total": 4185,
        "population_underserved": 4185,
        "underserved_share": 1.0,
        "low_income": false,
        "low_income_reason": null,
        "poverty_rate": 0.022238336959149143,
        "mfi": 169107.0,
        "mfi_ratio_to_state": 1.8765480047938212
      }
    },
    {
      "type": "Feature",
      "geometry": {
        "type": "Point",
        "coordinates": [
          0,
          0
        ]
      },
      "properties": {
        "tract_geoid": "10003011300",
        "sb254_effective": false,
        "urbanicity": "urban",
        "distance_threshold_mi": 0.5,
        "population_total": 2580,
        "population_underserved": 0,
        "underserved_share": 0.0,
        "low_income": false,
        "low_income_reason": null,
        "poverty_rate": 0.018025078369905956,
        "mfi": 147171.0,
        "mfi_ratio_to_state": 1.6331284122686316
      }
    },
    {
      "type": "Feature",
      "geometry": {
        "type": "Point",
        "coordinates": [
          0,
          0
        ]
      },
      "properties": {
        "tract_geoid": "10003013611",
        "sb254_effective": false,
        "urbanicity": "urban",
        "distance_threshold_mi": 0.5,
        "population_total": 5880,
        "population_underserved": 2275,
        "underserved_share": 0.3869047619047619,
        "low_income": false,
        "low_income_reason": null,
        "poverty_rate": 0.043478260869565216,
        "mfi": 138129.0,
        "mfi_ratio_to_state": 1.5327910692884725
      }
    },
    {
      "type": "Feature",
      "geometry": {
        "type": "Point",
        "coordinates": [
          0,
          0
        ]
      },
      "properties": {
        "tract_geoid": "10003002900",
        "sb254_effective": false,
        "urbanicity": "urban",
        "distance_threshold_mi": 0.5,
        "population_total": 3305,
        "population_underserved": 0,
        "underserved_share": 0.0,
        "low_income": true,
        "low_income_reason": "poverty>=0.20",
        "poverty_rate": 0.41482602118003026,
        "mfi": null,
        "mfi_ratio_to_state": null
      }
    },
    {
      "type": "Feature",
      "geometry": {
        "type": "Point",
        "coordinates": [
          0,
          0
        ]
      },
      "properties": {
        "tract_geoid": "10003002100",
        "sb254_effective": false,
        "urbanicity": "urban",
        "distance_threshold_mi": 0.5,
        "population_total": 1237,
        "population_underserved": 0,
        "underserved_share": 0.0,
        "low_income": true,
        "low_income_reason": "poverty>=0.20",
        "poverty_rate": 0.40177849636216656,
        "mfi": null,
        "mfi_ratio_to_state": null
      }
    },
    {
      "type": "Feature",
      "geometry": {
        "type": "Point",
        "coordinates": [
          0,
          0
        ]
      },
      "properties": {
        "tract_geoid": "10003014909",
        "sb254_effective": false,
        "urbanicity": "urban",
        "distance_threshold_mi": 0.5,
        "population_total": 6619,
        "population_underserved": 0,
        "underserved_share": 0.0,
        "low_income": false,
        "low_income_reason": null,
        "poverty_rate": 0.12010877776099109,
        "mfi": 77396.0,
        "mfi_ratio_to_state": 0.8588485951440366
      }
    },
    {
      "type": "Feature",
      "geometry": {
        "type": "Point",
        "coordinates": [
          0,
          0
        ]
      },
      "properties": {
        "tract_geoid": "10003015502",
        "sb254_effective": false,
        "urbanicity": "urban",
        "distance_threshold_mi": 0.5,
        "population_total": 2327,
        "population_underserved": 793,
        "underserved_share": 0.3407821229050279,
        "low_income": false,
        "low_income_reason": null,
        "poverty_rate": 0.11731843575418995,
        "mfi": 77589.0,
        "mfi_ratio_to_state": 0.8609902791957034
      }
    },
    {
      "type": "Feature",
      "geometry": {
        "type": "Point",
        "coordinates": [
          0,
          0
        ]
      },
      "properties": {
        "tract_geoid": "10005050103",
        "sb254_effective": false,
        "urbanicity": "urban",
        "distance_threshold_mi": 0.5,
        "population_total": 5262,
        "population_underserved": 5262,
        "underserved_share": 1.0,
        "low_income": false,
        "low_income_reason": null,
        "poverty_rate": 0.09483086278981376,
        "mfi": 94837.0,
        "mfi_ratio_to_state": 1.0523880332016513
      }
    },
    {
      "type": "Feature",
      "geometry": {
        "type": "Point",
        "coordinates": [
          0,
          0
        ]
      },
      "properties": {
        "tract_geoid": "10005050304",
        "sb254_effective": false,
        "urbanicity": "urban",
        "distance_threshold_mi": 0.5,
        "population_total": 4410,
        "population_underserved": 2894,
        "underserved_share": 0.6562358276643991,
        "low_income": false,
        "low_income_reason": null,
        "poverty_rate": 0.17357453629493932,
        "mfi": 85817.0,
        "mfi_ratio_to_state": 0.9522948200097652
      }
    },
    {
      "type": "Feature",
      "geometry": {
        "type": "Point",
        "coordinates": [
          0,
          0
        ]
      },
      "properties": {
        "tract_geoid": "10005050710",
        "sb254_effective": true,
        "urbanicity": "urban",
        "distance_threshold_mi": 0.5,
        "population_total": 2412,
        "population_underserved": 1232,
        "underserved_share": 0.5107794361525705,
        "low_income": true,
        "low_income_reason": "mfi_ratio<=0.80",
        "poverty_rate": 0.08569051580698835,
        "mfi": 58750.0,
        "mfi_ratio_to_state": 0.6519375027742021
      }
    },
    {
      "type": "Feature",
      "geometry": {
        "type": "Point",
        "coordinates": [
          0,
          0
        ]
      },
      "properties": {
        "tract_geoid": "10005050303",
        "sb254_effective": false,
        "urbanicity": "urban",
        "distance_threshold_mi": 0.5,
        "population_total": 3299,
        "population_underserved": 3299,
        "underserved_share": 1.0,
        "low_income": false,
        "low_income_reason": null,
        "poverty_rate": 0.04313000616142945,
        "mfi": 89621.0,
        "mfi_ratio_to_state": 0.9945070797638599
      }
    },
    {
      "type": "Feature",
      "geometry": {
        "type": "Point",
        "coordinates": [
          0,
          0
        ]
      },
      "properties": {
        "tract_geoid": "10005050711",
        "sb254_effective": true,
        "urbanicity": "urban",
        "distance_threshold_mi": 0.5,
        "population_total": 1138,
        "population_underserved": 1138,
        "underserved_share": 1.0,
        "low_income": true,
        "low_income_reason": "mfi_ratio<=0.80",
        "poverty_rate": 0.13268892794376097,
        "mfi": 58542.0,
        "mfi_ratio_to_state": 0.6496293665941675
      }
    },
    {
      "type": "Feature",
      "geometry": {
        "type": "Point",
        "coordinates": [
          0,
          0
        ]
      },
      "properties": {
        "tract_geoid": "10005051313",
        "sb254_effective": false,
        "urbanicity": "urban",
        "distance_threshold_mi": 0.5,
        "population_total": 2961,
        "population_underserved": 1247,
        "underserved_share": 0.4211415062478892,
        "low_income": false,
        "low_income_reason": null,
        "poverty_rate": 0.11726934775261913,
        "mfi": 90293.0,
        "mfi_ratio_to_state": 1.001964135114741
      }
    },
    {
      "type": "Feature",
      "geometry": {
        "type": "Point",
        "coordinates": [
          0,
          0
        ]
      },
      "properties": {
        "tract_geoid": "10005051314",
        "sb254_effective": false,
        "urbanicity": "urban",
        "distance_threshold_mi": 0.5,
        "population_total": 2863,
        "population_underserved": 2863,
        "underserved_share": 1.0,
        "low_income": false,
        "low_income_reason": null,
        "poverty_rate": 0.04750261962975899,
        "mfi": 100368.0,
        "mfi_ratio_to_state": 1.113764481335168
      }
    },
    {
      "type": "Feature",
      "geometry": {
        "type": "Point",
        "coordinates": [
          0,
          0
        ]
      },
      "properties": {
        "tract_geoid": "10005051310",
        "sb254_effective": false,
        "urbanicity": "urban",
        "distance_threshold_mi": 0.5,
        "population_total": 2200,
        "population_underserved": 2200,
        "underserved_share": 1.0,
        "low_income": false,
        "low_income_reason": null,
        "poverty_rate": 0.02590909090909091,
        "mfi": 124005.0,
        "mfi_ratio_to_state": 1.3760597452172756
      }
    },
    {
      "type": "Feature",
      "geometry": {
        "type": "Point",
        "coordinates": [
          0,
          0
        ]
      },
      "properties": {
        "tract_geoid": "10001040100",
        "sb254_effective": false,
        "urbanicity": "urban",
        "distance_threshold_mi": 0.5,
        "population_total": 7503,
        "population_underserved": 7503,
        "underserved_share": 1.0,
        "low_income": false,
        "low_income_reason": null,
        "poverty_rate": 0.11856014987287569,
        "mfi": 88426.0,
        "mfi_ratio_to_state": 0.9812463935372187
      }
    },
    {
      "type": "Feature",
      "geometry": {
        "type": "Point",
        "coordinates": [
          0,
          0
        ]
      },
      "properties": {
        "tract_geoid": "10001040201",
        "sb254_effective": false,
        "urbanicity": "urban",
        "distance_threshold_mi": 0.5,
        "population_total": 5280,
        "population_underserved": 2559,
        "underserved_share": 0.48465909090909093,
        "low_income": false,
        "low_income_reason": null,
        "poverty_rate": 0.07163214896446893,
        "mfi": 93144.0,
        "mfi_ratio_to_state": 1.0336011363131963
      }
    },
    {
      "type": "Feature",
      "geometry": {
        "type": "Point",
        "coordinates": [
          0,
          0
        ]
      },
      "properties": {
        "tract_geoid": "10001041500",
        "sb254_effective": false,
        "urbanicity": "urban",
        "distance_threshold_mi": 0.5,
        "population_total": 4283,
        "population_underserved": 0,
        "underserved_share": 0.0,
        "low_income": false,
        "low_income_reason": null,
        "poverty_rate": 0.19589073079617092,
        "mfi": 80455.0,
        "mfi_ratio_to_state": 0.8927937325225265
      }
    },
    {
      "type": "Feature",
      "geometry": {
        "type": "Point",
        "coordinates": [
          0,
          0
        ]
      },
      "properties": {
        "tract_geoid": "10001042000",
        "sb254_effective": false,
        "urbanicity": "nonurban",
        "distance_threshold_mi": 10.0,
        "population_total": 2985,
        "population_underserved": 0,
        "underserved_share": 0.0,
        "low_income": false,
        "low_income_reason": null,
        "poverty_rate": 0.07169179229480736,
        "mfi": 100175.0,
        "mfi_ratio_to_state": 1.1116227972835013
      }
    },
    {
      "type": "Feature",
      "geometry": {
        "type": "Point",
        "coordinates": [
          0,
          0
        ]
      },
      "properties": {
        "tract_geoid": "10001041200",
        "sb254_effective": false,
        "urbanicity": "urban",
        "distance_threshold_mi": 0.5,
        "population_total": 4138,
        "population_underserved": 1665,
        "underserved_share": 0.402368293861769,
        "low_income": false,
        "low_income_reason": null,
        "poverty_rate": 0.1125370187561698,
        "mfi": 79844.0,
        "mfi_ratio_to_state": 0.8860135824936748
      }
    },
    {
      "type": "Feature",
      "geometry": {
        "type": "Point",
        "coordinates": [
          0,
          0
        ]
      },
      "properties": {
        "tract_geoid": "10001041000",
        "sb254_effective": true,
        "urbanicity": "urban",
        "distance_threshold_mi": 0.5,
        "population_total": 7265,
        "population_underserved": 5255,
        "underserved_share": 0.723331039229181,
        "low_income": true,
        "low_income_reason": "mfi_ratio<=0.80",
        "poverty_rate": 0.14355673709248637,
        "mfi": 67750.0,
        "mfi_ratio_to_state": 0.751808779794931
      }
    },
    {
      "type": "Feature",
      "geometry": {
        "type": "Point",
        "coordinates": [
          0,
          0
        ]
      },
      "properties": {
        "tract_geoid": "10001041300",
        "sb254_effective": false,
        "urbanicity": "urban",
        "distance_threshold_mi": 0.5,
        "population_total": 2034,
        "population_underserved": 0,
        "underserved_share": 0.0,
        "low_income": true,
        "low_income_reason": "poverty>=0.20",
        "poverty_rate": 0.35169699950811606,
        "mfi": 34788.0,
        "mfi_ratio_to_state": 0.38603577611079054
      }
    },
    {
      "type": "Feature",
      "geometry": {
        "type": "Point",
        "coordinates": [
          0,
          0
        ]
      },
      "properties": {
        "tract_geoid": "10001041400",
        "sb254_effective": true,
        "urbanicity": "urban",
        "distance_threshold_mi": 0.5,
        "population_total": 4141,
        "population_underserved": 2526,
        "underserved_share": 0.6099975851243661,
        "low_income": true,
        "low_income_reason": "poverty>=0.20",
        "poverty_rate": 0.24134445286833459,
        "mfi": 69102.0,
        "mfi_ratio_to_state": 0.7668116649651561
      }
    },
    {
      "type": "Feature",
      "geometry": {
        "type": "Point",
        "coordinates": [
          0,
          0
        ]
      },
      "properties": {
        "tract_geoid": "10003003002",
        "sb254_effective": false,
        "urbanicity": "urban",
        "distance_threshold_mi": 0.5,
        "population_total": 3059,
        "population_underserved": 0,
        "underserved_share": 0.0,
        "low_income": true,
        "low_income_reason": "poverty>=0.20",
        "poverty_rate": 0.4887052341597796,
        "mfi": 45800.0,
        "mfi_ratio_to_state": 0.5082338319499312
      }
    },
    {
      "type": "Feature",
      "geometry": {
        "type": "Point",
        "coordinates": [
          0,
          0
        ]
      },
      "properties": {
        "tract_geoid": "10005050501",
        "sb254_effective": false,
        "urbanicity": "urban",
        "distance_threshold_mi": 0.5,
        "population_total": 4363,
        "population_underserved": 4363,
        "underserved_share": 1.0,
        "low_income": false,
        "low_income_reason": null,
        "poverty_rate": 0.09073987901349465,
        "mfi": 93631.0,
        "mfi_ratio_to_state": 1.0390052820808735
      }
    },
    {
      "type": "Feature",
      "geometry": {
        "type": "Point",
        "coordinates": [
          0,
          0
        ]
      },
      "properties": {
        "tract_geoid": "10005051302",
        "sb254_effective": false,
        "urbanicity": "urban",
        "distance_threshold_mi": 0.5,
        "population_total": 5420,
        "population_underserved": 5420,
        "underserved_share": 1.0,
        "low_income": false,
        "low_income_reason": null,
        "poverty_rate": 0.07495835646862854,
        "mfi": 108942.0,
        "mfi_ratio_to_state": 1.208908517910249
      }
    },
    {
      "type": "Feature",
      "geometry": {
        "type": "Point",
        "coordinates": [
          0,
          0
        ]
      },
      "properties": {
        "tract_geoid": "10005050403",
        "sb254_effective": false,
        "urbanicity": "urban",
        "distance_threshold_mi": 0.5,
        "population_total": 3257,
        "population_underserved": 3257,
        "underserved_share": 1.0,
        "low_income": false,
        "low_income_reason": null,
        "poverty_rate": 0.08833487226839028,
        "mfi": 83207.0,
        "mfi_ratio_to_state": 0.9233321496737539
      }
    },
    {
      "type": "Feature",
      "geometry": {
        "type": "Point",
        "coordinates": [
          0,
          0
        ]
      },
      "properties": {
        "tract_geoid": "10005050302",
        "sb254_effective": true,
        "urbanicity": "urban",
        "distance_threshold_mi": 0.5,
        "population_total": 5945,
        "population_underserved": 5945,
        "underserved_share": 1.0,
        "low_income": true,
        "low_income_reason": "poverty>=0.20",
        "poverty_rate": 0.229933819786187,
        "mfi": 79044.0,
        "mfi_ratio_to_state": 0.8771361356473878
      }
    },
    {
      "type": "Feature",
      "geometry": {
        "type": "Point",
        "coordinates": [
          0,
          0
        ]
      },
      "properties": {
        "tract_geoid": "10005050801",
        "sb254_effective": false,
        "urbanicity": "urban",
        "distance_threshold_mi": 0.5,
        "population_total": 4142,
        "population_underserved": 4142,
        "underserved_share": 1.0,
        "low_income": false,
        "low_income_reason": null,
        "poverty_rate": 0.04606060606060606,
        "mfi": 92531.0,
        "mfi_ratio_to_state": 1.0267987926672288
      }
    },
    {
      "type": "Feature",
      "geometry": {
        "type": "Point",
        "coordinates": [
          0,
          0
        ]
      },
      "properties": {
        "tract_geoid": "10005050401",
        "sb254_effective": false,
        "urbanicity": "urban",
        "distance_threshold_mi": 0.5,
        "population_total": 3533,
        "population_underserved": 3533,
        "underserved_share": 1.0,
        "low_income": false,
        "low_income_reason": null,
        "poverty_rate": 0.13954146617605434,
        "mfi": 81000.0,
        "mfi_ratio_to_state": 0.8988414931865596
      }
    },
    {
      "type": "Feature",
      "geometry": {
        "type": "Point",
        "coordinates": [
          0,
          0
        ]
      },
      "properties": {
        "tract_geoid": "10005050101",
        "sb254_effective": false,
        "urbanicity": "urban",
        "distance_threshold_mi": 0.5,
        "population_total": 4485,
        "population_underserved": 4485,
        "underserved_share": 1.0,
        "low_income": false,
        "low_income_reason": null,
        "poverty_rate": 0.045888232621535664,
        "mfi": 96990.0,
        "mfi_ratio_to_state": 1.076279462026721
      }
    },
    {
      "type": "Feature",
      "geometry": {
        "type": "Point",
        "coordinates": [
          0,
          0
        ]
      },
      "properties": {
        "tract_geoid": "10005051702",
        "sb254_effective": false,
        "urbanicity": "urban",
        "distance_threshold_mi": 0.5,
        "population_total": 7067,
        "population_underserved": 7067,
        "underserved_share": 1.0,
        "low_income": false,
        "low_income_reason": null,
        "poverty_rate": 0.14366595895258316,
        "mfi": 82991.0,
        "mfi_ratio_to_state": 0.9209352390252563
      }
    },
    {
      "type": "Feature",
      "geometry": {
        "type": "Point",
        "coordinates": [
          0,
          0
        ]
      },
      "properties": {
        "tract_geoid": "10005051900",
        "sb254_effective": false,
        "urbanicity": "urban",
        "distance_threshold_mi": 0.5,
        "population_total": 4541,
        "population_underserved": 4541,
        "underserved_share": 1.0,
        "low_income": false,
        "low_income_reason": null,
        "poverty_rate": 0.09732524162733198,
        "mfi": 82762.0,
        "mfi_ratio_to_state": 0.9183940698655066
      }
    },
    {
      "type": "Feature",
      "geometry": {
        "type": "Point",
        "coordinates": [
          0,
          0
        ]
      },
      "properties": {
        "tract_geoid": "10005050200",
        "sb254_effective": true,
        "urbanicity": "urban",
        "distance_threshold_mi": 0.5,
        "population_total": 4279,
        "population_underserved": 4279,
        "underserved_share": 1.0,
        "low_income": true,
        "low_income_reason": "mfi_ratio<=0.80",
        "poverty_rate": 0.14120541205412054,
        "mfi": 65700.0,
        "mfi_ratio_to_state": 0.7290603222513206
      }
    },
    {
      "type": "Feature",
      "geometry": {
        "type": "Point",
        "coordinates": [
          0,
          0
        ]
      },
      "properties": {
        "tract_geoid": "10005051400",
        "sb254_effective": false,
        "urbanicity": "urban",
        "distance_threshold_mi": 0.5,
        "population_total": 3763,
        "population_underserved": 3763,
        "underserved_share": 1.0,
        "low_income": false,
        "low_income_reason": null,
        "poverty_rate": 0.046368265880461,
        "mfi": 99040.0,
        "mfi_ratio_to_state": 1.0990279195703316
      }
    },
    {
      "type": "Feature",
      "geometry": {
        "type": "Point",
        "coordinates": [
          0,
          0
        ]
      },
      "properties": {
        "tract_geoid": "10005050701",
        "sb254_effective": false,
        "urbanicity": "urban",
        "distance_threshold_mi": 0.5,
        "population_total": 4681,
        "population_underserved": 4681,
        "underserved_share": 1.0,
        "low_income": false,
        "low_income_reason": null,
        "poverty_rate": 0.10399478940512376,
        "mfi": 91875.0,
        "mfi_ratio_to_state": 1.0195192862532736
      }
    },
    {
      "type": "Feature",
      "geometry": {
        "type": "Point",
        "coordinates": [
          0,
          0
        ]
      },
      "properties": {
        "tract_geoid": "10003014904",
        "sb254_effective": false,
        "urbanicity": "urban",
        "distance_threshold_mi": 0.5,
        "population_total": 5748,
        "population_underserved": 0,
        "underserved_share": 0.0,
        "low_income": false,
        "low_income_reason": null,
        "poverty_rate": 0.04952414522382799,
        "mfi": 100489.0,
        "mfi_ratio_to_state": 1.1151071951706688
      }
    },
    {
      "type": "Feature",
      "geometry": {
        "type": "Point",
        "coordinates": [
          0,
          0
        ]
      },
      "properties": {
        "tract_geoid": "10005051701",
        "sb254_effective": false,
        "urbanicity": "urban",
        "distance_threshold_mi": 0.5,
        "population_total": 4528,
        "population_underserved": 4528,
        "underserved_share": 1.0,
        "low_income": false,
        "low_income_reason": null,
        "poverty_rate": 0.07857459052678176,
        "mfi": 90556.0,
        "mfi_ratio_to_state": 1.004882595765458
      }
    },
    {
      "type": "Feature",
      "geometry": {
        "type": "Point",
        "coordinates": [
          0,
          0
        ]
      },
      "properties": {
        "tract_geoid": "10005051802",
        "sb254_effective": true,
        "urbanicity": "urban",
        "distance_threshold_mi": 0.5,
        "population_total": 4062,
        "population_underserved": 4062,
        "underserved_share": 1.0,
        "low_income": true,
        "low_income_reason": "poverty>=0.20",
        "poverty_rate": 0.21769211761798862,
        "mfi": 68083.0,
        "mfi_ratio_to_state": 0.7555040170446979
      }
    },
    {
      "type": "Feature",
      "geometry": {
        "type": "Point",
        "coordinates": [
          0,
          0
        ]
      },
      "properties": {
        "tract_geoid": "10005051801",
        "sb254_effective": true,
        "urbanicity": "urban",
        "distance_threshold_mi": 0.5,
        "population_total": 6057,
        "population_underserved": 6057,
        "underserved_share": 1.0,
        "low_income": true,
        "low_income_reason": "poverty>=0.20",
        "poverty_rate": 0.2617671345995045,
        "mfi": 59700.0,
        "mfi_ratio_to_state": 0.6624794709041679
      }
    },
    {
      "type": "Feature",
      "geometry": {
        "type": "Point",
        "coordinates": [
          0,
          0
        ]
      },
      "properties": {
        "tract_geoid": "10003001400",
        "sb254_effective": false,
        "urbanicity": "urban",
        "distance_threshold_mi": 0.5,
        "population_total": 2251,
        "population_underserved": 0,
        "underserved_share": 0.0,
        "low_income": true,
        "low_income_reason": "poverty>=0.20",
        "poverty_rate": 0.34219269102990035,
        "mfi": 62224.0,
        "mfi_ratio_to_state": 0.6904878157042035
      }
    },
    {
      "type": "Feature",
      "geometry": {
        "type": "Point",
        "coordinates": [
          0,
          0
        ]
      },
      "properties": {
        "tract_geoid": "10003012200",
        "sb254_effective": false,
        "urbanicity": "urban",
        "distance_threshold_mi": 0.5,
        "population_total": 4576,
        "population_underserved": 941,
        "underserved_share": 0.2056381118881119,
        "low_income": false,
        "low_income_reason": null,
        "poverty_rate": 0.0596752961825362,
        "mfi": 86836.0,
        "mfi_ratio_to_state": 0.9636024679302233
      }
    },
    {
      "type": "Feature",
      "geometry": {
        "type": "Point",
        "coordinates": [
          0,
          0
        ]
      },
      "properties": {
        "tract_geoid": "10005051102",
        "sb254_effective": false,
        "urbanicity": "urban",
        "distance_threshold_mi": 0.5,
        "population_total": 1088,
        "population_underserved": 244,
        "underserved_share": 0.22426470588235295,
        "low_income": false,
        "low_income_reason": null,
        "poverty_rate": 0.06066176470588235,
        "mfi": 123958.0,
        "mfi_ratio_to_state": 1.375538195215056
      }
    },
    {
      "type": "Feature",
      "geometry": {
        "type": "Point",
        "coordinates": [
          0,
          0
        ]
      },
      "properties": {
        "tract_geoid": "10003002200",
        "sb254_effective": false,
        "urbanicity": "urban",
        "distance_threshold_mi": 0.5,
        "population_total": 3247,
        "population_underserved": 0,
        "underserved_share": 0.0,
        "low_income": true,
        "low_income_reason": "poverty>=0.20",
        "poverty_rate": 0.3600258314497901,
        "mfi": 41714.0,
        "mfi_ratio_to_state": 0.4628922721825203
      }
    },
    {
      "type": "Feature",
      "geometry": {
        "type": "Point",
        "coordinates": [
          0,
          0
        ]
      },
      "properties": {
        "tract_geoid": "10003013612",
        "sb254_effective": false,
        "urbanicity": "urban",
        "distance_threshold_mi": 0.5,
        "population_total": 5588,
        "population_underserved": 5588,
        "underserved_share": 1.0,
        "low_income": false,
        "low_income_reason": null,
        "poverty_rate": 0.013546112451289664,
        "mfi": 163938.0,
        "mfi_ratio_to_state": 1.8191886013582494
      }
    },
    {
      "type": "Feature",
      "geometry": {
        "type": "Point",
        "coordinates": [
          0,
          0
        ]
      },
      "properties": {
        "tract_geoid": "10003011000",
        "sb254_effective": false,
        "urbanicity": "urban",
        "distance_threshold_mi": 0.5,
        "population_total": 3353,
        "population_underserved": 3353,
        "underserved_share": 1.0,
        "low_income": false,
        "low_income_reason": null,
        "poverty_rate": 0.012824336415150612,
        "mfi": 161827.0,
        "mfi_ratio_to_state": 1.7957632384926094
      }
    },
    {
      "type": "Feature",
      "geometry": {
        "type": "Point",
        "coordinates": [
          0,
          0
        ]
      },
      "properties": {
        "tract_geoid": "10003016901",
        "sb254_effective": false,
        "urbanicity": "urban",
        "distance_threshold_mi": 0.5,
        "population_total": 2440,
        "population_underserved": 2440,
        "underserved_share": 1.0,
        "low_income": false,
        "low_income_reason": null,
        "poverty_rate": 0.13278688524590163,
        "mfi": 116678.0,
        "mfi_ratio_to_state": 1.2947534289138445
      }
    },
    {
      "type": "Feature",
      "geometry": {
        "type": "Point",
        "coordinates": [
          0,
          0
        ]
      },
      "properties": {
        "tract_geoid": "10003014706",
        "sb254_effective": false,
        "urbanicity": "urban",
        "distance_threshold_mi": 0.5,
        "population_total": 3195,
        "population_underserved": 1129,
        "underserved_share": 0.3533646322378717,
        "low_income": false,
        "low_income_reason": null,
        "poverty_rate": 0.09113844213181961,
        "mfi": 125240.0,
        "mfi_ratio_to_state": 1.389764303786231
      }
    },
    {
      "type": "Feature",
      "geometry": {
        "type": "Point",
        "coordinates": [
          0,
          0
        ]
      },
      "properties": {
        "tract_geoid": "10003011800",
        "sb254_effective": false,
        "urbanicity": "urban",
        "distance_threshold_mi": 0.5,
        "population_total": 4350,
        "population_underserved": 4350,
        "underserved_share": 1.0,
        "low_income": false,
        "low_income_reason": null,
        "poverty_rate": 0.054110543427775194,
        "mfi": 218958.0,
        "mfi_ratio_to_state": 2.4297350082116385
      }
    },
    {
      "type": "Feature",
      "geometry": {
        "type": "Point",
        "coordinates": [
          0,
          0
        ]
      },
      "properties": {
        "tract_geoid": "10003013501",
        "sb254_effective": false,
        "urbanicity": "urban",
        "distance_threshold_mi": 0.5,
        "population_total": 6957,
        "population_underserved": 6957,
        "underserved_share": 1.0,
        "low_income": false,
        "low_income_reason": null,
        "poverty_rate": 0.016659024912119822,
        "mfi": 166372.0,
        "mfi_ratio_to_state": 1.8461982333880775
      }
    },
    {
      "type": "Feature",
      "geometry": {
        "type": "Point",
        "coordinates": [
          0,
          0
        ]
      },
      "properties": {
        "tract_geoid": "10003013604",
        "sb254_effective": false,
        "urbanicity": "urban",
        "distance_threshold_mi": 0.5,
        "population_total": 4156,
        "population_underserved": 2416,
        "underserved_share": 0.5813282001924928,
        "low_income": false,
        "low_income_reason": null,
        "poverty_rate": 0.025759416767922236,
        "mfi": 139438.0,
        "mfi_ratio_to_state": 1.5473167916907098
      }
    },
    {
      "type": "Feature",
      "geometry": {
        "type": "Point",
        "coordinates": [
          0,
          0
        ]
      },
      "properties": {
        "tract_geoid": "10003000900",
        "sb254_effective": false,
        "urbanicity": "urban",
        "distance_threshold_mi": 0.5,
        "population_total": 2377,
        "population_underserved": 0,
        "underserved_share": 0.0,
        "low_income": true,
        "low_income_reason": "poverty>=0.20",
        "poverty_rate": 0.24704391891891891,
        "mfi": 62917.0,
        "mfi_ratio_to_state": 0.6981779040347996
      }
    },
    {
      "type": "Feature",
      "geometry": {
        "type": "Point",
        "coordinates": [
          0,
          0
        ]
      },
      "properties": {
        "tract_geoid": "10005990000",
        "sb254_effective": false,
        "urbanicity": "nonurban",
        "distance_threshold_mi": 10.0,
        "population_total": 0,
        "population_underserved": 0,
        "underserved_share": 0.0,
        "low_income": false,
        "low_income_reason": null,
        "poverty_rate": null,
        "mfi": null,
        "mfi_ratio_to_state": null
      }
    },
    {
      "type": "Feature",
      "geometry": {
        "type": "Point",
        "coordinates": [
          0,
          0
        ]
      },
      "properties": {
        "tract_geoid": "10001042801",
        "sb254_effective": false,
        "urbanicity": "nonurban",
        "distance_threshold_mi": 10.0,
        "population_total": 2028,
        "population_underserved": 0,
        "underserved_share": 0.0,
        "low_income": false,
        "low_income_reason": null,
        "poverty_rate": 0.03186646433990895,
        "mfi": 90833.0,
        "mfi_ratio_to_state": 1.0079564117359847
      }
    },
    {
      "type": "Feature",
      "geometry": {
        "type": "Point",
        "coordinates": [
          0,
          0
        ]
      },
      "properties": {
        "tract_geoid": "10003000200",
        "sb254_effective": false,
        "urbanicity": "urban",
        "distance_threshold_mi": 0.5,
        "population_total": 4992,
        "population_underserved": 0,
        "underserved_share": 0.0,
        "low_income": false,
        "low_income_reason": null,
        "poverty_rate": 0.08774038461538461,
        "mfi": 100868.0,
        "mfi_ratio_to_state": 1.1193128856140975
      }
    },
    {
      "type": "Feature",
      "geometry": {
        "type": "Point",
        "coordinates": [
          0,
          0
        ]
      },
      "properties": {
        "tract_geoid": "10003013901",
        "sb254_effective": false,
        "urbanicity": "urban",
        "distance_threshold_mi": 0.5,
        "population_total": 3171,
        "population_underserved": 0,
        "underserved_share": 0.0,
        "low_income": false,
        "low_income_reason": null,
        "poverty_rate": 0.050141911069063384,
        "mfi": 72146.0,
        "mfi_ratio_to_state": 0.8005903502152781
      }
    },
    {
      "type": "Feature",
      "geometry": {
        "type": "Point",
        "coordinates": [
          0,
          0
        ]
      },
      "properties": {
        "tract_geoid": "10003012100",
        "sb254_effective": false,
        "urbanicity": "urban",
        "distance_threshold_mi": 0.5,
        "population_total": 3010,
        "population_underserved": 813,
        "underserved_share": 0.2700996677740864,
        "low_income": false,
        "low_income_reason": null,
        "poverty_rate": 0.0435226113566814,
        "mfi": 117401.0,
        "mfi_ratio_to_state": 1.3027764215011763
      }
    },
    {
      "type": "Feature",
      "geometry": {
        "type": "Point",
        "coordinates": [
          0,
          0
        ]
      },
      "properties": {
        "tract_geoid": "10003013300",
        "sb254_effective": false,
        "urbanicity": "urban",
        "distance_threshold_mi": 0.5,
        "population_total": 1918,
        "population_underserved": 0,
        "underserved_share": 0.0,
        "low_income": false,
        "low_income_reason": null,
        "poverty_rate": 0.0026068821689259644,
        "mfi": 90450.0,
        "mfi_ratio_to_state": 1.0037063340583248
      }
    },
    {
      "type": "Feature",
      "geometry": {
        "type": "Point",
        "coordinates": [
          0,
          0
        ]
      },
      "properties": {
        "tract_geoid": "10003012600",
        "sb254_effective": false,
        "urbanicity": "urban",
        "distance_threshold_mi": 0.5,
        "population_total": 2902,
        "population_underserved": 877,
        "underserved_share": 0.3022053756030324,
        "low_income": false,
        "low_income_reason": null,
        "poverty_rate": 0.023095484315753187,
        "mfi": 109464.0,
        "mfi_ratio_to_state": 1.2147010519774513
      }
    },
    {
      "type": "Feature",
      "geometry": {
        "type": "Point",
        "coordinates": [
          0,
          0
        ]
      },
      "properties": {
        "tract_geoid": "10003013100",
        "sb254_effective": false,
        "urbanicity": "urban",
        "distance_threshold_mi": 0.5,
        "population_total": 2292,
        "population_underserved": 0,
        "underserved_share": 0.0,
        "low_income": false,
        "low_income_reason": null,
        "poverty_rate": 0.02537182852143482,
        "mfi": 91414.0,
        "mfi_ratio_to_state": 1.0144036575081006
      }
    },
    {
      "type": "Feature",
      "geometry": {
        "type": "Point",
        "coordinates": [
          0,
          0
        ]
      },
      "properties": {
        "tract_geoid": "10003013200",
        "sb254_effective": false,
        "urbanicity": "urban",
        "distance_threshold_mi": 0.5,
        "population_total": 2751,
        "population_underserved": 0,
        "underserved_share": 0.0,
        "low_income": false,
        "low_income_reason": null,
        "poverty_rate": 0.10245151847786316,
        "mfi": 85938.0,
        "mfi_ratio_to_state": 0.9536375338452661
      }
    },
    {
      "type": "Feature",
      "geometry": {
        "type": "Point",
        "coordinates": [
          0,
          0
        ]
      },
      "properties": {
        "tract_geoid": "10003013000",
        "sb254_effective": false,
        "urbanicity": "urban",
        "distance_threshold_mi": 0.5,
        "population_total": 1902,
        "population_underserved": 0,
        "underserved_share": 0.0,
        "low_income": false,
        "low_income_reason": null,
        "poverty_rate": 0.028916929547844375,
        "mfi": 94082.0,
        "mfi_ratio_to_state": 1.0440099427404679
      }
    },
    {
      "type": "Feature",
      "geometry": {
        "type": "Point",
        "coordinates": [
          0,
          0
        ]
      },
      "properties": {
        "tract_geoid": "10003013400",
        "sb254_effective": false,
        "urbanicity": "urban",
        "distance_threshold_mi": 0.5,
        "population_total": 2329,
        "population_underserved": 1576,
        "underserved_share": 0.6766852726492056,
        "low_income": false,
        "low_income_reason": null,
        "poverty_rate": 0.07516198704103672,
        "mfi": 126864.0,
        "mfi_ratio_to_state": 1.4077855208841936
      }
    },
    {
      "type": "Feature",
      "geometry": {
        "type": "Point",
        "coordinates": [
          0,
          0
        ]
      },
      "properties": {
        "tract_geoid": "10001040204",
        "sb254_effective": false,
        "urbanicity": "urban",
        "distance_threshold_mi": 0.5,
        "population_total": 6356,
        "population_underserved": 6356,
        "underserved_share": 1.0,
        "low_income": false,
        "low_income_reason": null,
        "poverty_rate": 0.03953337653920933,
        "mfi": 120328.0,
        "mfi_ratio_to_state": 1.3352567801500288
      }
    },
    {
      "type": "Feature",
      "geometry": {
        "type": "Point",
        "coordinates": [
          0,
          0
        ]
      },
      "properties": {
        "tract_geoid": "10001040206",
        "sb254_effective": false,
        "urbanicity": "urban",
        "distance_threshold_mi": 0.5,
        "population_total": 8647,
        "population_underserved": 8647,
        "underserved_share": 1.0,
        "low_income": false,
        "low_income_reason": null,
        "poverty_rate": 0.01191881047911258,
        "mfi": 102325.0,
        "mfi_ratio_to_state": 1.1354809356828977
      }
    },
    {
      "type": "Feature",
      "geometry": {
        "type": "Point",
        "coordinates": [
          0,
          0
        ]
      },
      "properties": {
        "tract_geoid": "10001042203",
        "sb254_effective": false,
        "urbanicity": "urban",
        "distance_threshold_mi": 0.5,
        "population_total": 6217,
        "population_underserved": 6217,
        "underserved_share": 1.0,
        "low_income": false,
        "low_income_reason": null,
        "poverty_rate": 0.05999667608442746,
        "mfi": 118422.0,
        "mfi_ratio_to_state": 1.31410626303875
      }
    },
    {
      "type": "Feature",
      "geometry": {
        "type": "Point",
        "coordinates": [
          0,
          0
        ]
      },
      "properties": {
        "tract_geoid": "10001042204",
        "sb254_effective": false,
        "urbanicity": "urban",
        "distance_threshold_mi": 0.5,
        "population_total": 4952,
        "population_underserved": 4952,
        "underserved_share": 1.0,
        "low_income": false,
        "low_income_reason": null,
        "poverty_rate": 0.016558966074313407,
        "mfi": 124764.0,
        "mfi_ratio_to_state": 1.3844822229126903
      }
    },
    {
      "type": "Feature",
      "geometry": {
        "type": "Point",
        "coordinates": [
          0,
          0
        ]
      },
      "properties": {
        "tract_geoid": "10001042205",
        "sb254_effective": false,
        "urbanicity": "urban",
        "distance_threshold_mi": 0.5,
        "population_total": 2815,
        "population_underserved": 1151,
        "underserved_share": 0.4088809946714032,
        "low_income": true,
        "low_income_reason": "poverty>=0.20",
        "poverty_rate": 0.23374777975133215,
        "mfi": 58783.0,
        "mfi_ratio_to_state": 0.6523036974566114
      }
    },
    {
      "type": "Feature",
      "geometry": {
        "type": "Point",
        "coordinates": [
          0,
          0
        ]
      },
      "properties": {
        "tract_geoid": "10001042802",
        "sb254_effective": false,
        "urbanicity": "urban",
        "distance_threshold_mi": 0.5,
        "population_total": 5777,
        "population_underserved": 5777,
        "underserved_share": 1.0,
        "low_income": false,
        "low_income_reason": null,
        "poverty_rate": 0.10628353816859962,
        "mfi": 104375.0,
        "mfi_ratio_to_state": 1.158229393226508
      }
    },
    {
      "type": "Feature",
      "geometry": {
        "type": "Point",
        "coordinates": [
          0,
          0
        ]
      },
      "properties": {
        "tract_geoid": "10001042207",
        "sb254_effective": false,
        "urbanicity": "urban",
        "distance_threshold_mi": 0.5,
        "population_total": 2536,
        "population_underserved": 2536,
        "underserved_share": 1.0,
        "low_income": false,
        "low_income_reason": null,
        "poverty_rate": 0.07379636937647988,
        "mfi": 102981.0,
        "mfi_ratio_to_state": 1.142760442096853
      }
    },
    {
      "type": "Feature",
      "geometry": {
        "type": "Point",
        "coordinates": [
          0,
          0
        ]
      },
      "properties": {
        "tract_geoid": "10001041803",
        "sb254_effective": true,
        "urbanicity": "urban",
        "distance_threshold_mi": 0.5,
        "population_total": 4477,
        "population_underserved": 4477,
        "underserved_share": 1.0,
        "low_income": true,
        "low_income_reason": "poverty>=0.20",
        "poverty_rate": 0.21956667411212866,
        "mfi": 68580.0,
        "mfi_ratio_to_state": 0.7610191308979537
      }
    },
    {
      "type": "Feature",
      "geometry": {
        "type": "Point",
        "coordinates": [
          0,
          0
        ]
      },
      "properties": {
        "tract_geoid": "10001040205",
        "sb254_effective": false,
        "urbanicity": "urban",
        "distance_threshold_mi": 0.5,
        "population_total": 5170,
        "population_underserved": 2418,
        "underserved_share": 0.46769825918762087,
        "low_income": true,
        "low_income_reason": "mfi_ratio<=0.80",
        "poverty_rate": 0.0885880077369439,
        "mfi": 66777.0,
        "mfi_ratio_to_state": 0.7410115850681344
      }
    },
    {
      "type": "Feature",
      "geometry": {
        "type": "Point",
        "coordinates": [
          0,
          0
        ]
      },
      "properties": {
        "tract_geoid": "10001042206",
        "sb254_effective": false,
        "urbanicity": "urban",
        "distance_threshold_mi": 0.5,
        "population_total": 2605,
        "population_underserved": 2605,
        "underserved_share": 1.0,
        "low_income": false,
        "low_income_reason": null,
        "poverty_rate": 0.08214971209213053,
        "mfi": 84097.0,
        "mfi_ratio_to_state": 0.9332083092902481
      }
    },
    {
      "type": "Feature",
      "geometry": {
        "type": "Point",
        "coordinates": [
          0,
          0
        ]
      },
      "properties": {
        "tract_geoid": "10001041804",
        "sb254_effective": false,
        "urbanicity": "urban",
        "distance_threshold_mi": 0.5,
        "population_total": 5911,
        "population_underserved": 3833,
        "underserved_share": 0.6484520385721536,
        "low_income": false,
        "low_income_reason": null,
        "poverty_rate": 0.1091185924547454,
        "mfi": 78589.0,
        "mfi_ratio_to_state": 0.872087087753562
      }
    },
    {
      "type": "Feature",
      "geometry": {
        "type": "Point",
        "coordinates": [
          0,
          0
        ]
      },
      "properties": {
        "tract_geoid": "10001042208",
        "sb254_effective": false,
        "urbanicity": "urban",
        "distance_threshold_mi": 0.5,
        "population_total": 4243,
        "population_underserved": 4243,
        "underserved_share": 1.0,
        "low_income": false,
        "low_income_reason": null,
        "poverty_rate": 0.115720009427292,
        "mfi": 125562.0,
        "mfi_ratio_to_state": 1.3933374761418615
      }
    },
    {
      "type": "Feature",
      "geometry": {
        "type": "Point",
        "coordinates": [
          0,
          0
        ]
      },
      "properties": {
        "tract_geoid": "10001041101",
        "sb254_effective": false,
        "urbanicity": "urban",
        "distance_threshold_mi": 0.5,
        "population_total": 3026,
        "population_underserved": 3026,
        "underserved_share": 1.0,
        "low_income": false,
        "low_income_reason": null,
        "poverty_rate": 0.024447421299397188,
        "mfi": 74750.0,
        "mfi_ratio_to_state": 0.8294864396999423
      }
    },
    {
      "type": "Feature",
      "geometry": {
        "type": "Point",
        "coordinates": [
          0,
          0
        ]
      },
      "properties": {
        "tract_geoid": "10005051009",
        "sb254_effective": false,
        "urbanicity": "urban",
        "distance_threshold_mi": 0.5,
        "population_total": 2375,
        "population_underserved": 2036,
        "underserved_share": 0.8572631578947368,
        "low_income": false,
        "low_income_reason": null,
        "poverty_rate": 0.03368421052631579,
        "mfi": 184247.0,
        "mfi_ratio_to_state": 2.044553686359803
      }
    },
    {
      "type": "Feature",
      "geometry": {
        "type": "Point",
        "coordinates": [
          0,
          0
        ]
      },
      "properties": {
        "tract_geoid": "10001980000",
        "sb254_effective": false,
        "urbanicity": "urban",
        "distance_threshold_mi": 0.5,
        "population_total": 53,
        "population_underserved": 0,
        "underserved_share": 0.0,
        "low_income": false,
        "low_income_reason": null,
        "poverty_rate": null,
        "mfi": null,
        "mfi_ratio_to_state": null
      }
    },
    {
      "type": "Feature",
      "geometry": {
        "type": "Point",
        "coordinates": [
          0,
          0
        ]
      },
      "properties": {
        "tract_geoid": "10003010800",
        "sb254_effective": false,
        "urbanicity": "urban",
        "distance_threshold_mi": 0.5,
        "population_total": 4885,
        "population_underserved": 2492,
        "underserved_share": 0.5101330603889458,
        "low_income": false,
        "low_income_reason": null,
        "poverty_rate": 0.04821084208270838,
        "mfi": 123500.0,
        "mfi_ratio_to_state": 1.370455856895557
      }
    },
    {
      "type": "Feature",
      "geometry": {
        "type": "Point",
        "coordinates": [
          0,
          0
        ]
      },
      "properties": {
        "tract_geoid": "10005050408",
        "sb254_effective": false,
        "urbanicity": "urban",
        "distance_threshold_mi": 0.5,
        "population_total": 4233,
        "population_underserved": 4233,
        "underserved_share": 1.0,
        "low_income": false,
        "low_income_reason": null,
        "poverty_rate": 0.15793234873749404,
        "mfi": 87222.0,
        "mfi_ratio_to_state": 0.9678858360335567
      }
    },
    {
      "type": "Feature",
      "geometry": {
        "type": "Point",
        "coordinates": [
          0,
          0
        ]
      },
      "properties": {
        "tract_geoid": "10003010502",
        "sb254_effective": false,
        "urbanicity": "urban",
        "distance_threshold_mi": 0.5,
        "population_total": 5803,
        "population_underserved": 1476,
        "underserved_share": 0.25435119765638464,
        "low_income": false,
        "low_income_reason": null,
        "poverty_rate": 0.12325622461592796,
        "mfi": 118292.0,
        "mfi_ratio_to_state": 1.3126636779262284
      }
    },
    {
      "type": "Feature",
      "geometry": {
        "type": "Point",
        "coordinates": [
          0,
          0
        ]
      },
      "properties": {
        "tract_geoid": "10003013505",
        "sb254_effective": false,
        "urbanicity": "urban",
        "distance_threshold_mi": 0.5,
        "population_total": 3738,
        "population_underserved": 3738,
        "underserved_share": 1.0,
        "low_income": false,
        "low_income_reason": null,
        "poverty_rate": 0.04628143392188336,
        "mfi": 200096.0,
        "mfi_ratio_to_state": 2.2204270051933066
      }
    },
    {
      "type": "Feature",
      "geometry": {
        "type": "Point",
        "coordinates": [
          0,
          0
        ]
      },
      "properties": {
        "tract_geoid": "10003013506",
        "sb254_effective": false,
        "urbanicity": "urban",
        "distance_threshold_mi": 0.5,
        "population_total": 4440,
        "population_underserved": 4440,
        "underserved_share": 1.0,
        "low_income": false,
        "low_income_reason": null,
        "poverty_rate": 0.005855855855855856,
        "mfi": 177615.0,
        "mfi_ratio_to_state": 1.9709596520040835
      }
    },
    {
      "type": "Feature",
      "geometry": {
        "type": "Point",
        "coordinates": [
          0,
          0
        ]
      },
      "properties": {
        "tract_geoid": "10003990100",
        "sb254_effective": false,
        "urbanicity": "urban",
        "distance_threshold_mi": 0.5,
        "population_total": 0,
        "population_underserved": 0,
        "underserved_share": 0.0,
        "low_income": false,
        "low_income_reason": null,
        "poverty_rate": null,
        "mfi": null,
        "mfi_ratio_to_state": null
      }
    },
    {
      "type": "Feature",
      "geometry": {
        "type": "Point",
        "coordinates": [
          0,
          0
        ]
      },
      "properties": {
        "tract_geoid": "10003013614",
        "sb254_effective": false,
        "urbanicity": "urban",
        "distance_threshold_mi": 0.5,
        "population_total": 3182,
        "population_underserved": 0,
        "underserved_share": 0.0,
        "low_income": false,
        "low_income_reason": null,
        "poverty_rate": 0.1,
        "mfi": 81985.0,
        "mfi_ratio_to_state": 0.9097718496160504
      }
    },
    {
      "type": "Feature",
      "geometry": {
        "type": "Point",
        "coordinates": [
          0,
          0
        ]
      },
      "properties": {
        "tract_geoid": "10003013615",
        "sb254_effective": false,
        "urbanicity": "urban",
        "distance_threshold_mi": 0.5,
        "population_total": 4125,
        "population_underserved": 1471,
        "underserved_share": 0.3566060606060606,
        "low_income": false,
        "low_income_reason": null,
        "poverty_rate": 0.05987878787878788,
        "mfi": 79088.0,
        "mfi_ratio_to_state": 0.8776243952239337
      }
    },
    {
      "type": "Feature",
      "geometry": {
        "type": "Point",
        "coordinates": [
          0,
          0
        ]
      },
      "properties": {
        "tract_geoid": "10003016404",
        "sb254_effective": false,
        "urbanicity": "urban",
        "distance_threshold_mi": 0.5,
        "population_total": 3133,
        "population_underserved": 2210,
        "underserved_share": 0.7053941908713693,
        "low_income": false,
        "low_income_reason": null,
        "poverty_rate": 0.064297253634895,
        "mfi": 94688.0,
        "mfi_ratio_to_state": 1.0507346087265304
      }
    },
    {
      "type": "Feature",
      "geometry": {
        "type": "Point",
        "coordinates": [
          0,
          0
        ]
      },
      "properties": {
        "tract_geoid": "10003016608",
        "sb254_effective": false,
        "urbanicity": "urban",
        "distance_threshold_mi": 0.5,
        "population_total": 7361,
        "population_underserved": 7361,
        "underserved_share": 1.0,
        "low_income": false,
        "low_income_reason": null,
        "poverty_rate": 0.031245754652900422,
        "mfi": 122798.0,
        "mfi_ratio_to_state": 1.36266589728794
      }
    },
    {
      "type": "Feature",
      "geometry": {
        "type": "Point",
        "coordinates": [
          0,
          0
        ]
      },
      "properties": {
        "tract_geoid": "10003014809",
        "sb254_effective": false,
        "urbanicity": "urban",
        "distance_threshold_mi": 0.5,
        "population_total": 8352,
        "population_underserved": 7665,
        "underserved_share": 0.9177442528735632,
        "low_income": false,
        "low_income_reason": null,
        "poverty_rate": 0.09382566585956416,
        "mfi": 142617.0,
        "mfi_ratio_to_state": 1.5825935460961427
      }
    },
    {
      "type": "Feature",
      "geometry": {
        "type": "Point",
        "coordinates": [
          0,
          0
        ]
      },
      "properties": {
        "tract_geoid": "10001040900",
        "sb254_effective": false,
        "urbanicity": "urban",
        "distance_threshold_mi": 0.5,
        "population_total": 2177,
        "population_underserved": 0,
        "underserved_share": 0.0,
        "low_income": true,
        "low_income_reason": "mfi_ratio<=0.80",
        "poverty_rate": 0.19625073227885179,
        "mfi": 48308.0,
        "mfi_ratio_to_state": 0.536064627813041
      }
    },
    {
      "type": "Feature",
      "geometry": {
        "type": "Point",
        "coordinates": [
          0,
          0
        ]
      },
      "properties": {
        "tract_geoid": "10001042500",
        "sb254_effective": false,
        "urbanicity": "urban",
        "distance_threshold_mi": 0.5,
        "population_total": 4383,
        "population_underserved": 0,
        "underserved_share": 0.0,
        "low_income": true,
        "low_income_reason": "poverty>=0.20",
        "poverty_rate": 0.24976851851851853,
        "mfi": 56708.0,
        "mfi_ratio_to_state": 0.6292778196990545
      }
    },
    {
      "type": "Feature",
      "geometry": {
        "type": "Point",
        "coordinates": [
          0,
          0
        ]
      },
      "properties": {
        "tract_geoid": "10001043000",
        "sb254_effective": false,
        "urbanicity": "urban",
        "distance_threshold_mi": 0.5,
        "population_total": 6000,
        "population_underserved": 6000,
        "underserved_share": 1.0,
        "low_income": false,
        "low_income_reason": null,
        "poverty_rate": 0.10333333333333333,
        "mfi": 91972.0,
        "mfi_ratio_to_state": 1.020595676683386
      }
    },
    {
      "type": "Feature",
      "geometry": {
        "type": "Point",
        "coordinates": [
          0,
          0
        ]
      },
      "properties": {
        "tract_geoid": "10001040203",
        "sb254_effective": false,
        "urbanicity": "urban",
        "distance_threshold_mi": 0.5,
        "population_total": 5133,
        "population_underserved": 5133,
        "underserved_share": 1.0,
        "low_income": false,
        "low_income_reason": null,
        "poverty_rate": 0.14358075199688292,
        "mfi": 101742.0,
        "mfi_ratio_to_state": 1.129011496293666
      }
    },
    {
      "type": "Feature",
      "geometry": {
        "type": "Point",
        "coordinates": [
          0,
          0
        ]
      },
      "properties": {
        "tract_geoid": "10001041702",
        "sb254_effective": false,
        "urbanicity": "urban",
        "distance_threshold_mi": 0.5,
        "population_total": 4456,
        "population_underserved": 0,
        "underserved_share": 0.0,
        "low_income": false,
        "low_income_reason": null,
        "poverty_rate": 0.10366539239937037,
        "mfi": 99750.0,
        "mfi_ratio_to_state": 1.1069066536464114
      }
    },
    {
      "type": "Feature",
      "geometry": {
        "type": "Point",
        "coordinates": [
          0,
          0
        ]
      },
      "properties": {
        "tract_geoid": "10001042900",
        "sb254_effective": false,
        "urbanicity": "urban",
        "distance_threshold_mi": 0.5,
        "population_total": 5359,
        "population_underserved": 5359,
        "underserved_share": 1.0,
        "low_income": false,
        "low_income_reason": null,
        "poverty_rate": 0.11626168224299066,
        "mfi": 83235.0,
        "mfi_ratio_to_state": 0.9236428603133738
      }
    },
    {
      "type": "Feature",
      "geometry": {
        "type": "Point",
        "coordinates": [
          0,
          0
        ]
      },
      "properties": {
        "tract_geoid": "10001041701",
        "sb254_effective": false,
        "urbanicity": "urban",
        "distance_threshold_mi": 0.5,
        "population_total": 6325,
        "population_underserved": 3546,
        "underserved_share": 0.5606324110671936,
        "low_income": false,
        "low_income_reason": null,
        "poverty_rate": 0.06967537608867776,
        "mfi": 81283.0,
        "mfi_ratio_to_state": 0.9019818900084335
      }
    },
    {
      "type": "Feature",
      "geometry": {
        "type": "Point",
        "coordinates": [
          0,
          0
        ]
      },
      "properties": {
        "tract_geoid": "10001042100",
        "sb254_effective": false,
        "urbanicity": "urban",
        "distance_threshold_mi": 0.5,
        "population_total": 4506,
        "population_underserved": 4506,
        "underserved_share": 1.0,
        "low_income": false,
        "low_income_reason": null,
        "poverty_rate": 0.13459399332591768,
        "mfi": 106016.0,
        "mfi_ratio_to_state": 1.1764392560699544
      }
    },
    {
      "type": "Feature",
      "geometry": {
        "type": "Point",
        "coordinates": [
          0,
          0
        ]
      },
      "properties": {
        "tract_geoid": "10001043100",
        "sb254_effective": false,
        "urbanicity": "nonurban",
        "distance_threshold_mi": 10.0,
        "population_total": 2451,
        "population_underserved": 0,
        "underserved_share": 0.0,
        "low_income": false,
        "low_income_reason": null,
        "poverty_rate": 0.07878539187525646,
        "mfi": 112532.0,
        "mfi_ratio_to_state": 1.248746060632962
      }
    },
    {
      "type": "Feature",
      "geometry": {
        "type": "Point",
        "coordinates": [
          0,
          0
        ]
      },
      "properties": {
        "tract_geoid": "10001040700",
        "sb254_effective": false,
        "urbanicity": "urban",
        "distance_threshold_mi": 0.5,
        "population_total": 5328,
        "population_underserved": 2104,
        "underserved_share": 0.3948948948948949,
        "low_income": false,
        "low_income_reason": null,
        "poverty_rate": 0.12490257209664848,
        "mfi": 105000.0,
        "mfi_ratio_to_state": 1.1651648985751697
      }
    },
    {
      "type": "Feature",
      "geometry": {
        "type": "Point",
        "coordinates": [
          0,
          0
        ]
      },
      "properties": {
        "tract_geoid": "10001041600",
        "sb254_effective": false,
        "urbanicity": "urban",
        "distance_threshold_mi": 0.5,
        "population_total": 2352,
        "population_underserved": 0,
        "underserved_share": 0.0,
        "low_income": true,
        "low_income_reason": "poverty>=0.20",
        "poverty_rate": 0.22491496598639457,
        "mfi": 62083.0,
        "mfi_ratio_to_state": 0.6889231656975454
      }
    },
    {
      "type": "Feature",
      "geometry": {
        "type": "Point",
        "coordinates": [
          0,
          0
        ]
      },
      "properties": {
        "tract_geoid": "10001041802",
        "sb254_effective": false,
        "urbanicity": "urban",
        "distance_threshold_mi": 0.5,
        "population_total": 5805,
        "population_underserved": 5805,
        "underserved_share": 1.0,
        "low_income": false,
        "low_income_reason": null,
        "poverty_rate": 0.03221360895779501,
        "mfi": 87560.0,
        "mfi_ratio_to_state": 0.971636557326113
      }
    },
    {
      "type": "Feature",
      "geometry": {
        "type": "Point",
        "coordinates": [
          0,
          0
        ]
      },
      "properties": {
        "tract_geoid": "10001041900",
        "sb254_effective": false,
        "urbanicity": "nonurban",
        "distance_threshold_mi": 10.0,
        "population_total": 4963,
        "population_underserved": 0,
        "underserved_share": 0.0,
        "low_income": false,
        "low_income_reason": null,
        "poverty_rate": 0.08034257748776509,
        "mfi": 93242.0,
        "mfi_ratio_to_state": 1.0346886235518664
      }
    },
    {
      "type": "Feature",
      "geometry": {
        "type": "Point",
        "coordinates": [
          0,
          0
        ]
      },
      "properties": {
        "tract_geoid": "10003011204",
        "sb254_effective": false,
        "urbanicity": "urban",
        "distance_threshold_mi": 0.5,
        "population_total": 3321,
        "population_underserved": 983,
        "underserved_share": 0.29599518217404397,
        "low_income": false,
        "low_income_reason": null,
        "poverty_rate": 0.055236945366737095,
        "mfi": 104909.0,
        "mfi_ratio_to_state": 1.1641550889964047
      }
    },
    {
      "type": "Feature",
      "geometry": {
        "type": "Point",
        "coordinates": [
          0,
          0
        ]
      },
      "properties": {
        "tract_geoid": "10003013607",
        "sb254_effective": false,
        "urbanicity": "urban",
        "distance_threshold_mi": 0.5,
        "population_total": 5650,
        "population_underserved": 5026,
        "underserved_share": 0.8895575221238938,
        "low_income": false,
        "low_income_reason": null,
        "poverty_rate": 0.09065883648375848,
        "mfi": 110359.0,
        "mfi_ratio_to_state": 1.2246326956367348
      }
    },
    {
      "type": "Feature",
      "geometry": {
        "type": "Point",
        "coordinates": [
          0,
          0
        ]
      },
      "properties": {
        "tract_geoid": "10003014903",
        "sb254_effective": false,
        "urbanicity": "urban",
        "distance_threshold_mi": 0.5,
        "population_total": 7556,
        "population_underserved": 2476,
        "underserved_share": 0.3276866066701959,
        "low_income": false,
        "low_income_reason": null,
        "poverty_rate": 0.1548438327157226,
        "mfi": 83941.0,
        "mfi_ratio_to_state": 0.9314772071552222
      }
    },
    {
      "type": "Feature",
      "geometry": {
        "type": "Point",
        "coordinates": [
          0,
          0
        ]
      },
      "properties": {
        "tract_geoid": "10003980100",
        "sb254_effective": false,
        "urbanicity": "urban",
        "distance_threshold_mi": 0.5,
        "population_total": 0,
        "population_underserved": 0,
        "underserved_share": 0.0,
        "low_income": false,
        "low_income_reason": null,
        "poverty_rate": null,
        "mfi": null,
        "mfi_ratio_to_state": null
      }
    },
    {
      "type": "Feature",
      "geometry": {
        "type": "Point",
        "coordinates": [
          0,
          0
        ]
      },
      "properties": {
        "tract_geoid": "10001040502",
        "sb254_effective": false,
        "urbanicity": "urban",
        "distance_threshold_mi": 0.5,
        "population_total": 2754,
        "population_underserved": 2754,
        "underserved_share": 1.0,
        "low_income": false,
        "low_income_reason": null,
        "poverty_rate": 0.070079883805374,
        "mfi": 102639.0,
        "mfi_ratio_to_state": 1.1389653335700654
      }
    },
    {
      "type": "Feature",
      "geometry": {
        "type": "Point",
        "coordinates": [
          0,
          0
        ]
      },
      "properties": {
        "tract_geoid": "10001043202",
        "sb254_effective": true,
        "urbanicity": "urban",
        "distance_threshold_mi": 0.5,
        "population_total": 3826,
        "population_underserved": 3826,
        "underserved_share": 1.0,
        "low_income": true,
        "low_income_reason": "mfi_ratio<=0.80",
        "poverty_rate": 0.1501841136244082,
        "mfi": 65250.0,
        "mfi_ratio_to_state": 0.7240667584002841
      }
    },
    {
      "type": "Feature",
      "geometry": {
        "type": "Point",
        "coordinates": [
          0,
          0
        ]
      },
      "properties": {
        "tract_geoid": "10001040501",
        "sb254_effective": false,
        "urbanicity": "urban",
        "distance_threshold_mi": 0.5,
        "population_total": 4697,
        "population_underserved": 0,
        "underserved_share": 0.0,
        "low_income": true,
        "low_income_reason": "mfi_ratio<=0.80",
        "poverty_rate": 0.1790692687111302,
        "mfi": 64219.0,
        "mfi_ratio_to_state": 0.7126259487771317
      }
    },
    {
      "type": "Feature",
      "geometry": {
        "type": "Point",
        "coordinates": [
          0,
          0
        ]
      },
      "properties": {
        "tract_geoid": "10001990000",
        "sb254_effective": false,
        "urbanicity": "nonurban",
        "distance_threshold_mi": 10.0,
        "population_total": 0,
        "population_underserved": 0,
        "underserved_share": 0.0,
        "low_income": false,
        "low_income_reason": null,
        "poverty_rate": null,
        "mfi": null,
        "mfi_ratio_to_state": null
      }
    },
    {
      "type": "Feature",
      "geometry": {
        "type": "Point",
        "coordinates": [
          0,
          0
        ]
      },
      "properties": {
        "tract_geoid": "10001043400",
        "sb254_effective": false,
        "urbanicity": "urban",
        "distance_threshold_mi": 0.5,
        "population_total": 5660,
        "population_underserved": 3447,
        "underserved_share": 0.6090106007067138,
        "low_income": false,
        "low_income_reason": null,
        "poverty_rate": 0.062309758281110114,
        "mfi": 105139.0,
        "mfi_ratio_to_state": 1.1667073549647122
      }
    },
    {
      "type": "Feature",
      "geometry": {
        "type": "Point",
        "coordinates": [
          0,
          0
        ]
      },
      "properties": {
        "tract_geoid": "10001043300",
        "sb254_effective": false,
        "urbanicity": "urban",
        "distance_threshold_mi": 0.5,
        "population_total": 6426,
        "population_underserved": 0,
        "underserved_share": 0.0,
        "low_income": true,
        "low_income_reason": "poverty>=0.20",
        "poverty_rate": 0.252262443438914,
        "mfi": 55417.0,
        "mfi_ratio_to_state": 0.6149518398508589
      }
    },
    {
      "type": "Feature",
      "geometry": {
        "type": "Point",
        "coordinates": [
          0,
          0
        ]
      },
      "properties": {
        "tract_geoid": "10005051201",
        "sb254_effective": false,
        "urbanicity": "urban",
        "distance_threshold_mi": 0.5,
        "population_total": 1376,
        "population_underserved": 747,
        "underserved_share": 0.5428779069767442,
        "low_income": false,
        "low_income_reason": null,
        "poverty_rate": 0.07630813953488372,
        "mfi": 132708.0,
        "mfi_ratio_to_state": 1.4726352700963203
      }
    },
    {
      "type": "Feature",
      "geometry": {
        "type": "Point",
        "coordinates": [
          0,
          0
        ]
      },
      "properties": {
        "tract_geoid": "10003015802",
        "sb254_effective": false,
        "urbanicity": "urban",
        "distance_threshold_mi": 0.5,
        "population_total": 2245,
        "population_underserved": 673,
        "underserved_share": 0.29977728285077954,
        "low_income": true,
        "low_income_reason": "mfi_ratio<=0.80",
        "poverty_rate": 0.040979955456570155,
        "mfi": 68580.0,
        "mfi_ratio_to_state": 0.7610191308979537
      }
    },
    {
      "type": "Feature",
      "geometry": {
        "type": "Point",
        "coordinates": [
          0,
          0
        ]
      },
      "properties": {
        "tract_geoid": "10003014907",
        "sb254_effective": false,
        "urbanicity": "urban",
        "distance_threshold_mi": 0.5,
        "population_total": 5401,
        "population_underserved": 0,
        "underserved_share": 0.0,
        "low_income": false,
        "low_income_reason": null,
        "poverty_rate": 0.0648182840014987,
        "mfi": 79369.0,
        "mfi_ratio_to_state": 0.880742598428692
      }
    },
    {
      "type": "Feature",
      "geometry": {
        "type": "Point",
        "coordinates": [
          0,
          0
        ]
      },
      "properties": {
        "tract_geoid": "10003011203",
        "sb254_effective": false,
        "urbanicity": "urban",
        "distance_threshold_mi": 0.5,
        "population_total": 4822,
        "population_underserved": 0,
        "underserved_share": 0.0,
        "low_income": false,
        "low_income_reason": null,
        "poverty_rate": 0.10244711737868105,
        "mfi": 90150.0,
        "mfi_ratio_to_state": 1.0003772914909672
      }
    },
    {
      "type": "Feature",
      "geometry": {
        "type": "Point",
        "coordinates": [
          0,
          0
        ]
      },
      "properties": {
        "tract_geoid": "10005050703",
        "sb254_effective": true,
        "urbanicity": "urban",
        "distance_threshold_mi": 0.5,
        "population_total": 1862,
        "population_underserved": 1862,
        "underserved_share": 1.0,
        "low_income": true,
        "low_income_reason": "mfi_ratio<=0.80",
        "poverty_rate": 0.17624932831810855,
        "mfi": 65795.0,
        "mfi_ratio_to_state": 0.7301145190643171
      }
    },
    {
      "type": "Feature",
      "geometry": {
        "type": "Point",
        "coordinates": [
          0,
          0
        ]
      },
      "properties": {
        "tract_geoid": "10005051204",
        "sb254_effective": false,
        "urbanicity": "urban",
        "distance_threshold_mi": 0.5,
        "population_total": 696,
        "population_underserved": 379,
        "underserved_share": 0.5445402298850575,
        "low_income": false,
        "low_income_reason": null,
        "poverty_rate": 0.03318903318903319,
        "mfi": 128750.0,
        "mfi_ratio_to_state": 1.4287141018243152
      }
    },
    {
      "type": "Feature",
      "geometry": {
        "type": "Point",
        "coordinates": [
          0,
          0
        ]
      },
      "properties": {
        "tract_geoid": "10005051202",
        "sb254_effective": false,
        "urbanicity": "urban",
        "distance_threshold_mi": 0.5,
        "population_total": 1042,
        "population_underserved": 1042,
        "underserved_share": 1.0,
        "low_income": false,
        "low_income_reason": null,
        "poverty_rate": 0.012670565302144249,
        "mfi": 211563.0,
        "mfi_ratio_to_state": 2.347674108926273
      }
    },
    {
      "type": "Feature",
      "geometry": {
        "type": "Point",
        "coordinates": [
          0,
          0
        ]
      },
      "properties": {
        "tract_geoid": "10005980000",
        "sb254_effective": false,
        "urbanicity": "urban",
        "distance_threshold_mi": 0.5,
        "population_total": 0,
        "population_underserved": 0,
        "underserved_share": 0.0,
        "low_income": false,
        "low_income_reason": null,
        "poverty_rate": null,
        "mfi": null,
        "mfi_ratio_to_state": null
      }
    },
    {
      "type": "Feature",
      "geometry": {
        "type": "Point",
        "coordinates": [
          0,
          0
        ]
      },
      "properties": {
        "tract_geoid": "10005051309",
        "sb254_effective": false,
        "urbanicity": "urban",
        "distance_threshold_mi": 0.5,
        "population_total": 1347,
        "population_underserved": 1347,
        "underserved_share": 1.0,
        "low_income": false,
        "low_income_reason": null,
        "poverty_rate": 0.06310319227913883,
        "mfi": 96042.0,
        "mfi_ratio_to_state": 1.065759687513871
      }
    },
    {
      "type": "Feature",
      "geometry": {
        "type": "Point",
        "coordinates": [
          0,
          0
        ]
      },
      "properties": {
        "tract_geoid": "10005051312",
        "sb254_effective": false,
        "urbanicity": "urban",
        "distance_threshold_mi": 0.5,
        "population_total": 2410,
        "population_underserved": 1391,
        "underserved_share": 0.5771784232365145,
        "low_income": false,
        "low_income_reason": null,
        "poverty_rate": 0.06099585062240664,
        "mfi": 146875.0,
        "mfi_ratio_to_state": 1.6298437569355053
      }
    },
    {
      "type": "Feature",
      "geometry": {
        "type": "Point",
        "coordinates": [
          0,
          0
        ]
      },
      "properties": {
        "tract_geoid": "10005051311",
        "sb254_effective": false,
        "urbanicity": "urban",
        "distance_threshold_mi": 0.5,
        "population_total": 1659,
        "population_underserved": 1659,
        "underserved_share": 1.0,
        "low_income": false,
        "low_income_reason": null,
        "poverty_rate": 0.11512959614225438,
        "mfi": 132083.0,
        "mfi_ratio_to_state": 1.4656997647476586
      }
    },
    {
      "type": "Feature",
      "geometry": {
        "type": "Point",
        "coordinates": [
          0,
          0
        ]
      },
      "properties": {
        "tract_geoid": "10005051501",
        "sb254_effective": false,
        "urbanicity": "urban",
        "distance_threshold_mi": 0.5,
        "population_total": 2865,
        "population_underserved": 2865,
        "underserved_share": 1.0,
        "low_income": false,
        "low_income_reason": null,
        "poverty_rate": 0.10366492146596859,
        "mfi": 98490.0,
        "mfi_ratio_to_state": 1.0929246748635093
      }
    },
    {
      "type": "Feature",
      "geometry": {
        "type": "Point",
        "coordinates": [
          0,
          0
        ]
      },
      "properties": {
        "tract_geoid": "10005050708",
        "sb254_effective": false,
        "urbanicity": "urban",
        "distance_threshold_mi": 0.5,
        "population_total": 3911,
        "population_underserved": 3911,
        "underserved_share": 1.0,
        "low_income": false,
        "low_income_reason": null,
        "poverty_rate": 0.08488877524929686,
        "mfi": 91542.0,
        "mfi_ratio_to_state": 1.0158240490035066
      }
    },
    {
      "type": "Feature",
      "geometry": {
        "type": "Point",
        "coordinates": [
          0,
          0
        ]
      },
      "properties": {
        "tract_geoid": "10005051307",
        "sb254_effective": false,
        "urbanicity": "urban",
        "distance_threshold_mi": 0.5,
        "population_total": 3260,
        "population_underserved": 3260,
        "underserved_share": 1.0,
        "low_income": false,
        "low_income_reason": null,
        "poverty_rate": 0.19417177914110428,
        "mfi": 104418.0,
        "mfi_ratio_to_state": 1.158706555994496
      }
    },
    {
      "type": "Feature",
      "geometry": {
        "type": "Point",
        "coordinates": [
          0,
          0
        ]
      },
      "properties": {
        "tract_geoid": "10005051308",
        "sb254_effective": false,
        "urbanicity": "urban",
        "distance_threshold_mi": 0.5,
        "population_total": 3922,
        "population_underserved": 3922,
        "underserved_share": 1.0,
        "low_income": false,
        "low_income_reason": null,
        "poverty_rate": 0.04895461499235084,
        "mfi": 95938.0,
        "mfi_ratio_to_state": 1.0646056194238538
      }
    },
    {
      "type": "Feature",
      "geometry": {
        "type": "Point",
        "coordinates": [
          0,
          0
        ]
      },
      "properties": {
        "tract_geoid": "10005050905",
        "sb254_effective": false,
        "urbanicity": "urban",
        "distance_threshold_mi": 0.5,
        "population_total": 3425,
        "population_underserved": 2786,
        "underserved_share": 0.8134306569343066,
        "low_income": false,
        "low_income_reason": null,
        "poverty_rate": 0.06715328467153285,
        "mfi": 96010.0,
        "mfi_ratio_to_state": 1.0654045896400195
      }
    },
    {
      "type": "Feature",
      "geometry": {
        "type": "Point",
        "coordinates": [
          0,
          0
        ]
      },
      "properties": {
        "tract_geoid": "10005050707",
        "sb254_effective": false,
        "urbanicity": "urban",
        "distance_threshold_mi": 0.5,
        "population_total": 2392,
        "population_underserved": 540,
        "underserved_share": 0.225752508361204,
        "low_income": false,
        "low_income_reason": null,
        "poverty_rate": 0.033444816053511704,
        "mfi": 79390.0,
        "mfi_ratio_to_state": 0.880975631408407
      }
    },
    {
      "type": "Feature",
      "geometry": {
        "type": "Point",
        "coordinates": [
          0,
          0
        ]
      },
      "properties": {
        "tract_geoid": "10005050806",
        "sb254_effective": false,
        "urbanicity": "urban",
        "distance_threshold_mi": 0.5,
        "population_total": 4507,
        "population_underserved": 4507,
        "underserved_share": 1.0,
        "low_income": false,
        "low_income_reason": null,
        "poverty_rate": 0.1275793210561349,
        "mfi": 89643.0,
        "mfi_ratio_to_state": 0.9947512095521328
      }
    },
    {
      "type": "Feature",
      "geometry": {
        "type": "Point",
        "coordinates": [
          0,
          0
        ]
      },
      "properties": {
        "tract_geoid": "10005051017",
        "sb254_effective": false,
        "urbanicity": "urban",
        "distance_threshold_mi": 0.5,
        "population_total": 4005,
        "population_underserved": 3205,
        "underserved_share": 0.8002496878901373,
        "low_income": false,
        "low_income_reason": null,
        "poverty_rate": 0.07116104868913857,
        "mfi": 127125.0,
        "mfi_ratio_to_state": 1.4106817879177949
      }
    },
    {
      "type": "Feature",
      "geometry": {
        "type": "Point",
        "coordinates": [
          0,
          0
        ]
      },
      "properties": {
        "tract_geoid": "10005050904",
        "sb254_effective": false,
        "urbanicity": "urban",
        "distance_threshold_mi": 0.5,
        "population_total": 2561,
        "population_underserved": 997,
        "underserved_share": 0.3893010542756736,
        "low_income": false,
        "low_income_reason": null,
        "poverty_rate": 0.1333862643906312,
        "mfi": 128788.0,
        "mfi_ratio_to_state": 1.429135780549514
      }
    },
    {
      "type": "Feature",
      "geometry": {
        "type": "Point",
        "coordinates": [
          0,
          0
        ]
      },
      "properties": {
        "tract_geoid": "10005051012",
        "sb254_effective": false,
        "urbanicity": "urban",
        "distance_threshold_mi": 0.5,
        "population_total": 2045,
        "population_underserved": 2045,
        "underserved_share": 1.0,
        "low_income": false,
        "low_income_reason": null,
        "poverty_rate": 0.10904645476772616,
        "mfi": 101172.0,
        "mfi_ratio_to_state": 1.1226863154156865
      }
    },
    {
      "type": "Feature",
      "geometry": {
        "type": "Point",
        "coordinates": [
          0,
          0
        ]
      },
      "properties": {
        "tract_geoid": "10005051016",
        "sb254_effective": false,
        "urbanicity": "urban",
        "distance_threshold_mi": 0.5,
        "population_total": 2218,
        "population_underserved": 2218,
        "underserved_share": 1.0,
        "low_income": false,
        "low_income_reason": null,
        "poverty_rate": 0.09062218214607755,
        "mfi": 146630.0,
        "mfi_ratio_to_state": 1.6271250388388299
      }
    },
    {
      "type": "Feature",
      "geometry": {
        "type": "Point",
        "coordinates": [
          0,
          0
        ]
      },
      "properties": {
        "tract_geoid": "10005050604",
        "sb254_effective": true,
        "urbanicity": "urban",
        "distance_threshold_mi": 0.5,
        "population_total": 5345,
        "population_underserved": 3963,
        "underserved_share": 0.7414405986903648,
        "low_income": true,
        "low_income_reason": "poverty>=0.20",
        "poverty_rate": 0.27913938260056126,
        "mfi": 80559.0,
        "mfi_ratio_to_state": 0.8939478006125439
      }
    },
    {
      "type": "Feature",
      "geometry": {
        "type": "Point",
        "coordinates": [
          0,
          0
        ]
      },
      "properties": {
        "tract_geoid": "10005050603",
        "sb254_effective": false,
        "urbanicity": "urban",
        "distance_threshold_mi": 0.5,
        "population_total": 3551,
        "population_underserved": 2393,
        "underserved_share": 0.6738946775556182,
        "low_income": false,
        "low_income_reason": null,
        "poverty_rate": 0.030596788851863073,
        "mfi": 84792.0,
        "mfi_ratio_to_state": 0.94092059123796
      }
    },
    {
      "type": "Feature",
      "geometry": {
        "type": "Point",
        "coordinates": [
          0,
          0
        ]
      },
      "properties": {
        "tract_geoid": "10005050804",
        "sb254_effective": false,
        "urbanicity": "urban",
        "distance_threshold_mi": 0.5,
        "population_total": 4141,
        "population_underserved": 4141,
        "underserved_share": 1.0,
        "low_income": false,
        "low_income_reason": null,
        "poverty_rate": 0.039649720262709805,
        "mfi": 115188.0,
        "mfi_ratio_to_state": 1.278219184162635
      }
    },
    {
      "type": "Feature",
      "geometry": {
        "type": "Point",
        "coordinates": [
          0,
          0
        ]
      },
      "properties": {
        "tract_geoid": "10005051015",
        "sb254_effective": false,
        "urbanicity": "urban",
        "distance_threshold_mi": 0.5,
        "population_total": 2091,
        "population_underserved": 2091,
        "underserved_share": 1.0,
        "low_income": false,
        "low_income_reason": null,
        "poverty_rate": 0.036824485891917745,
        "mfi": 128115.0,
        "mfi_ratio_to_state": 1.421667628390075
      }
    },
    {
      "type": "Feature",
      "geometry": {
        "type": "Point",
        "coordinates": [
          0,
          0
        ]
      },
      "properties": {
        "tract_geoid": "10005050808",
        "sb254_effective": false,
        "urbanicity": "urban",
        "distance_threshold_mi": 0.5,
        "population_total": 3968,
        "population_underserved": 2816,
        "underserved_share": 0.7096774193548387,
        "low_income": false,
        "low_income_reason": null,
        "poverty_rate": 0.05569556451612903,
        "mfi": 129397.0,
        "mfi_ratio_to_state": 1.43589373696125
      }
    },
    {
      "type": "Feature",
      "geometry": {
        "type": "Point",
        "coordinates": [
          0,
          0
        ]
      },
      "properties": {
        "tract_geoid": "10005051014",
        "sb254_effective": false,
        "urbanicity": "urban",
        "distance_threshold_mi": 0.5,
        "population_total": 1917,
        "population_underserved": 1917,
        "underserved_share": 1.0,
        "low_income": false,
        "low_income_reason": null,
        "poverty_rate": 0.03547209181011998,
        "mfi": 103000.0,
        "mfi_ratio_to_state": 1.1429712814594524
      }
    },
    {
      "type": "Feature",
      "geometry": {
        "type": "Point",
        "coordinates": [
          0,
          0
        ]
      },
      "properties": {
        "tract_geoid": "10005050709",
        "sb254_effective": false,
        "urbanicity": "urban",
        "distance_threshold_mi": 0.5,
        "population_total": 1737,
        "population_underserved": 1737,
        "underserved_share": 1.0,
        "low_income": false,
        "low_income_reason": null,
        "poverty_rate": 0.039723661485319514,
        "mfi": 134821.0,
        "mfi_ratio_to_state": 1.4960828265790758
      }
    },
    {
      "type": "Feature",
      "geometry": {
        "type": "Point",
        "coordinates": [
          0,
          0
        ]
      },
      "properties": {
        "tract_geoid": "10005051203",
        "sb254_effective": false,
        "urbanicity": "urban",
        "distance_threshold_mi": 0.5,
        "population_total": 679,
        "population_underserved": 147,
        "underserved_share": 0.21649484536082475,
        "low_income": false,
        "low_income_reason": null,
        "poverty_rate": 0.041237113402061855,
        "mfi": 127500.0,
        "mfi_ratio_to_state": 1.4148430911269918
      }
    },
    {
      "type": "Feature",
      "geometry": {
        "type": "Point",
        "coordinates": [
          0,
          0
        ]
      },
      "properties": {
        "tract_geoid": "10005050706",
        "sb254_effective": false,
        "urbanicity": "urban",
        "distance_threshold_mi": 0.5,
        "population_total": 1618,
        "population_underserved": 1618,
        "underserved_share": 1.0,
        "low_income": false,
        "low_income_reason": null,
        "poverty_rate": 0.07911001236093942,
        "mfi": 111154.0,
        "mfi_ratio_to_state": 1.2334546584402326
      }
    },
    {
      "type": "Feature",
      "geometry": {
        "type": "Point",
        "coordinates": [
          0,
          0
        ]
      },
      "properties": {
        "tract_geoid": "10005050407",
        "sb254_effective": true,
        "urbanicity": "urban",
        "distance_threshold_mi": 0.5,
        "population_total": 6148,
        "population_underserved": 6148,
        "underserved_share": 1.0,
        "low_income": true,
        "low_income_reason": "poverty>=0.20",
        "poverty_rate": 0.305724126619649,
        "mfi": 74485.0,
        "mfi_ratio_to_state": 0.8265457854321098
      }
    },
    {
      "type": "Feature",
      "geometry": {
        "type": "Point",
        "coordinates": [
          0,
          0
        ]
      },
      "properties": {
        "tract_geoid": "10005050104",
        "sb254_effective": true,
        "urbanicity": "urban",
        "distance_threshold_mi": 0.5,
        "population_total": 5368,
        "population_underserved": 4177,
        "underserved_share": 0.7781296572280179,
        "low_income": true,
        "low_income_reason": "poverty>=0.20",
        "poverty_rate": 0.2438324727481354,
        "mfi": 70234.0,
        "mfi_ratio_to_state": 0.7793732522526521
      }
    },
    {
      "type": "Feature",
      "geometry": {
        "type": "Point",
        "coordinates": [
          0,
          0
        ]
      },
      "properties": {
        "tract_geoid": "10005050503",
        "sb254_effective": true,
        "urbanicity": "urban",
        "distance_threshold_mi": 0.5,
        "population_total": 6184,
        "population_underserved": 4077,
        "underserved_share": 0.6592820181112549,
        "low_income": true,
        "low_income_reason": "mfi_ratio<=0.80",
        "poverty_rate": 0.15369059656218403,
        "mfi": 46929.0,
        "mfi_ratio_to_state": 0.5207621288117538
      }
    },
    {
      "type": "Feature",
      "geometry": {
        "type": "Point",
        "coordinates": [
          0,
          0
        ]
      },
      "properties": {
        "tract_geoid": "10005051205",
        "sb254_effective": false,
        "urbanicity": "urban",
        "distance_threshold_mi": 0.5,
        "population_total": 746,
        "population_underserved": 341,
        "underserved_share": 0.4571045576407507,
        "low_income": false,
        "low_income_reason": null,
        "poverty_rate": 0.022788203753351208,
        "mfi": 124375.0,
        "mfi_ratio_to_state": 1.3801655643836832
      }
    },
    {
      "type": "Feature",
      "geometry": {
        "type": "Point",
        "coordinates": [
          0,
          0
        ]
      },
      "properties": {
        "tract_geoid": "10003013608",
        "sb254_effective": false,
        "urbanicity": "urban",
        "distance_threshold_mi": 0.5,
        "population_total": 2028,
        "population_underserved": 0,
        "underserved_share": 0.0,
        "low_income": false,
        "low_income_reason": null,
        "poverty_rate": 0.07847976307996052,
        "mfi": 113929.0,
        "mfi_ratio_to_state": 1.2642483021882907
      }
    },
    {
      "type": "Feature",
      "geometry": {
        "type": "Point",
        "coordinates": [
          0,
          0
        ]
      },
      "properties": {
        "tract_geoid": "10005051010",
        "sb254_effective": false,
        "urbanicity": "urban",
        "distance_threshold_mi": 0.5,
        "population_total": 3181,
        "population_underserved": 2233,
        "underserved_share": 0.7019805092738133,
        "low_income": false,
        "low_income_reason": null,
        "poverty_rate": 0.08330713612071676,
        "mfi": 108519.0,
        "mfi_ratio_to_state": 1.2042145678902747
      }
    },
    {
      "type": "Feature",
      "geometry": {
        "type": "Point",
        "coordinates": [
          0,
          0
        ]
      },
      "properties": {
        "tract_geoid": "10005050505",
        "sb254_effective": false,
        "urbanicity": "urban",
        "distance_threshold_mi": 0.5,
        "population_total": 2416,
        "population_underserved": 2416,
        "underserved_share": 1.0,
        "low_income": false,
        "low_income_reason": null,
        "poverty_rate": 0.08543096872616324,
        "mfi": 73750.0,
        "mfi_ratio_to_state": 0.8183896311420835
      }
    },
    {
      "type": "Feature",
      "geometry": {
        "type": "Point",
        "coordinates": [
          0,
          0
        ]
      },
      "properties": {
        "tract_geoid": "10003014906",
        "sb254_effective": false,
        "urbanicity": "urban",
        "distance_threshold_mi": 0.5,
        "population_total": 5407,
        "population_underserved": 1463,
        "underserved_share": 0.27057518032180505,
        "low_income": true,
        "low_income_reason": "mfi_ratio<=0.80",
        "poverty_rate": 0.16922507860181246,
        "mfi": 59469.0,
        "mfi_ratio_to_state": 0.6599161081273026
      }
    },
    {
      "type": "Feature",
      "geometry": {
        "type": "Point",
        "coordinates": [
          0,
          0
        ]
      },
      "properties": {
        "tract_geoid": "10003014810",
        "sb254_effective": false,
        "urbanicity": "urban",
        "distance_threshold_mi": 0.5,
        "population_total": 7039,
        "population_underserved": 7039,
        "underserved_share": 1.0,
        "low_income": false,
        "low_income_reason": null,
        "poverty_rate": 0.058756090570364,
        "mfi": 125777.0,
        "mfi_ratio_to_state": 1.3957232899818013
      }
    },
    {
      "type": "Feature",
      "geometry": {
        "type": "Point",
        "coordinates": [
          0,
          0
        ]
      },
      "properties": {
        "tract_geoid": "10003013903",
        "sb254_effective": false,
        "urbanicity": "urban",
        "distance_threshold_mi": 0.5,
        "population_total": 5314,
        "population_underserved": 5314,
        "underserved_share": 1.0,
        "low_income": false,
        "low_income_reason": null,
        "poverty_rate": 0.08355287918705306,
        "mfi": 139091.0,
        "mfi_ratio_to_state": 1.5434661991211327
      }
    },
    {
      "type": "Feature",
      "geometry": {
        "type": "Point",
        "coordinates": [
          0,
          0
        ]
      },
      "properties": {
        "tract_geoid": "10003014908",
        "sb254_effective": false,
        "urbanicity": "urban",
        "distance_threshold_mi": 0.5,
        "population_total": 2506,
        "population_underserved": 0,
        "underserved_share": 0.0,
        "low_income": true,
        "low_income_reason": "mfi_ratio<=0.80",
        "poverty_rate": 0.1831604150039904,
        "mfi": 41196.0,
        "mfi_ratio_to_state": 0.45714412534954946
      }
    },
    {
      "type": "Feature",
      "geometry": {
        "type": "Point",
        "coordinates": [
          0,
          0
        ]
      },
      "properties": {
        "tract_geoid": "10003016806",
        "sb254_effective": false,
        "urbanicity": "urban",
        "distance_threshold_mi": 0.5,
        "population_total": 5791,
        "population_underserved": 5791,
        "underserved_share": 1.0,
        "low_income": false,
        "low_income_reason": null,
        "poverty_rate": 0.051130434782608696,
        "mfi": 139625.0,
        "mfi_ratio_to_state": 1.5493918948910292
      }
    },
    {
      "type": "Feature",
      "geometry": {
        "type": "Point",
        "coordinates": [
          0,
          0
        ]
      },
      "properties": {
        "tract_geoid": "10003016805",
        "sb254_effective": false,
        "urbanicity": "nonurban",
        "distance_threshold_mi": 10.0,
        "population_total": 1805,
        "population_underserved": 0,
        "underserved_share": 0.0,
        "low_income": false,
        "low_income_reason": null,
        "poverty_rate": 0.06537396121883657,
        "mfi": 129569.0,
        "mfi_ratio_to_state": 1.4378023880332016
      }
    },
    {
      "type": "Feature",
      "geometry": {
        "type": "Point",
        "coordinates": [
          0,
          0
        ]
      },
      "properties": {
        "tract_geoid": "10003016306",
        "sb254_effective": false,
        "urbanicity": "urban",
        "distance_threshold_mi": 0.5,
        "population_total": 4570,
        "population_underserved": 881,
        "underserved_share": 0.19277899343544858,
        "low_income": false,
        "low_income_reason": null,
        "poverty_rate": 0.08496138119036802,
        "mfi": 119951.0,
        "mfi_ratio_to_state": 1.331073283323716
      }
    },
    {
      "type": "Feature",
      "geometry": {
        "type": "Point",
        "coordinates": [
          0,
          0
        ]
      },
      "properties": {
        "tract_geoid": "10003016309",
        "sb254_effective": false,
        "urbanicity": "urban",
        "distance_threshold_mi": 0.5,
        "population_total": 4311,
        "population_underserved": 2575,
        "underserved_share": 0.597309209000232,
        "low_income": false,
        "low_income_reason": null,
        "poverty_rate": 0.1268847135235444,
        "mfi": 91477.0,
        "mfi_ratio_to_state": 1.0151027564472457
      }
    },
    {
      "type": "Feature",
      "geometry": {
        "type": "Point",
        "coordinates": [
          0,
          0
        ]
      },
      "properties": {
        "tract_geoid": "10003016613",
        "sb254_effective": false,
        "urbanicity": "urban",
        "distance_threshold_mi": 0.5,
        "population_total": 5543,
        "population_underserved": 3445,
        "underserved_share": 0.621504600396897,
        "low_income": false,
        "low_income_reason": null,
        "poverty_rate": 0.05159660833483673,
        "mfi": 144813.0,
        "mfi_ratio_to_state": 1.6069621376892005
      }
    },
    {
      "type": "Feature",
      "geometry": {
        "type": "Point",
        "coordinates": [
          0,
          0
        ]
      },
      "properties": {
        "tract_geoid": "10003016807",
        "sb254_effective": false,
        "urbanicity": "urban",
        "distance_threshold_mi": 0.5,
        "population_total": 1611,
        "population_underserved": 1611,
        "underserved_share": 1.0,
        "low_income": false,
        "low_income_reason": null,
        "poverty_rate": 0.06905210295040803,
        "mfi": 158646.0,
        "mfi_ratio_to_state": 1.7604642904700607
      }
    },
    {
      "type": "Feature",
      "geometry": {
        "type": "Point",
        "coordinates": [
          0,
          0
        ]
      },
      "properties": {
        "tract_geoid": "10003014814",
        "sb254_effective": false,
        "urbanicity": "urban",
        "distance_threshold_mi": 0.5,
        "population_total": 4053,
        "population_underserved": 4053,
        "underserved_share": 1.0,
        "low_income": false,
        "low_income_reason": null,
        "poverty_rate": 0.0537873180360227,
        "mfi": 112129.0,
        "mfi_ratio_to_state": 1.2442740467841449
      }
    },
    {
      "type": "Feature",
      "geometry": {
        "type": "Point",
        "coordinates": [
          0,
          0
        ]
      },
      "properties": {
        "tract_geoid": "10003016614",
        "sb254_effective": false,
        "urbanicity": "urban",
        "distance_threshold_mi": 0.5,
        "population_total": 6868,
        "population_underserved": 931,
        "underserved_share": 0.13555620267909144,
        "low_income": false,
        "low_income_reason": null,
        "poverty_rate": 0.005906406179009541,
        "mfi": 152847.0,
        "mfi_ratio_to_state": 1.6961138976430379
      }
    },
    {
      "type": "Feature",
      "geometry": {
        "type": "Point",
        "coordinates": [
          0,
          0
        ]
      },
      "properties": {
        "tract_geoid": "10003001902",
        "sb254_effective": false,
        "urbanicity": "urban",
        "distance_threshold_mi": 0.5,
        "population_total": 2187,
        "population_underserved": 683,
        "underserved_share": 0.3122999542752629,
        "low_income": true,
        "low_income_reason": "poverty>=0.20",
        "poverty_rate": 0.2299219825608077,
        "mfi": 52298.0,
        "mfi_ratio_to_state": 0.5803408939588974
      }
    },
    {
      "type": "Feature",
      "geometry": {
        "type": "Point",
        "coordinates": [
          0,
          0
        ]
      },
      "properties": {
        "tract_geoid": "10005051011",
        "sb254_effective": false,
        "urbanicity": "urban",
        "distance_threshold_mi": 0.5,
        "population_total": 3861,
        "population_underserved": 2320,
        "underserved_share": 0.6008806008806009,
        "low_income": false,
        "low_income_reason": null,
        "poverty_rate": 0.06785806785806786,
        "mfi": 135298.0,
        "mfi_ratio_to_state": 1.5013760042611746
      }
    },
    {
      "type": "Feature",
      "geometry": {
        "type": "Point",
        "coordinates": [
          0,
          0
        ]
      },
      "properties": {
        "tract_geoid": "10005051502",
        "sb254_effective": false,
        "urbanicity": "urban",
        "distance_threshold_mi": 0.5,
        "population_total": 3446,
        "population_underserved": 3446,
        "underserved_share": 1.0,
        "low_income": false,
        "low_income_reason": null,
        "poverty_rate": 0.09154723603392804,
        "mfi": 95915.0,
        "mfi_ratio_to_state": 1.064350392827023
      }
    },
    {
      "type": "Feature",
      "geometry": {
        "type": "Point",
        "coordinates": [
          0,
          0
        ]
      },
      "properties": {
        "tract_geoid": "10005050903",
        "sb254_effective": false,
        "urbanicity": "urban",
        "distance_threshold_mi": 0.5,
        "population_total": 1978,
        "population_underserved": 1978,
        "underserved_share": 1.0,
        "low_income": false,
        "low_income_reason": null,
        "poverty_rate": 0.025966850828729283,
        "mfi": 152460.0,
        "mfi_ratio_to_state": 1.6918194327311464
      }
    },
    {
      "type": "Feature",
      "geometry": {
        "type": "Point",
        "coordinates": [
          0,
          0
        ]
      },
      "properties": {
        "tract_geoid": "10005050506",
        "sb254_effective": false,
        "urbanicity": "urban",
        "distance_threshold_mi": 0.5,
        "population_total": 3290,
        "population_underserved": 3290,
        "underserved_share": 1.0,
        "low_income": false,
        "low_income_reason": null,
        "poverty_rate": 0.08328267477203648,
        "mfi": 79231.0,
        "mfi_ratio_to_state": 0.8792112388477074
      }
    },
    {
      "type": "Feature",
      "geometry": {
        "type": "Point",
        "coordinates": [
          0,
          0
        ]
      },
      "properties": {
        "tract_geoid": "10005050807",
        "sb254_effective": true,
        "urbanicity": "urban",
        "distance_threshold_mi": 0.5,
        "population_total": 1587,
        "population_underserved": 1587,
        "underserved_share": 1.0,
        "low_income": true,
        "low_income_reason": "poverty>=0.20",
        "poverty_rate": 0.21172022684310018,
        "mfi": 78269.0,
        "mfi_ratio_to_state": 0.8685361090150473
      }
    },
    {
      "type": "Feature",
      "geometry": {
        "type": "Point",
        "coordinates": [
          0,
          0
        ]
      },
      "properties": {
        "tract_geoid": "10005050805",
        "sb254_effective": false,
        "urbanicity": "urban",
        "distance_threshold_mi": 0.5,
        "population_total": 3812,
        "population_underserved": 3812,
        "underserved_share": 1.0,
        "low_income": false,
        "low_income_reason": null,
        "poverty_rate": 0.10614818707304256,
        "mfi": 113650.0,
        "mfi_ratio_to_state": 1.261152292600648
      }
    },
    {
      "type": "Feature",
      "geometry": {
        "type": "Point",
        "coordinates": [
          0,
          0
        ]
      },
      "properties": {
        "tract_geoid": "10005051013",
        "sb254_effective": false,
        "urbanicity": "urban",
        "distance_threshold_mi": 0.5,
        "population_total": 4347,
        "population_underserved": 4347,
        "underserved_share": 1.0,
        "low_income": false,
        "low_income_reason": null,
        "poverty_rate": 0.07165898617511521,
        "mfi": 100720.0,
        "mfi_ratio_to_state": 1.1176705579475343
      }
    },
    {
      "type": "Feature",
      "geometry": {
        "type": "Point",
        "coordinates": [
          0,
          0
        ]
      },
      "properties": {
        "tract_geoid": "10005051008",
        "sb254_effective": false,
        "urbanicity": "urban",
        "distance_threshold_mi": 0.5,
        "population_total": 4460,
        "population_underserved": 4060,
        "underserved_share": 0.9103139013452914,
        "low_income": false,
        "low_income_reason": null,
        "poverty_rate": 0.032511210762331835,
        "mfi": 145987.0,
        "mfi_ratio_to_state": 1.6199897909361267
      }
    },
    {
      "type": "Feature",
      "geometry": {
        "type": "Point",
        "coordinates": [
          0,
          0
        ]
      },
      "properties": {
        "tract_geoid": "10003002800",
        "sb254_effective": false,
        "urbanicity": "urban",
        "distance_threshold_mi": 0.5,
        "population_total": 2373,
        "population_underserved": 0,
        "underserved_share": 0.0,
        "low_income": true,
        "low_income_reason": "poverty>=0.20",
        "poverty_rate": 0.2891822827938671,
        "mfi": null,
        "mfi_ratio_to_state": null
      }
    },
    {
      "type": "Feature",
      "geometry": {
        "type": "Point",
        "coordinates": [
          0,
          0
        ]
      },
      "properties": {
        "tract_geoid": "10003010104",
        "sb254_effective": false,
        "urbanicity": "urban",
        "distance_threshold_mi": 0.5,
        "population_total": 4087,
        "population_underserved": 2639,
        "underserved_share": 0.6457058967457793,
        "low_income": false,
        "low_income_reason": null,
        "poverty_rate": 0.12356251529239051,
        "mfi": 75164.0,
        "mfi_ratio_to_state": 0.8340805184428958
      }
    },
    {
      "type": "Feature",
      "geometry": {
        "type": "Point",
        "coordinates": [
          0,
          0
        ]
      },
      "properties": {
        "tract_geoid": "10003016904",
        "sb254_effective": false,
        "urbanicity": "urban",
        "distance_threshold_mi": 0.5,
        "population_total": 3632,
        "population_underserved": 3632,
        "underserved_share": 1.0,
        "low_income": false,
        "low_income_reason": null,
        "poverty_rate": 0.08823529411764706,
        "mfi": 85329.0,
        "mfi_ratio_to_state": 0.9468795774335301
      }
    },
    {
      "type": "Feature",
      "geometry": {
        "type": "Point",
        "coordinates": [
          0,
          0
        ]
      },
      "properties": {
        "tract_geoid": "10003014000",
        "sb254_effective": false,
        "urbanicity": "urban",
        "distance_threshold_mi": 0.5,
        "population_total": 4612,
        "population_underserved": 645,
        "underserved_share": 0.1398525585429315,
        "low_income": false,
        "low_income_reason": null,
        "poverty_rate": 0.1500983176753332,
        "mfi": 112938.0,
        "mfi_ratio_to_state": 1.2532513649074526
      }
    },
    {
      "type": "Feature",
      "geometry": {
        "type": "Point",
        "coordinates": [
          0,
          0
        ]
      },
      "properties": {
        "tract_geoid": "10003015100",
        "sb254_effective": false,
        "urbanicity": "urban",
        "distance_threshold_mi": 0.5,
        "population_total": 3280,
        "population_underserved": 0,
        "underserved_share": 0.0,
        "low_income": true,
        "low_income_reason": "mfi_ratio<=0.80",
        "poverty_rate": 0.15457317073170732,
        "mfi": 69122.0,
        "mfi_ratio_to_state": 0.7670336011363132
      }
    },
    {
      "type": "Feature",
      "geometry": {
        "type": "Point",
        "coordinates": [
          0,
          0
        ]
      },
      "properties": {
        "tract_geoid": "10003015400",
        "sb254_effective": false,
        "urbanicity": "urban",
        "distance_threshold_mi": 0.5,
        "population_total": 2877,
        "population_underserved": 0,
        "underserved_share": 0.0,
        "low_income": true,
        "low_income_reason": "mfi_ratio<=0.80",
        "poverty_rate": 0.14668057003823426,
        "mfi": 66295.0,
        "mfi_ratio_to_state": 0.7356629233432465
      }
    },
    {
      "type": "Feature",
      "geometry": {
        "type": "Point",
        "coordinates": [
          0,
          0
        ]
      },
      "properties": {
        "tract_geoid": "10003015600",
        "sb254_effective": false,
        "urbanicity": "urban",
        "distance_threshold_mi": 0.5,
        "population_total": 2490,
        "population_underserved": 0,
        "underserved_share": 0.0,
        "low_income": false,
        "low_income_reason": null,
        "poverty_rate": 0.060950832994717596,
        "mfi": 90278.0,
        "mfi_ratio_to_state": 1.001797682986373
      }
    },
    {
      "type": "Feature",
      "geometry": {
        "type": "Point",
        "coordinates": [
          0,
          0
        ]
      },
      "properties": {
        "tract_geoid": "10003015900",
        "sb254_effective": false,
        "urbanicity": "urban",
        "distance_threshold_mi": 0.5,
        "population_total": 3414,
        "population_underserved": 0,
        "underserved_share": 0.0,
        "low_income": false,
        "low_income_reason": null,
        "poverty_rate": 0.07205623901581722,
        "mfi": 87044.0,
        "mfi_ratio_to_state": 0.9659106041102579
      }
    },
    {
      "type": "Feature",
      "geometry": {
        "type": "Point",
        "coordinates": [
          0,
          0
        ]
      },
      "properties": {
        "tract_geoid": "10003016000",
        "sb254_effective": false,
        "urbanicity": "urban",
        "distance_threshold_mi": 0.5,
        "population_total": 2852,
        "population_underserved": 0,
        "underserved_share": 0.0,
        "low_income": false,
        "low_income_reason": null,
        "poverty_rate": 0.1640953716690042,
        "mfi": 76681.0,
        "mfi_ratio_to_state": 0.8509143770251676
      }
    },
    {
      "type": "Feature",
      "geometry": {
        "type": "Point",
        "coordinates": [
          0,
          0
        ]
      },
      "properties": {
        "tract_geoid": "10003016100",
        "sb254_effective": false,
        "urbanicity": "urban",
        "distance_threshold_mi": 0.5,
        "population_total": 1965,
        "population_underserved": 1003,
        "underserved_share": 0.5104325699745547,
        "low_income": false,
        "low_income_reason": null,
        "poverty_rate": 0.02544529262086514,
        "mfi": 99219.0,
        "mfi_ratio_to_state": 1.1010142483021883
      }
    },
    {
      "type": "Feature",
      "geometry": {
        "type": "Point",
        "coordinates": [
          0,
          0
        ]
      },
      "properties": {
        "tract_geoid": "10003016200",
        "sb254_effective": false,
        "urbanicity": "urban",
        "distance_threshold_mi": 0.5,
        "population_total": 2783,
        "population_underserved": 1321,
        "underserved_share": 0.4746676248652533,
        "low_income": false,
        "low_income_reason": null,
        "poverty_rate": 0.04886812791951132,
        "mfi": 109293.0,
        "mfi_ratio_to_state": 1.2128034977140574
      }
    },
    {
      "type": "Feature",
      "geometry": {
        "type": "Point",
        "coordinates": [
          0,
          0
        ]
      },
      "properties": {
        "tract_geoid": "10003000300",
        "sb254_effective": false,
        "urbanicity": "urban",
        "distance_threshold_mi": 0.5,
        "population_total": 3498,
        "population_underserved": 0,
        "underserved_share": 0.0,
        "low_income": true,
        "low_income_reason": "poverty>=0.20",
        "poverty_rate": 0.28673527730131504,
        "mfi": 68372.0,
        "mfi_ratio_to_state": 0.7587109947179191
      }
    },
    {
      "type": "Feature",
      "geometry": {
        "type": "Point",
        "coordinates": [
          0,
          0
        ]
      },
      "properties": {
        "tract_geoid": "10003016301",
        "sb254_effective": false,
        "urbanicity": "urban",
        "distance_threshold_mi": 0.5,
        "population_total": 7357,
        "population_underserved": 3874,
        "underserved_share": 0.5265733315210004,
        "low_income": false,
        "low_income_reason": null,
        "poverty_rate": 0.10407301457567089,
        "mfi": 95875.0,
        "mfi_ratio_to_state": 1.0639065204847087
      }
    },
    {
      "type": "Feature",
      "geometry": {
        "type": "Point",
        "coordinates": [
          0,
          0
        ]
      },
      "properties": {
        "tract_geoid": "10003014100",
        "sb254_effective": false,
        "urbanicity": "urban",
        "distance_threshold_mi": 0.5,
        "population_total": 4891,
        "population_underserved": 2346,
        "underserved_share": 0.4796565119607442,
        "low_income": true,
        "low_income_reason": "mfi_ratio<=0.80",
        "poverty_rate": 0.16868957004731536,
        "mfi": 68182.0,
        "mfi_ratio_to_state": 0.756602601091926
      }
    },
    {
      "type": "Feature",
      "geometry": {
        "type": "Point",
        "coordinates": [
          0,
          0
        ]
      },
      "properties": {
        "tract_geoid": "10003014200",
        "sb254_effective": false,
        "urbanicity": "urban",
        "distance_threshold_mi": 0.5,
        "population_total": 1594,
        "population_underserved": 1594,
        "underserved_share": 1.0,
        "low_income": false,
        "low_income_reason": null,
        "poverty_rate": 0.006273525721455458,
        "mfi": 90865.0,
        "mfi_ratio_to_state": 1.0083115096098363
      }
    },
    {
      "type": "Feature",
      "geometry": {
        "type": "Point",
        "coordinates": [
          0,
          0
        ]
      },
      "properties": {
        "tract_geoid": "10003014403",
        "sb254_effective": false,
        "urbanicity": "urban",
        "distance_threshold_mi": 0.5,
        "population_total": 3655,
        "population_underserved": 1272,
        "underserved_share": 0.34801641586867305,
        "low_income": true,
        "low_income_reason": "poverty>=0.20",
        "poverty_rate": 0.2537313432835821,
        "mfi": 131192.0,
        "mfi_ratio_to_state": 1.4558125083226063
      }
    },
    {
      "type": "Feature",
      "geometry": {
        "type": "Point",
        "coordinates": [
          0,
          0
        ]
      },
      "properties": {
        "tract_geoid": "10003014501",
        "sb254_effective": false,
        "urbanicity": "urban",
        "distance_threshold_mi": 0.5,
        "population_total": 2171,
        "population_underserved": 0,
        "underserved_share": 0.0,
        "low_income": true,
        "low_income_reason": "poverty>=0.20",
        "poverty_rate": 0.7323813910640258,
        "mfi": 42250.0,
        "mfi_ratio_to_state": 0.4688401615695326
      }
    },
    {
      "type": "Feature",
      "geometry": {
        "type": "Point",
        "coordinates": [
          0,
          0
        ]
      },
      "properties": {
        "tract_geoid": "10003014702",
        "sb254_effective": false,
        "urbanicity": "urban",
        "distance_threshold_mi": 0.5,
        "population_total": 1937,
        "population_underserved": 0,
        "underserved_share": 0.0,
        "low_income": false,
        "low_income_reason": null,
        "poverty_rate": 0.1357769747031492,
        "mfi": 99276.0,
        "mfi_ratio_to_state": 1.1016467663899863
      }
    },
    {
      "type": "Feature",
      "geometry": {
        "type": "Point",
        "coordinates": [
          0,
          0
        ]
      },
      "properties": {
        "tract_geoid": "10003014703",
        "sb254_effective": false,
        "urbanicity": "urban",
        "distance_threshold_mi": 0.5,
        "population_total": 5172,
        "population_underserved": 2092,
        "underserved_share": 0.40448569218870845,
        "low_income": false,
        "low_income_reason": null,
        "poverty_rate": 0.11407579273008507,
        "mfi": 75329.0,
        "mfi_ratio_to_state": 0.8359114918549425
      }
    },
    {
      "type": "Feature",
      "geometry": {
        "type": "Point",
        "coordinates": [
          0,
          0
        ]
      },
      "properties": {
        "tract_geoid": "10003014808",
        "sb254_effective": false,
        "urbanicity": "urban",
        "distance_threshold_mi": 0.5,
        "population_total": 6605,
        "population_underserved": 1992,
        "underserved_share": 0.3015897047691143,
        "low_income": false,
        "low_income_reason": null,
        "poverty_rate": 0.042694928084784256,
        "mfi": 97023.0,
        "mfi_ratio_to_state": 1.0766456567091305
      }
    },
    {
      "type": "Feature",
      "geometry": {
        "type": "Point",
        "coordinates": [
          0,
          0
        ]
      },
      "properties": {
        "tract_geoid": "10003011400",
        "sb254_effective": false,
        "urbanicity": "urban",
        "distance_threshold_mi": 0.5,
        "population_total": 3549,
        "population_underserved": 2693,
        "underserved_share": 0.7588052972668358,
        "low_income": false,
        "low_income_reason": null,
        "poverty_rate": 0.013214593507612756,
        "mfi": 181019.0,
        "mfi_ratio_to_state": 2.008733188335035
      }
    },
    {
      "type": "Feature",
      "geometry": {
        "type": "Point",
        "coordinates": [
          0,
          0
        ]
      },
      "properties": {
        "tract_geoid": "10003012500",
        "sb254_effective": false,
        "urbanicity": "urban",
        "distance_threshold_mi": 0.5,
        "population_total": 4979,
        "population_underserved": 1180,
        "underserved_share": 0.23699538059851374,
        "low_income": false,
        "low_income_reason": null,
        "poverty_rate": 0.09198634263908416,
        "mfi": 97294.0,
        "mfi_ratio_to_state": 1.0796528918283101
      }
    },
    {
      "type": "Feature",
      "geometry": {
        "type": "Point",
        "coordinates": [
          0,
          0
        ]
      },
      "properties": {
        "tract_geoid": "10003012300",
        "sb254_effective": false,
        "urbanicity": "urban",
        "distance_threshold_mi": 0.5,
        "population_total": 3133,
        "population_underserved": 0,
        "underserved_share": 0.0,
        "low_income": true,
        "low_income_reason": "poverty>=0.20",
        "poverty_rate": 0.2052345994254708,
        "mfi": 84400.0,
        "mfi_ratio_to_state": 0.9365706422832794
      }
    },
    {
      "type": "Feature",
      "geometry": {
        "type": "Point",
        "coordinates": [
          0,
          0
        ]
      },
      "properties": {
        "tract_geoid": "10003011500",
        "sb254_effective": false,
        "urbanicity": "urban",
        "distance_threshold_mi": 0.5,
        "population_total": 3073,
        "population_underserved": 0,
        "underserved_share": 0.0,
        "low_income": false,
        "low_income_reason": null,
        "poverty_rate": 0.014056881333769205,
        "mfi": 139568.0,
        "mfi_ratio_to_state": 1.5487593768032313
      }
    },
    {
      "type": "Feature",
      "geometry": {
        "type": "Point",
        "coordinates": [
          0,
          0
        ]
      },
      "properties": {
        "tract_geoid": "10003011600",
        "sb254_effective": false,
        "urbanicity": "urban",
        "distance_threshold_mi": 0.5,
        "population_total": 3463,
        "population_underserved": 0,
        "underserved_share": 0.0,
        "low_income": false,
        "low_income_reason": null,
        "poverty_rate": 0.028015334709525212,
        "mfi": 147000.0,
        "mfi_ratio_to_state": 1.6312308580052377
      }
    },
    {
      "type": "Feature",
      "geometry": {
        "type": "Point",
        "coordinates": [
          0,
          0
        ]
      },
      "properties": {
        "tract_geoid": "10005051103",
        "sb254_effective": false,
        "urbanicity": "urban",
        "distance_threshold_mi": 0.5,
        "population_total": 1080,
        "population_underserved": 339,
        "underserved_share": 0.3138888888888889,
        "low_income": false,
        "low_income_reason": null,
        "poverty_rate": 0.05462962962962963,
        "mfi": 170750.0,
        "mfi_ratio_to_state": 1.8947800612543833
      }
    },
    {
      "type": "Feature",
      "geometry": {
        "type": "Point",
        "coordinates": [
          0,
          0
        ]
      },
      "properties": {
        "tract_geoid": "10005050405",
        "sb254_effective": true,
        "urbanicity": "urban",
        "distance_threshold_mi": 0.5,
        "population_total": 4964,
        "population_underserved": 2539,
        "underserved_share": 0.5114826752618856,
        "low_income": true,
        "low_income_reason": "mfi_ratio<=0.80",
        "poverty_rate": 0.09897959183673469,
        "mfi": 64387.0,
        "mfi_ratio_to_state": 0.714490212614852
      }
    },
    {
      "type": "Feature",
      "geometry": {
        "type": "Point",
        "coordinates": [
          0,
          0
        ]
      },
      "properties": {
        "tract_geoid": "10005050105",
        "sb254_effective": false,
        "urbanicity": "urban",
        "distance_threshold_mi": 0.5,
        "population_total": 6294,
        "population_underserved": 6294,
        "underserved_share": 1.0,
        "low_income": false,
        "low_income_reason": null,
        "poverty_rate": 0.0996186844613918,
        "mfi": 78710.0,
        "mfi_ratio_to_state": 0.873429801589063
      }
    },
    {
      "type": "Feature",
      "geometry": {
        "type": "Point",
        "coordinates": [
          0,
          0
        ]
      },
      "properties": {
        "tract_geoid": "10005050406",
        "sb254_effective": false,
        "urbanicity": "urban",
        "distance_threshold_mi": 0.5,
        "population_total": 5196,
        "population_underserved": 1570,
        "underserved_share": 0.30215550423402615,
        "low_income": true,
        "low_income_reason": "poverty>=0.20",
        "poverty_rate": 0.2537917087967644,
        "mfi": 54471.0,
        "mfi_ratio_to_state": 0.6044542589551245
      }
    }
  ]
}
