{
  "type": "FeatureCollection",
  "features": [
    {
      "type": "Feature",
      "geometry": {
        "type": "Point",
        "coordinates": [
          -75.234016,
          38.455059
        ]
      },
      "properties": {
        "name": "Selbyville Goose Creek 19",
        "address": "38452 Dupont Blvd, Selbyville, DE, 19975",
        "categories": [
          "corner-store"
        ],
        "sources": [
          "snap-retailers"
        ],
        "external_ids": [
          "951775"
        ],
        "contributor_count": 1
      }
    },
    {
      "type": "Feature",
      "geometry": {
        "type": "Point",
        "coordinates": [
          -75.234772,
          38.456451
        ]
      },
      "properties": {
        "name": "Dollar Tree 5386",
        "address": "38394 Dupont Blvd, Selbyville, DE, 19975",
        "categories": [
          "other"
        ],
        "sources": [
          "snap-retailers"
        ],
        "external_ids": [
          "1116211"
        ],
        "contributor_count": 1
      }
    },
    {
      "type": "Feature",
      "geometry": {
        "type": "Point",
        "coordinates": [
          -75.051956,
          38.45665
        ]
      },
      "properties": {
        "name": "Royal Farms 44",
        "address": "701 Coastal Hwy, Fenwick Island, DE, 19944",
        "categories": [
          "corner-store"
        ],
        "sources": [
          "snap-retailers"
        ],
        "external_ids": [
          "537191"
        ],
        "contributor_count": 1
      }
    },
    {
      "type": "Feature",
      "geometry": {
        "type": "Point",
        "coordinates": [
          -75.555801,
          38.456669
        ]
      },
      "properties": {
        "name": "Walgreens 11079",
        "address": "38627 Benro Dr, Delmar, DE, 19940",
        "categories": [
          "other"
        ],
        "sources": [
          "snap-retailers"
        ],
        "external_ids": [
          "878009"
        ],
        "contributor_count": 1
      }
    },
    {
      "type": "Feature",
      "geometry": {
        "type": "Point",
        "coordinates": [
          -75.555824,
          38.456779
        ]
      },
      "properties": {
        "name": "Dollar Tree 3589",
        "address": "38627 Benro Dr, Delmar, DE, 19940",
        "categories": [
          "other"
        ],
        "sources": [
          "snap-retailers"
        ],
        "external_ids": [
          "971693"
        ],
        "contributor_count": 1
      }
    },
    {
      "type": "Feature",
      "geometry": {
        "type": "Point",
        "coordinates": [
          -75.558037,
          38.457069
        ]
      },
      "properties": {
        "name": "WAWA 856",
        "address": "38711 Sussex Hwy, Delmar, DE, 19940",
        "categories": [
          "corner-store"
        ],
        "sources": [
          "snap-retailers"
        ],
        "external_ids": [
          "964094"
        ],
        "contributor_count": 1
      }
    },
    {
      "type": "Feature",
      "geometry": {
        "type": "Point",
        "coordinates": [
          -75.233139,
          38.45726
        ]
      },
      "properties": {
        "name": "Uncle Willies",
        "address": "18 N Dupont Hwy, Selbyville, DE, 19975",
        "categories": [
          "corner-store"
        ],
        "sources": [
          "snap-retailers"
        ],
        "external_ids": [
          "1456925"
        ],
        "contributor_count": 1
      }
    },
    {
      "type": "Feature",
      "geometry": {
        "type": "Point",
        "coordinates": [
          -75.226219,
          38.457554
        ]
      },
      "properties": {
        "name": "APS Market & Grill LLC",
        "address": "58B W Church St, Selbyville, DE, 19975",
        "categories": [
          "grocery-store"
        ],
        "sources": [
          "snap-retailers"
        ],
        "external_ids": [
          "965514"
        ],
        "contributor_count": 1
      }
    },
    {
      "type": "Feature",
      "geometry": {
        "type": "Point",
        "coordinates": [
          -75.559761,
          38.457672
        ]
      },
      "properties": {
        "name": "Family Dollar 1776",
        "address": "38650 Sussex Hwy, Delmar, DE, 19940",
        "categories": [
          "other"
        ],
        "sources": [
          "snap-retailers"
        ],
        "external_ids": [
          "898856"
        ],
        "contributor_count": 1
      }
    },
    {
      "type": "Feature",
      "geometry": {
        "type": "Point",
        "coordinates": [
          -75.559761,
          38.457672
        ]
      },
      "properties": {
        "name": "Food Lion 879",
        "address": "38650 Sussex Hwy, Delmar, DE, 19940",
        "categories": [
          "supermarket"
        ],
        "sources": [
          "snap-retailers"
        ],
        "external_ids": [
          "692267"
        ],
        "contributor_count": 1
      }
    },
    {
      "type": "Feature",
      "geometry": {
        "type": "Point",
        "coordinates": [
          -75.233711,
          38.458508
        ]
      },
      "properties": {
        "name": "Food Lion 1206",
        "address": "32 N Dupont Hwy, Selbyville, DE, 19975",
        "categories": [
          "supermarket"
        ],
        "sources": [
          "snap-retailers"
        ],
        "external_ids": [
          "274391"
        ],
        "contributor_count": 1
      }
    },
    {
      "type": "Feature",
      "geometry": {
        "type": "Point",
        "coordinates": [
          -75.555374,
          38.458572
        ]
      },
      "properties": {
        "name": "Dollar General 12472",
        "address": "31010 Thorton Blvd, Delmar, DE, 19940",
        "categories": [
          "other"
        ],
        "sources": [
          "snap-retailers"
        ],
        "external_ids": [
          "975174"
        ],
        "contributor_count": 1
      }
    },
    {
      "type": "Feature",
      "geometry": {
        "type": "Point",
        "coordinates": [
          -75.222115,
          38.459988
        ]
      },
      "properties": {
        "name": "Dollar General 11949",
        "address": "9 W Church St, Selbyville, DE, 19975",
        "categories": [
          "other"
        ],
        "sources": [
          "snap-retailers"
        ],
        "external_ids": [
          "738379"
        ],
        "contributor_count": 1
      }
    },
    {
      "type": "Feature",
      "geometry": {
        "type": "Point",
        "coordinates": [
          -75.221939,
          38.460293
        ]
      },
      "properties": {
        "name": "Mini Market Mary Llc",
        "address": "5 W Church St, Selbyville, DE, 19975",
        "categories": [
          "grocery-store"
        ],
        "sources": [
          "snap-retailers"
        ],
        "external_ids": [
          "1520900"
        ],
        "contributor_count": 1
      }
    },
    {
      "type": "Feature",
      "geometry": {
        "type": "Point",
        "coordinates": [
          -75.234505,
          38.462692
        ]
      },
      "properties": {
        "name": "Royal Farms 337",
        "address": "38166 Dupont Blvd, Selbyville, DE, 19975",
        "categories": [
          "corner-store"
        ],
        "sources": [
          "snap-retailers"
        ],
        "external_ids": [
          "1420603"
        ],
        "contributor_count": 1
      }
    },
    {
      "type": "Feature",
      "geometry": {
        "type": "Point",
        "coordinates": [
          -75.115311,
          38.469112
        ]
      },
      "properties": {
        "name": "Harris Teeter 327",
        "address": "31221 Americana Pkwy, Selbyville, DE, 19975",
        "categories": [
          "supermarket"
        ],
        "sources": [
          "snap-retailers"
        ],
        "external_ids": [
          "831928"
        ],
        "contributor_count": 1
      }
    },
    {
      "type": "Feature",
      "geometry": {
        "type": "Point",
        "coordinates": [
          -75.116936,
          38.469326
        ]
      },
      "properties": {
        "name": "CVS 3231",
        "address": "36252 Lighthouse Rd, Selbyville, DE, 19975",
        "categories": [
          "other"
        ],
        "sources": [
          "snap-retailers"
        ],
        "external_ids": [
          "1176151"
        ],
        "contributor_count": 1
      }
    },
    {
      "type": "Feature",
      "geometry": {
        "type": "Point",
        "coordinates": [
          -75.114754,
          38.470982
        ]
      },
      "properties": {
        "name": "Highs Of Baltimore LLC 161",
        "address": "36345 Lighthouse Rd, Selbyville, DE, 19975",
        "categories": [
          "corner-store"
        ],
        "sources": [
          "snap-retailers"
        ],
        "external_ids": [
          "1528059"
        ],
        "contributor_count": 1
      }
    },
    {
      "type": "Feature",
      "geometry": {
        "type": "Point",
        "coordinates": [
          -75.111847,
          38.472115
        ]
      },
      "properties": {
        "name": "Royal Farms 263",
        "address": "36437 Lighthouse Rd, Selbyville, DE, 19975",
        "categories": [
          "corner-store"
        ],
        "sources": [
          "snap-retailers"
        ],
        "external_ids": [
          "1315889"
        ],
        "contributor_count": 1
      }
    },
    {
      "type": "Feature",
      "geometry": {
        "type": "Point",
        "coordinates": [
          -75.104332,
          38.472603
        ]
      },
      "properties": {
        "name": "Fenwick Island Goose Creek 16",
        "address": "36656 Lighthouse Rd, Selbyville, DE, 19975",
        "categories": [
          "corner-store"
        ],
        "sources": [
          "snap-retailers"
        ],
        "external_ids": [
          "1007484"
        ],
        "contributor_count": 1
      }
    },
    {
      "type": "Feature",
      "geometry": {
        "type": "Point",
        "coordinates": [
          -75.104469,
          38.473595
        ]
      },
      "properties": {
        "name": "Walgreens 11136",
        "address": "37088 W Fenwick Blvd, Selbyville, DE, 19975",
        "categories": [
          "other"
        ],
        "sources": [
          "snap-retailers"
        ],
        "external_ids": [
          "898109"
        ],
        "contributor_count": 1
      }
    },
    {
      "type": "Feature",
      "geometry": {
        "type": "Point",
        "coordinates": [
          -75.106216,
          38.473827
        ]
      },
      "properties": {
        "name": "Food Lion 2123",
        "address": "37468 Lion Dr, Selbyville, DE, 19975",
        "categories": [
          "supermarket"
        ],
        "sources": [
          "snap-retailers"
        ],
        "external_ids": [
          "870296"
        ],
        "contributor_count": 1
      }
    },
    {
      "type": "Feature",
      "geometry": {
        "type": "Point",
        "coordinates": [
          -75.239426,
          38.517056
        ]
      },
      "properties": {
        "name": "Dollar General 23454",
        "address": "34209 Dupont Blvd, Frankford, DE, 19945",
        "categories": [
          "other"
        ],
        "sources": [
          "snap-retailers"
        ],
        "external_ids": [
          "1579425"
        ],
        "contributor_count": 1
      }
    },
    {
      "type": "Feature",
      "geometry": {
        "type": "Point",
        "coordinates": [
          -75.055428,
          38.522587
        ]
      },
      "properties": {
        "name": "Dollar General 4329",
        "address": "33266 Coastal Hwy, Bethany Beach, DE, 19930",
        "categories": [
          "other"
        ],
        "sources": [
          "snap-retailers"
        ],
        "external_ids": [
          "760313"
        ],
        "contributor_count": 1
      }
    },
    {
      "type": "Feature",
      "geometry": {
        "type": "Point",
        "coordinates": [
          -75.056648,
          38.528927
        ]
      },
      "properties": {
        "name": "CVS 4710",
        "address": "39820 Hickman Plaza Rd, Bethany Beach, DE, 19930",
        "categories": [
          "other"
        ],
        "sources": [
          "snap-retailers"
        ],
        "external_ids": [
          "961308"
        ],
        "contributor_count": 1
      }
    },
    {
      "type": "Feature",
      "geometry": {
        "type": "Point",
        "coordinates": [
          -75.22052,
          38.540104
        ]
      },
      "properties": {
        "name": "Parsons Farms Produce",
        "address": "30381 Armory Rd, Dagsboro, DE, 19939",
        "categories": [
          "other"
        ],
        "sources": [
          "snap-retailers"
        ],
        "external_ids": [
          "1364237"
        ],
        "contributor_count": 1
      }
    },
    {
      "type": "Feature",
      "geometry": {
        "type": "Point",
        "coordinates": [
          -75.070648,
          38.540234
        ]
      },
      "properties": {
        "name": "WAWA 836",
        "address": "774 Garfield Pkwy, Bethany Beach, DE, 19930",
        "categories": [
          "corner-store"
        ],
        "sources": [
          "snap-retailers"
        ],
        "external_ids": [
          "964087"
        ],
        "contributor_count": 1
      }
    },
    {
      "type": "Feature",
      "geometry": {
        "type": "Point",
        "coordinates": [
          -75.257729,
          38.54303
        ]
      },
      "properties": {
        "name": "Royal Farms 316",
        "address": "32335 Dupont Blvd, Dagaboro, DE, 19939",
        "categories": [
          "corner-store"
        ],
        "sources": [
          "snap-retailers"
        ],
        "external_ids": [
          "1424147"
        ],
        "contributor_count": 1
      }
    },
    {
      "type": "Feature",
      "geometry": {
        "type": "Point",
        "coordinates": [
          -75.089607,
          38.544018
        ]
      },
      "properties": {
        "name": "CVS 3902",
        "address": "54 Atlantic Ave, Ocean View, DE, 19970",
        "categories": [
          "other"
        ],
        "sources": [
          "snap-retailers"
        ],
        "external_ids": [
          "1102554"
        ],
        "contributor_count": 1
      }
    },
    {
      "type": "Feature",
      "geometry": {
        "type": "Point",
        "coordinates": [
          -75.090477,
          38.544212
        ]
      },
      "properties": {
        "name": "Royal Farms 176",
        "address": "58 Atlantic Ave, Ocean View, DE, 19970",
        "categories": [
          "corner-store"
        ],
        "sources": [
          "snap-retailers"
        ],
        "external_ids": [
          "1154525"
        ],
        "contributor_count": 1
      }
    },
    {
      "type": "Feature",
      "geometry": {
        "type": "Point",
        "coordinates": [
          -75.108467,
          38.545464
        ]
      },
      "properties": {
        "name": "SUPER GIANT 389",
        "address": "38069 Town Center Dr, Millville, DE, 19967",
        "categories": [
          "supermarket"
        ],
        "sources": [
          "snap-retailers"
        ],
        "external_ids": [
          "785316"
        ],
        "contributor_count": 1
      }
    },
    {
      "type": "Feature",
      "geometry": {
        "type": "Point",
        "coordinates": [
          -75.553696,
          38.545986
        ]
      },
      "properties": {
        "name": "Castros Meat Market",
        "address": "11290 Trussum Pond Rd, Laurel, DE, 19956",
        "categories": [
          "specialty-grocer"
        ],
        "sources": [
          "snap-retailers"
        ],
        "external_ids": [
          "1549503"
        ],
        "contributor_count": 1
      }
    },
    {
      "type": "Feature",
      "geometry": {
        "type": "Point",
        "coordinates": [
          -75.553696,
          38.545986
        ]
      },
      "properties": {
        "name": "The Shanty Seafood",
        "address": "11290 Trussum Pond Rd, Laurel, DE, 19956",
        "categories": [
          "specialty-grocer"
        ],
        "sources": [
          "snap-retailers"
        ],
        "external_ids": [
          "1439422"
        ],
        "contributor_count": 1
      }
    },
    {
      "type": "Feature",
      "geometry": {
        "type": "Point",
        "coordinates": [
          -75.261055,
          38.54644
        ]
      },
      "properties": {
        "name": "Dollar General 11721",
        "address": "32181 Dupont Blvd, Dagsboro, DE, 19939",
        "categories": [
          "other"
        ],
        "sources": [
          "snap-retailers"
        ],
        "external_ids": [
          "900552"
        ],
        "contributor_count": 1
      }
    },
    {
      "type": "Feature",
      "geometry": {
        "type": "Point",
        "coordinates": [
          -75.569489,
          38.547878
        ]
      },
      "properties": {
        "name": "Family Dollar 1015",
        "address": "1118 S Central Ave, Laurel, DE, 19956",
        "categories": [
          "other"
        ],
        "sources": [
          "snap-retailers"
        ],
        "external_ids": [
          "898850"
        ],
        "contributor_count": 1
      }
    },
    {
      "type": "Feature",
      "geometry": {
        "type": "Point",
        "coordinates": [
          -75.108025,
          38.548302
        ]
      },
      "properties": {
        "name": "Weis Markets 273",
        "address": "36731 Old Mill Rd, Millville, DE, 19967",
        "categories": [
          "supermarket"
        ],
        "sources": [
          "snap-retailers"
        ],
        "external_ids": [
          "1261005"
        ],
        "contributor_count": 1
      }
    },
    {
      "type": "Feature",
      "geometry": {
        "type": "Point",
        "coordinates": [
          -75.411591,
          38.54929
        ]
      },
      "properties": {
        "name": "Pine Acre Farm",
        "address": "32004 Curley Dr, Millsboro, DE, 19966",
        "categories": [
          "specialty-grocer"
        ],
        "sources": [
          "snap-retailers"
        ],
        "external_ids": [
          "1648085"
        ],
        "contributor_count": 1
      }
    },
    {
      "type": "Feature",
      "geometry": {
        "type": "Point",
        "coordinates": [
          -75.122955,
          38.549473
        ]
      },
      "properties": {
        "name": "DOLLAR GENERAL 13233",
        "address": "35188 Atlantic Ave, Millville, DE, 19967",
        "categories": [
          "other"
        ],
        "sources": [
          "snap-retailers"
        ],
        "external_ids": [
          "1079913"
        ],
        "contributor_count": 1
      }
    },
    {
      "type": "Feature",
      "geometry": {
        "type": "Point",
        "coordinates": [
          -75.130951,
          38.550793
        ]
      },
      "properties": {
        "name": "Walgreens 11044",
        "address": "34960 Atlantic Ave, Ocean View, DE, 19970",
        "categories": [
          "other"
        ],
        "sources": [
          "snap-retailers"
        ],
        "external_ids": [
          "876239"
        ],
        "contributor_count": 1
      }
    },
    {
      "type": "Feature",
      "geometry": {
        "type": "Point",
        "coordinates": [
          -75.130867,
          38.550804
        ]
      },
      "properties": {
        "name": "HOCKER'S SUPERTHRIFT",
        "address": "34960 Atlantic Ave, Ocean View, DE, 19970",
        "categories": [
          "supermarket"
        ],
        "sources": [
          "snap-retailers"
        ],
        "external_ids": [
          "334463"
        ],
        "contributor_count": 1
      }
    },
    {
      "type": "Feature",
      "geometry": {
        "type": "Point",
        "coordinates": [
          -75.22123,
          38.552364
        ]
      },
      "properties": {
        "name": "Highs Of Baltimore LLC 163",
        "address": "30273 Vines Creek Rd, Dagsboro, DE, 19939",
        "categories": [
          "corner-store"
        ],
        "sources": [
          "snap-retailers"
        ],
        "external_ids": [
          "1528058"
        ],
        "contributor_count": 1
      }
    },
    {
      "type": "Feature",
      "geometry": {
        "type": "Point",
        "coordinates": [
          -75.247688,
          38.55275
        ]
      },
      "properties": {
        "name": "Anon Stop #2 ",
        "address": "33306 Main St, Dagsboro, DE, 19939",
        "categories": [
          "corner-store"
        ],
        "sources": [
          "snap-retailers"
        ],
        "external_ids": [
          "1514909"
        ],
        "contributor_count": 1
      }
    },
    {
      "type": "Feature",
      "geometry": {
        "type": "Point",
        "coordinates": [
          -75.556107,
          38.554588
        ]
      },
      "properties": {
        "name": "Royals Farms 171",
        "address": "30983 Sussex Hwy, Laurel, DE, 19956",
        "categories": [
          "corner-store"
        ],
        "sources": [
          "snap-retailers"
        ],
        "external_ids": [
          "1221864"
        ],
        "contributor_count": 1
      }
    },
    {
      "type": "Feature",
      "geometry": {
        "type": "Point",
        "coordinates": [
          -75.574715,
          38.556644
        ]
      },
      "properties": {
        "name": "First Stop Inc",
        "address": "114 West St, Laurel, DE, 19956",
        "categories": [
          "corner-store"
        ],
        "sources": [
          "snap-retailers"
        ],
        "external_ids": [
          "497212"
        ],
        "contributor_count": 1
      }
    },
    {
      "type": "Feature",
      "geometry": {
        "type": "Point",
        "coordinates": [
          -75.571899,
          38.559551
        ]
      },
      "properties": {
        "name": "Dodo Market 426",
        "address": "309B N Central Ave, Laurel, DE, 19956",
        "categories": [
          "grocery-store"
        ],
        "sources": [
          "snap-retailers"
        ],
        "external_ids": [
          "1154194"
        ],
        "contributor_count": 1
      }
    },
    {
      "type": "Feature",
      "geometry": {
        "type": "Point",
        "coordinates": [
          -75.265038,
          38.560368
        ]
      },
      "properties": {
        "name": "Family Butcher Shop Of Delmarva",
        "address": "27617 Dagsboro Rd, Dagsboro, DE, 19939",
        "categories": [
          "specialty-grocer"
        ],
        "sources": [
          "snap-retailers"
        ],
        "external_ids": [
          "385278"
        ],
        "contributor_count": 1
      }
    },
    {
      "type": "Feature",
      "geometry": {
        "type": "Point",
        "coordinates": [
          -75.571548,
          38.560745
        ]
      },
      "properties": {
        "name": "Laurel C Store Llc",
        "address": "405 Central Ave, Laurel, DE, 19956",
        "categories": [
          "corner-store"
        ],
        "sources": [
          "snap-retailers"
        ],
        "external_ids": [
          "1653010"
        ],
        "contributor_count": 1
      }
    },
    {
      "type": "Feature",
      "geometry": {
        "type": "Point",
        "coordinates": [
          -75.570969,
          38.56348
        ]
      },
      "properties": {
        "name": "Tienda La Hispanita 2",
        "address": "430 N Central Ave, Laurel, DE, 19956",
        "categories": [
          "grocery-store"
        ],
        "sources": [
          "snap-retailers"
        ],
        "external_ids": [
          "1649035"
        ],
        "contributor_count": 1
      }
    },
    {
      "type": "Feature",
      "geometry": {
        "type": "Point",
        "coordinates": [
          -75.563141,
          38.569759
        ]
      },
      "properties": {
        "name": "Royal Farms 114",
        "address": "10722 Georgetown Rd, Laurel, DE, 19956",
        "categories": [
          "corner-store"
        ],
        "sources": [
          "snap-retailers"
        ],
        "external_ids": [
          "985060"
        ],
        "contributor_count": 1
      }
    },
    {
      "type": "Feature",
      "geometry": {
        "type": "Point",
        "coordinates": [
          -75.080933,
          38.56979
        ]
      },
      "properties": {
        "name": "G & E INC",
        "address": "30244 Cedar Neck Rd, Ocean View, DE, 19970",
        "categories": [
          "supermarket"
        ],
        "sources": [
          "snap-retailers"
        ],
        "external_ids": [
          "695765"
        ],
        "contributor_count": 1
      }
    },
    {
      "type": "Feature",
      "geometry": {
        "type": "Point",
        "coordinates": [
          -75.2845,
          38.570473
        ]
      },
      "properties": {
        "name": "Weis Markets 130",
        "address": "30250 Commerce Dr, Millsboro, DE, 19966",
        "categories": [
          "supermarket"
        ],
        "sources": [
          "snap-retailers"
        ],
        "external_ids": [
          "1699935"
        ],
        "contributor_count": 1
      }
    },
    {
      "type": "Feature",
      "geometry": {
        "type": "Point",
        "coordinates": [
          -75.285431,
          38.571709
        ]
      },
      "properties": {
        "name": "Royal Farms 295",
        "address": "30217 Commerce Dr, Millsboro, DE, 19966",
        "categories": [
          "corner-store"
        ],
        "sources": [
          "snap-retailers"
        ],
        "external_ids": [
          "1320359"
        ],
        "contributor_count": 1
      }
    },
    {
      "type": "Feature",
      "geometry": {
        "type": "Point",
        "coordinates": [
          -75.289528,
          38.572189
        ]
      },
      "properties": {
        "name": "ALDI 71170",
        "address": "26676 Centerview Dr, Millsboro, DE, 19966",
        "categories": [
          "supermarket"
        ],
        "sources": [
          "snap-retailers"
        ],
        "external_ids": [
          "1537991"
        ],
        "contributor_count": 1
      }
    },
    {
      "type": "Feature",
      "geometry": {
        "type": "Point",
        "coordinates": [
          -75.289063,
          38.572472
        ]
      },
      "properties": {
        "name": "B Js Wholesale Club 197",
        "address": "26676 Centerview Dr, Millsboro, DE, 19966",
        "categories": [
          "supermarket"
        ],
        "sources": [
          "snap-retailers"
        ],
        "external_ids": [
          "884275"
        ],
        "contributor_count": 1
      }
    },
    {
      "type": "Feature",
      "geometry": {
        "type": "Point",
        "coordinates": [
          -75.566566,
          38.573345
        ]
      },
      "properties": {
        "name": "Food Lion 1458",
        "address": "30214 Sussex Hwy, Laurel, DE, 19956",
        "categories": [
          "supermarket"
        ],
        "sources": [
          "snap-retailers"
        ],
        "external_ids": [
          "298996"
        ],
        "contributor_count": 1
      }
    },
    {
      "type": "Feature",
      "geometry": {
        "type": "Point",
        "coordinates": [
          -75.564827,
          38.573509
        ]
      },
      "properties": {
        "name": "Family Dollar 3458",
        "address": "30214 Sussex Hwy, Laurel, DE, 19956",
        "categories": [
          "other"
        ],
        "sources": [
          "snap-retailers"
        ],
        "external_ids": [
          "898861"
        ],
        "contributor_count": 1
      }
    },
    {
      "type": "Feature",
      "geometry": {
        "type": "Point",
        "coordinates": [
          -75.565559,
          38.574692
        ]
      },
      "properties": {
        "name": "Dollar General 8615",
        "address": "30188 Sussex Hwy, Laurel, DE, 19956",
        "categories": [
          "other"
        ],
        "sources": [
          "snap-retailers"
        ],
        "external_ids": [
          "737956"
        ],
        "contributor_count": 1
      }
    },
    {
      "type": "Feature",
      "geometry": {
        "type": "Point",
        "coordinates": [
          -75.56604,
          38.575462
        ]
      },
      "properties": {
        "name": "Walgreens 11016",
        "address": "30182 Sussex Hwy, Laurel, DE, 19956",
        "categories": [
          "other"
        ],
        "sources": [
          "snap-retailers"
        ],
        "external_ids": [
          "876205"
        ],
        "contributor_count": 1
      }
    },
    {
      "type": "Feature",
      "geometry": {
        "type": "Point",
        "coordinates": [
          -75.289421,
          38.576389
        ]
      },
      "properties": {
        "name": "Dollar Tree 4490",
        "address": "28632 Dupont Blvd, Millsboro, DE, 19966",
        "categories": [
          "other"
        ],
        "sources": [
          "snap-retailers"
        ],
        "external_ids": [
          "978362"
        ],
        "contributor_count": 1
      }
    },
    {
      "type": "Feature",
      "geometry": {
        "type": "Point",
        "coordinates": [
          -75.293549,
          38.581463
        ]
      },
      "properties": {
        "name": "Food Lion 875",
        "address": "28544 Dupont Blvd, Millsboro, DE, 19966",
        "categories": [
          "supermarket"
        ],
        "sources": [
          "snap-retailers"
        ],
        "external_ids": [
          "460334"
        ],
        "contributor_count": 1
      }
    },
    {
      "type": "Feature",
      "geometry": {
        "type": "Point",
        "coordinates": [
          -75.291901,
          38.582897
        ]
      },
      "properties": {
        "name": "Family Dollar 1399",
        "address": "28541 Dupont Blvd, Millsboro, DE, 19966",
        "categories": [
          "other"
        ],
        "sources": [
          "snap-retailers"
        ],
        "external_ids": [
          "898854"
        ],
        "contributor_count": 1
      }
    },
    {
      "type": "Feature",
      "geometry": {
        "type": "Point",
        "coordinates": [
          -75.295151,
          38.584274
        ]
      },
      "properties": {
        "name": "Walgreens 11026",
        "address": "28516 Dupont Blvd, Millsboro, DE, 19966",
        "categories": [
          "other"
        ],
        "sources": [
          "snap-retailers"
        ],
        "external_ids": [
          "864344"
        ],
        "contributor_count": 1
      }
    },
    {
      "type": "Feature",
      "geometry": {
        "type": "Point",
        "coordinates": [
          -75.29525,
          38.585278
        ]
      },
      "properties": {
        "name": "Wawa Food Market 837",
        "address": "102 E Dupont Hwy, Millsboro, DE, 19966",
        "categories": [
          "corner-store"
        ],
        "sources": [
          "snap-retailers"
        ],
        "external_ids": [
          "908867"
        ],
        "contributor_count": 1
      }
    },
    {
      "type": "Feature",
      "geometry": {
        "type": "Point",
        "coordinates": [
          -75.291763,
          38.5886
        ]
      },
      "properties": {
        "name": "Anon Stop #1 ",
        "address": "222 Railroad Ave, Millsboro, DE, 19966",
        "categories": [
          "corner-store"
        ],
        "sources": [
          "snap-retailers"
        ],
        "external_ids": [
          "1515230"
        ],
        "contributor_count": 1
      }
    },
    {
      "type": "Feature",
      "geometry": {
        "type": "Point",
        "coordinates": [
          -75.291702,
          38.590748
        ]
      },
      "properties": {
        "name": "Dollar General 0387",
        "address": "204 Main St, Millsboro, DE, 19966",
        "categories": [
          "other"
        ],
        "sources": [
          "snap-retailers"
        ],
        "external_ids": [
          "738363"
        ],
        "contributor_count": 1
      }
    },
    {
      "type": "Feature",
      "geometry": {
        "type": "Point",
        "coordinates": [
          -75.199898,
          38.612881
        ]
      },
      "properties": {
        "name": "La Guadalupana Mexican Store",
        "address": "31507 Oak Orchard Rd Unit 5, Millsboro, DE, 19966",
        "categories": [
          "grocery-store"
        ],
        "sources": [
          "snap-retailers"
        ],
        "external_ids": [
          "1276849"
        ],
        "contributor_count": 1
      }
    },
    {
      "type": "Feature",
      "geometry": {
        "type": "Point",
        "coordinates": [
          -75.202629,
          38.614262
        ]
      },
      "properties": {
        "name": "Royal Farms 123",
        "address": "26672 John J Williams Hwy, Millsboro, DE, 19966",
        "categories": [
          "corner-store"
        ],
        "sources": [
          "snap-retailers"
        ],
        "external_ids": [
          "899320"
        ],
        "contributor_count": 1
      }
    },
    {
      "type": "Feature",
      "geometry": {
        "type": "Point",
        "coordinates": [
          -75.134926,
          38.62191
        ]
      },
      "properties": {
        "name": "Your Neighborhood Store",
        "address": "34792 Long Neck Rd, Millsboro, DE, 19966",
        "categories": [
          "corner-store"
        ],
        "sources": [
          "snap-retailers"
        ],
        "external_ids": [
          "1201193"
        ],
        "contributor_count": 1
      }
    },
    {
      "type": "Feature",
      "geometry": {
        "type": "Point",
        "coordinates": [
          -75.194679,
          38.62521
        ]
      },
      "properties": {
        "name": "Harris Teeter 336",
        "address": "26370 Bay Farm Rd, Millsboro, DE, 19966",
        "categories": [
          "supermarket"
        ],
        "sources": [
          "snap-retailers"
        ],
        "external_ids": [
          "850951"
        ],
        "contributor_count": 1
      }
    },
    {
      "type": "Feature",
      "geometry": {
        "type": "Point",
        "coordinates": [
          -75.195892,
          38.626175
        ]
      },
      "properties": {
        "name": "Walgreens 11031",
        "address": "26191 John J Williams Hwy, Millsboro, DE, 19966",
        "categories": [
          "other"
        ],
        "sources": [
          "snap-retailers"
        ],
        "external_ids": [
          "872179"
        ],
        "contributor_count": 1
      }
    },
    {
      "type": "Feature",
      "geometry": {
        "type": "Point",
        "coordinates": [
          -75.165192,
          38.628407
        ]
      },
      "properties": {
        "name": "Muzzi's Farms",
        "address": "32861 Long Neck Rd, Millsboro, DE, 19966",
        "categories": [
          "other"
        ],
        "sources": [
          "snap-retailers"
        ],
        "external_ids": [
          "1273832"
        ],
        "contributor_count": 1
      }
    },
    {
      "type": "Feature",
      "geometry": {
        "type": "Point",
        "coordinates": [
          -75.609245,
          38.628803
        ]
      },
      "properties": {
        "name": "Dollar General 14461",
        "address": "1015 S Market St, Blades, DE, 19973",
        "categories": [
          "other"
        ],
        "sources": [
          "snap-retailers"
        ],
        "external_ids": [
          "1118141"
        ],
        "contributor_count": 1
      }
    },
    {
      "type": "Feature",
      "geometry": {
        "type": "Point",
        "coordinates": [
          -75.195572,
          38.630402
        ]
      },
      "properties": {
        "name": "Dollar General 4938",
        "address": "26012 John J Williams Hwy, Millsboro, DE, 19966",
        "categories": [
          "other"
        ],
        "sources": [
          "snap-retailers"
        ],
        "external_ids": [
          "738378"
        ],
        "contributor_count": 1
      }
    },
    {
      "type": "Feature",
      "geometry": {
        "type": "Point",
        "coordinates": [
          -75.195396,
          38.630699
        ]
      },
      "properties": {
        "name": "SUPER GIANT 2351",
        "address": "25939 John J Williams Hwy, Long Neck, DE, 19966",
        "categories": [
          "supermarket"
        ],
        "sources": [
          "snap-retailers"
        ],
        "external_ids": [
          "849673"
        ],
        "contributor_count": 1
      }
    },
    {
      "type": "Feature",
      "geometry": {
        "type": "Point",
        "coordinates": [
          -75.194107,
          38.631557
        ]
      },
      "properties": {
        "name": "Dollar Tree 5199",
        "address": "25935 Plaza Dr, Millsboro, DE, 19966",
        "categories": [
          "other"
        ],
        "sources": [
          "snap-retailers"
        ],
        "external_ids": [
          "1164820"
        ],
        "contributor_count": 1
      }
    },
    {
      "type": "Feature",
      "geometry": {
        "type": "Point",
        "coordinates": [
          -75.180832,
          38.632198
        ]
      },
      "properties": {
        "name": "Shore Stop 295",
        "address": "32369 Long Neck Rd, Millsboro, DE, 19966",
        "categories": [
          "corner-store"
        ],
        "sources": [
          "snap-retailers"
        ],
        "external_ids": [
          "894367"
        ],
        "contributor_count": 1
      }
    },
    {
      "type": "Feature",
      "geometry": {
        "type": "Point",
        "coordinates": [
          -75.194603,
          38.633991
        ]
      },
      "properties": {
        "name": "Wawa 865",
        "address": "24930 John J Williams Hwy, Millsboro, DE, 19966",
        "categories": [
          "corner-store"
        ],
        "sources": [
          "snap-retailers"
        ],
        "external_ids": [
          "1207579"
        ],
        "contributor_count": 1
      }
    },
    {
      "type": "Feature",
      "geometry": {
        "type": "Point",
        "coordinates": [
          -75.610008,
          38.635818
        ]
      },
      "properties": {
        "name": "Abi Super Market Llc 002",
        "address": "38 S Market St, Seaford, DE, 19973",
        "categories": [
          "grocery-store"
        ],
        "sources": [
          "snap-retailers"
        ],
        "external_ids": [
          "1558870"
        ],
        "contributor_count": 1
      }
    },
    {
      "type": "Feature",
      "geometry": {
        "type": "Point",
        "coordinates": [
          -75.194336,
          38.636086
        ]
      },
      "properties": {
        "name": "Pep-Up Gas Station 24858",
        "address": "24858 John J Williams Hwy, Millsboro, DE, 19966",
        "categories": [
          "corner-store"
        ],
        "sources": [
          "snap-retailers"
        ],
        "external_ids": [
          "950850"
        ],
        "contributor_count": 1
      }
    },
    {
      "type": "Feature",
      "geometry": {
        "type": "Point",
        "coordinates": [
          -75.193146,
          38.636147
        ]
      },
      "properties": {
        "name": "Anon Stop 4",
        "address": "24851 John J Williams Hwy, Millsboro, DE, 19966",
        "categories": [
          "corner-store"
        ],
        "sources": [
          "snap-retailers"
        ],
        "external_ids": [
          "1590993"
        ],
        "contributor_count": 1
      }
    },
    {
      "type": "Feature",
      "geometry": {
        "type": "Point",
        "coordinates": [
          -75.193817,
          38.636971
        ]
      },
      "properties": {
        "name": "Weis Markets 272",
        "address": "24832 John J Williams Hwy, Millsboro, DE, 19966",
        "categories": [
          "supermarket"
        ],
        "sources": [
          "snap-retailers"
        ],
        "external_ids": [
          "1261004"
        ],
        "contributor_count": 1
      }
    },
    {
      "type": "Feature",
      "geometry": {
        "type": "Point",
        "coordinates": [
          -75.594292,
          38.639877
        ]
      },
      "properties": {
        "name": "Royal Farms 125",
        "address": "8800 Concord Rd, Seaford, DE, 19973",
        "categories": [
          "corner-store"
        ],
        "sources": [
          "snap-retailers"
        ],
        "external_ids": [
          "1011762"
        ],
        "contributor_count": 1
      }
    },
    {
      "type": "Feature",
      "geometry": {
        "type": "Point",
        "coordinates": [
          -75.614075,
          38.639915
        ]
      },
      "properties": {
        "name": "Tienda La Bonita",
        "address": "117 High St, Seaford, DE, 19973",
        "categories": [
          "grocery-store"
        ],
        "sources": [
          "snap-retailers"
        ],
        "external_ids": [
          "1624985"
        ],
        "contributor_count": 1
      }
    },
    {
      "type": "Feature",
      "geometry": {
        "type": "Point",
        "coordinates": [
          -75.613258,
          38.64072
        ]
      },
      "properties": {
        "name": "El Dominicano Market",
        "address": "206 High St, Seaford, DE, 19973",
        "categories": [
          "grocery-store"
        ],
        "sources": [
          "snap-retailers"
        ],
        "external_ids": [
          "468631"
        ],
        "contributor_count": 1
      }
    },
    {
      "type": "Feature",
      "geometry": {
        "type": "Point",
        "coordinates": [
          -75.609406,
          38.642124
        ]
      },
      "properties": {
        "name": "Royal Farms 38",
        "address": "500 High St, Seaford, DE, 19973",
        "categories": [
          "corner-store"
        ],
        "sources": [
          "snap-retailers"
        ],
        "external_ids": [
          "414471"
        ],
        "contributor_count": 1
      }
    },
    {
      "type": "Feature",
      "geometry": {
        "type": "Point",
        "coordinates": [
          -75.620834,
          38.645508
        ]
      },
      "properties": {
        "name": "Ebenezer Super Market Llc",
        "address": "606 N Porter St, Seaford, DE, 19973",
        "categories": [
          "grocery-store"
        ],
        "sources": [
          "snap-retailers"
        ],
        "external_ids": [
          "1559643"
        ],
        "contributor_count": 1
      }
    },
    {
      "type": "Feature",
      "geometry": {
        "type": "Point",
        "coordinates": [
          -75.632767,
          38.645527
        ]
      },
      "properties": {
        "name": "Dollar Tree 9015",
        "address": "1022 W Stein Hwy, Seaford, DE, 19973",
        "categories": [
          "other"
        ],
        "sources": [
          "snap-retailers"
        ],
        "external_ids": [
          "1486674"
        ],
        "contributor_count": 1
      }
    },
    {
      "type": "Feature",
      "geometry": {
        "type": "Point",
        "coordinates": [
          -75.59729,
          38.645893
        ]
      },
      "properties": {
        "name": "Papayo Market",
        "address": "1401 Middleford Rd, Seaford, DE, 19973",
        "categories": [
          "grocery-store"
        ],
        "sources": [
          "snap-retailers"
        ],
        "external_ids": [
          "1300863"
        ],
        "contributor_count": 1
      }
    },
    {
      "type": "Feature",
      "geometry": {
        "type": "Point",
        "coordinates": [
          -75.626541,
          38.645954
        ]
      },
      "properties": {
        "name": "BP Seaford",
        "address": "701 W Stein Hwy, Seaford, DE, 19973",
        "categories": [
          "corner-store"
        ],
        "sources": [
          "snap-retailers"
        ],
        "external_ids": [
          "1040772"
        ],
        "contributor_count": 1
      }
    },
    {
      "type": "Feature",
      "geometry": {
        "type": "Point",
        "coordinates": [
          -75.625023,
          38.646179
        ]
      },
      "properties": {
        "name": "Shore Stop 250",
        "address": "522 W Stein Hwy, Seaford, DE, 19973",
        "categories": [
          "corner-store"
        ],
        "sources": [
          "snap-retailers"
        ],
        "external_ids": [
          "687000"
        ],
        "contributor_count": 1
      }
    },
    {
      "type": "Feature",
      "geometry": {
        "type": "Point",
        "coordinates": [
          -75.622543,
          38.646183
        ]
      },
      "properties": {
        "name": "FAMILY PRIDE OF DELAWARE LLC 24507",
        "address": "401 W Stein Hwy, Seaford, DE, 19973",
        "categories": [
          "supermarket"
        ],
        "sources": [
          "snap-retailers"
        ],
        "external_ids": [
          "771752"
        ],
        "contributor_count": 1
      }
    },
    {
      "type": "Feature",
      "geometry": {
        "type": "Point",
        "coordinates": [
          -75.621048,
          38.646381
        ]
      },
      "properties": {
        "name": "Dollar General 6893",
        "address": "701 N Porter St, Seaford, DE, 19973",
        "categories": [
          "other"
        ],
        "sources": [
          "snap-retailers"
        ],
        "external_ids": [
          "743278"
        ],
        "contributor_count": 1
      }
    },
    {
      "type": "Feature",
      "geometry": {
        "type": "Point",
        "coordinates": [
          -75.62619,
          38.646473
        ]
      },
      "properties": {
        "name": "La Bergerie Caribbean Market Llc",
        "address": "630 W Stein Hwy, Seaford, DE, 19973",
        "categories": [
          "corner-store"
        ],
        "sources": [
          "snap-retailers"
        ],
        "external_ids": [
          "1674889"
        ],
        "contributor_count": 1
      }
    },
    {
      "type": "Feature",
      "geometry": {
        "type": "Point",
        "coordinates": [
          -75.609795,
          38.648079
        ]
      },
      "properties": {
        "name": "Family Dollar 2081",
        "address": "535 E Stein Hwy, Seaford, DE, 19973",
        "categories": [
          "other"
        ],
        "sources": [
          "snap-retailers"
        ],
        "external_ids": [
          "898877"
        ],
        "contributor_count": 1
      }
    },
    {
      "type": "Feature",
      "geometry": {
        "type": "Point",
        "coordinates": [
          -75.608284,
          38.648792
        ]
      },
      "properties": {
        "name": "HARBOR HOUSE SEAFOOD INC",
        "address": "504 Bridgeville Hwy, Seaford, DE, 19973",
        "categories": [
          "specialty-grocer"
        ],
        "sources": [
          "snap-retailers"
        ],
        "external_ids": [
          "319666"
        ],
        "contributor_count": 1
      }
    },
    {
      "type": "Feature",
      "geometry": {
        "type": "Point",
        "coordinates": [
          -75.601639,
          38.649857
        ]
      },
      "properties": {
        "name": "La Flor Latin Store Llc",
        "address": "851 Norman Eskridge Hwy, Seaford, DE, 19973",
        "categories": [
          "corner-store"
        ],
        "sources": [
          "snap-retailers"
        ],
        "external_ids": [
          "1593934"
        ],
        "contributor_count": 1
      }
    },
    {
      "type": "Feature",
      "geometry": {
        "type": "Point",
        "coordinates": [
          -75.603401,
          38.651138
        ]
      },
      "properties": {
        "name": "Ocean State Job Lot 186",
        "address": "900 Norman Eskridge Hwy, Seaford, DE, 19973",
        "categories": [
          "other"
        ],
        "sources": [
          "snap-retailers"
        ],
        "external_ids": [
          "1652197"
        ],
        "contributor_count": 1
      }
    },
    {
      "type": "Feature",
      "geometry": {
        "type": "Point",
        "coordinates": [
          -75.593887,
          38.653996
        ]
      },
      "properties": {
        "name": "7-Eleven 41578",
        "address": "23463 Sussex Hwy, Seaford, DE, 19973",
        "categories": [
          "corner-store"
        ],
        "sources": [
          "snap-retailers"
        ],
        "external_ids": [
          "1656699"
        ],
        "contributor_count": 1
      }
    },
    {
      "type": "Feature",
      "geometry": {
        "type": "Point",
        "coordinates": [
          -75.593552,
          38.65704
        ]
      },
      "properties": {
        "name": "Dollar Tree 762",
        "address": "23395 Sussex Hwy, Seaford, DE, 19973",
        "categories": [
          "other"
        ],
        "sources": [
          "snap-retailers"
        ],
        "external_ids": [
          "1216018"
        ],
        "contributor_count": 1
      }
    },
    {
      "type": "Feature",
      "geometry": {
        "type": "Point",
        "coordinates": [
          -75.593987,
          38.658569
        ]
      },
      "properties": {
        "name": "Wawa 874",
        "address": "22929 Sussex Hwy, Seaford, DE, 19973",
        "categories": [
          "corner-store"
        ],
        "sources": [
          "snap-retailers"
        ],
        "external_ids": [
          "1475424"
        ],
        "contributor_count": 1
      }
    },
    {
      "type": "Feature",
      "geometry": {
        "type": "Point",
        "coordinates": [
          -75.594307,
          38.659233
        ]
      },
      "properties": {
        "name": "Food Lion 2224",
        "address": "22954 Sussex Hwy, Seaford, DE, 19973",
        "categories": [
          "supermarket"
        ],
        "sources": [
          "snap-retailers"
        ],
        "external_ids": [
          "351922"
        ],
        "contributor_count": 1
      }
    },
    {
      "type": "Feature",
      "geometry": {
        "type": "Point",
        "coordinates": [
          -75.596832,
          38.65929
        ]
      },
      "properties": {
        "name": "Dollar General 2422",
        "address": "22950 Sussex Hwy, Seaford, DE, 19973",
        "categories": [
          "other"
        ],
        "sources": [
          "snap-retailers"
        ],
        "external_ids": [
          "738368"
        ],
        "contributor_count": 1
      }
    },
    {
      "type": "Feature",
      "geometry": {
        "type": "Point",
        "coordinates": [
          -75.590408,
          38.661053
        ]
      },
      "properties": {
        "name": "Walmart Supercenter 2460",
        "address": "22899 Sussex Hwy, Seaford, DE, 19973",
        "categories": [
          "supermarket"
        ],
        "sources": [
          "snap-retailers"
        ],
        "external_ids": [
          "455350"
        ],
        "contributor_count": 1
      }
    },
    {
      "type": "Feature",
      "geometry": {
        "type": "Point",
        "coordinates": [
          -75.594681,
          38.661484
        ]
      },
      "properties": {
        "name": "Walgreens 11621",
        "address": "22898 Sussex Hwy, Seaford, DE, 19973",
        "categories": [
          "other"
        ],
        "sources": [
          "snap-retailers"
        ],
        "external_ids": [
          "876272"
        ],
        "contributor_count": 1
      }
    },
    {
      "type": "Feature",
      "geometry": {
        "type": "Point",
        "coordinates": [
          -75.568306,
          38.665497
        ]
      },
      "properties": {
        "name": "Middleford Deli",
        "address": "10056 Middleford Rd, Seaford, DE, 19973",
        "categories": [
          "corner-store"
        ],
        "sources": [
          "snap-retailers"
        ],
        "external_ids": [
          "1386364"
        ],
        "contributor_count": 1
      }
    },
    {
      "type": "Feature",
      "geometry": {
        "type": "Point",
        "coordinates": [
          -75.384415,
          38.67112
        ]
      },
      "properties": {
        "name": "Royal Farms 219",
        "address": "21092 Arrow Safety Rd, Georgetown, DE, 19947",
        "categories": [
          "corner-store"
        ],
        "sources": [
          "snap-retailers"
        ],
        "external_ids": [
          "1573606"
        ],
        "contributor_count": 1
      }
    },
    {
      "type": "Feature",
      "geometry": {
        "type": "Point",
        "coordinates": [
          -75.396751,
          38.680401
        ]
      },
      "properties": {
        "name": "Dollar General 4860",
        "address": "22 Georgetown Plz, Georgetown, DE, 19947",
        "categories": [
          "other"
        ],
        "sources": [
          "snap-retailers"
        ],
        "external_ids": [
          "738369"
        ],
        "contributor_count": 1
      }
    },
    {
      "type": "Feature",
      "geometry": {
        "type": "Point",
        "coordinates": [
          -75.396637,
          38.681992
        ]
      },
      "properties": {
        "name": "Country Corners Market 12",
        "address": "22168 Dupont Blvd, Georgetown, DE, 19947",
        "categories": [
          "corner-store"
        ],
        "sources": [
          "snap-retailers"
        ],
        "external_ids": [
          "1327226"
        ],
        "contributor_count": 1
      }
    },
    {
      "type": "Feature",
      "geometry": {
        "type": "Point",
        "coordinates": [
          -75.383942,
          38.689144
        ]
      },
      "properties": {
        "name": "Georgetown Delux",
        "address": "105 S Bedford St, Georgetown, DE, 19947",
        "categories": [
          "corner-store"
        ],
        "sources": [
          "snap-retailers"
        ],
        "external_ids": [
          "1553826"
        ],
        "contributor_count": 1
      }
    },
    {
      "type": "Feature",
      "geometry": {
        "type": "Point",
        "coordinates": [
          -75.398483,
          38.689518
        ]
      },
      "properties": {
        "name": "Wawa Store 884",
        "address": "20938 Dupont Blvd, Georgetown, DE, 19947",
        "categories": [
          "corner-store"
        ],
        "sources": [
          "snap-retailers"
        ],
        "external_ids": [
          "1550737"
        ],
        "contributor_count": 1
      }
    },
    {
      "type": "Feature",
      "geometry": {
        "type": "Point",
        "coordinates": [
          -75.384956,
          38.6922
        ]
      },
      "properties": {
        "name": "El Mercado Market",
        "address": "15 Layton Ave, Georgetown, DE, 19947",
        "categories": [
          "supermarket"
        ],
        "sources": [
          "snap-retailers"
        ],
        "external_ids": [
          "858681"
        ],
        "contributor_count": 1
      }
    },
    {
      "type": "Feature",
      "geometry": {
        "type": "Point",
        "coordinates": [
          -75.383385,
          38.693485
        ]
      },
      "properties": {
        "name": "Super Tienda Xela",
        "address": "206 E Laurel St, Georgetown, DE, 19947",
        "categories": [
          "grocery-store"
        ],
        "sources": [
          "snap-retailers"
        ],
        "external_ids": [
          "1525580"
        ],
        "contributor_count": 1
      }
    },
    {
      "type": "Feature",
      "geometry": {
        "type": "Point",
        "coordinates": [
          -75.378716,
          38.694847
        ]
      },
      "properties": {
        "name": "Calderon Market Llc 3028648288",
        "address": "432 E Market St, Georgetown, DE, 19947",
        "categories": [
          "corner-store"
        ],
        "sources": [
          "snap-retailers"
        ],
        "external_ids": [
          "1430398"
        ],
        "contributor_count": 1
      }
    },
    {
      "type": "Feature",
      "geometry": {
        "type": "Point",
        "coordinates": [
          -75.378777,
          38.69521
        ]
      },
      "properties": {
        "name": "Vishal Llc",
        "address": "436 E Market St, Georgetown, DE, 19947",
        "categories": [
          "corner-store"
        ],
        "sources": [
          "snap-retailers"
        ],
        "external_ids": [
          "1443241"
        ],
        "contributor_count": 1
      }
    },
    {
      "type": "Feature",
      "geometry": {
        "type": "Point",
        "coordinates": [
          -75.379089,
          38.695354
        ]
      },
      "properties": {
        "name": "Dollar General 0588",
        "address": "432 E Market St, Georgetown, DE, 19947",
        "categories": [
          "other"
        ],
        "sources": [
          "snap-retailers"
        ],
        "external_ids": [
          "777177"
        ],
        "contributor_count": 1
      }
    },
    {
      "type": "Feature",
      "geometry": {
        "type": "Point",
        "coordinates": [
          -75.078453,
          38.699409
        ]
      },
      "properties": {
        "name": "Grocery Outlet 742",
        "address": "4493 Highway One, Rehoboth Beach, DE, 19971",
        "categories": [
          "supermarket"
        ],
        "sources": [
          "snap-retailers"
        ],
        "external_ids": [
          "1589091"
        ],
        "contributor_count": 1
      }
    },
    {
      "type": "Feature",
      "geometry": {
        "type": "Point",
        "coordinates": [
          -75.170006,
          38.699528
        ]
      },
      "properties": {
        "name": "The General Store",
        "address": "20750 John J Williams Hwy, Lewes, DE, 19958",
        "categories": [
          "corner-store"
        ],
        "sources": [
          "snap-retailers"
        ],
        "external_ids": [
          "1400473"
        ],
        "contributor_count": 1
      }
    },
    {
      "type": "Feature",
      "geometry": {
        "type": "Point",
        "coordinates": [
          -75.168365,
          38.699894
        ]
      },
      "properties": {
        "name": "Shore Stop 254",
        "address": "20701 John J Williams Hwy, Lewes, DE, 19958",
        "categories": [
          "corner-store"
        ],
        "sources": [
          "snap-retailers"
        ],
        "external_ids": [
          "417760"
        ],
        "contributor_count": 1
      }
    },
    {
      "type": "Feature",
      "geometry": {
        "type": "Point",
        "coordinates": [
          -75.169243,
          38.70026
        ]
      },
      "properties": {
        "name": "Dollar General 16797",
        "address": "33263 Fairfield Rd, Lewes, DE, 19958",
        "categories": [
          "other"
        ],
        "sources": [
          "snap-retailers"
        ],
        "external_ids": [
          "1230909"
        ],
        "contributor_count": 1
      }
    },
    {
      "type": "Feature",
      "geometry": {
        "type": "Point",
        "coordinates": [
          -75.16893,
          38.700756
        ]
      },
      "properties": {
        "name": "Mi Esperanza Latin Store Llc",
        "address": "33247 Fairfield Rd, Lewes, DE, 19958",
        "categories": [
          "grocery-store"
        ],
        "sources": [
          "snap-retailers"
        ],
        "external_ids": [
          "1458477"
        ],
        "contributor_count": 1
      }
    },
    {
      "type": "Feature",
      "geometry": {
        "type": "Point",
        "coordinates": [
          -75.403358,
          38.701557
        ]
      },
      "properties": {
        "name": "Redner's Warehouse Market 418",
        "address": "515 College Park Ln, Georgetown, DE, 19947",
        "categories": [
          "supermarket"
        ],
        "sources": [
          "snap-retailers"
        ],
        "external_ids": [
          "1151166"
        ],
        "contributor_count": 1
      }
    },
    {
      "type": "Feature",
      "geometry": {
        "type": "Point",
        "coordinates": [
          -75.403175,
          38.701591
        ]
      },
      "properties": {
        "name": "Dollar Tree 1741",
        "address": "509 College Park Dr, Georgetown, DE, 19947",
        "categories": [
          "other"
        ],
        "sources": [
          "snap-retailers"
        ],
        "external_ids": [
          "1156948"
        ],
        "contributor_count": 1
      }
    },
    {
      "type": "Feature",
      "geometry": {
        "type": "Point",
        "coordinates": [
          -75.40255,
          38.701809
        ]
      },
      "properties": {
        "name": "Walgreens 11047",
        "address": "2 College Park Ln, Georgetown, DE, 19947",
        "categories": [
          "other"
        ],
        "sources": [
          "snap-retailers"
        ],
        "external_ids": [
          "828685"
        ],
        "contributor_count": 1
      }
    },
    {
      "type": "Feature",
      "geometry": {
        "type": "Point",
        "coordinates": [
          -75.082436,
          38.702194
        ]
      },
      "properties": {
        "name": "Stop & Shop",
        "address": "20880 Coastal Hwy, Rehoboth Beach, DE, 19971",
        "categories": [
          "corner-store"
        ],
        "sources": [
          "snap-retailers"
        ],
        "external_ids": [
          "1042278"
        ],
        "contributor_count": 1
      }
    },
    {
      "type": "Feature",
      "geometry": {
        "type": "Point",
        "coordinates": [
          -75.403198,
          38.702755
        ]
      },
      "properties": {
        "name": "Walmart Supercenter 2791",
        "address": "4 College Park Ln, Georgetown, DE, 19947",
        "categories": [
          "supermarket"
        ],
        "sources": [
          "snap-retailers"
        ],
        "external_ids": [
          "640369"
        ],
        "contributor_count": 1
      }
    },
    {
      "type": "Feature",
      "geometry": {
        "type": "Point",
        "coordinates": [
          -75.551689,
          38.70816
        ]
      },
      "properties": {
        "name": "M L Country Store Llc",
        "address": "10609 Seashore Hwy, Bridgeville, DE, 19933",
        "categories": [
          "grocery-store"
        ],
        "sources": [
          "snap-retailers"
        ],
        "external_ids": [
          "1350686"
        ],
        "contributor_count": 1
      }
    },
    {
      "type": "Feature",
      "geometry": {
        "type": "Point",
        "coordinates": [
          -75.105675,
          38.712681
        ]
      },
      "properties": {
        "name": "The Fresh Market 229",
        "address": "30098 Veterans Way, Rehoboth Beach, DE, 19971",
        "categories": [
          "supermarket"
        ],
        "sources": [
          "snap-retailers"
        ],
        "external_ids": [
          "1248068"
        ],
        "contributor_count": 1
      }
    },
    {
      "type": "Feature",
      "geometry": {
        "type": "Point",
        "coordinates": [
          -75.104126,
          38.712856
        ]
      },
      "properties": {
        "name": "Wawa 871",
        "address": "30155 Veterans Way, Rehoboth, DE, 19971",
        "categories": [
          "corner-store"
        ],
        "sources": [
          "snap-retailers"
        ],
        "external_ids": [
          "1246652"
        ],
        "contributor_count": 1
      }
    },
    {
      "type": "Feature",
      "geometry": {
        "type": "Point",
        "coordinates": [
          -75.09053,
          38.715439
        ]
      },
      "properties": {
        "name": "Royal Farms 37",
        "address": "427 Rehoboth Ave, Rehoboth Beach, DE, 19971",
        "categories": [
          "corner-store"
        ],
        "sources": [
          "snap-retailers"
        ],
        "external_ids": [
          "703516"
        ],
        "contributor_count": 1
      }
    },
    {
      "type": "Feature",
      "geometry": {
        "type": "Point",
        "coordinates": [
          -75.106865,
          38.715931
        ]
      },
      "properties": {
        "name": "CVS Pharmacy 3738",
        "address": "19869 Sea Blossom Blvd, Rehoboth Beach, DE, 19971",
        "categories": [
          "other"
        ],
        "sources": [
          "snap-retailers"
        ],
        "external_ids": [
          "907744"
        ],
        "contributor_count": 1
      }
    },
    {
      "type": "Feature",
      "geometry": {
        "type": "Point",
        "coordinates": [
          -75.576469,
          38.715996
        ]
      },
      "properties": {
        "name": "Evans Farms Produce",
        "address": "9843 Seashore Hwy, Bridgeville, DE, 19933",
        "categories": [
          "other"
        ],
        "sources": [
          "snap-retailers"
        ],
        "external_ids": [
          "1311411"
        ],
        "contributor_count": 1
      }
    },
    {
      "type": "Feature",
      "geometry": {
        "type": "Point",
        "coordinates": [
          -75.109589,
          38.716213
        ]
      },
      "properties": {
        "name": "Royal Farms 212",
        "address": "19791 Coastal Hwy, Rehoboth Beach, DE, 19971",
        "categories": [
          "corner-store"
        ],
        "sources": [
          "snap-retailers"
        ],
        "external_ids": [
          "1315894"
        ],
        "contributor_count": 1
      }
    },
    {
      "type": "Feature",
      "geometry": {
        "type": "Point",
        "coordinates": [
          -75.58506,
          38.719101
        ]
      },
      "properties": {
        "name": "Family Dollar 4289",
        "address": "9577 Bridgeville Ctr, Bridgeville, DE, 19933",
        "categories": [
          "other"
        ],
        "sources": [
          "snap-retailers"
        ],
        "external_ids": [
          "899143"
        ],
        "contributor_count": 1
      }
    },
    {
      "type": "Feature",
      "geometry": {
        "type": "Point",
        "coordinates": [
          -75.586441,
          38.72007
        ]
      },
      "properties": {
        "name": "Food Lion 2521",
        "address": "9537 Bridgeville Ctr, Bridgeville, DE, 19933",
        "categories": [
          "supermarket"
        ],
        "sources": [
          "snap-retailers"
        ],
        "external_ids": [
          "481233"
        ],
        "contributor_count": 1
      }
    },
    {
      "type": "Feature",
      "geometry": {
        "type": "Point",
        "coordinates": [
          -75.115959,
          38.720551
        ]
      },
      "properties": {
        "name": "ALDI 71190",
        "address": "19563 Coastal Hwy, Rehoboth Beach, DE, 19971",
        "categories": [
          "supermarket"
        ],
        "sources": [
          "snap-retailers"
        ],
        "external_ids": [
          "1476349"
        ],
        "contributor_count": 1
      }
    },
    {
      "type": "Feature",
      "geometry": {
        "type": "Point",
        "coordinates": [
          -75.120064,
          38.721478
        ]
      },
      "properties": {
        "name": "SUPER GIANT 387",
        "address": "19312 Lighthouse Plaza Blvd # 1, Rehoboth Beach, DE, 19971",
        "categories": [
          "supermarket"
        ],
        "sources": [
          "snap-retailers"
        ],
        "external_ids": [
          "330851"
        ],
        "contributor_count": 1
      }
    },
    {
      "type": "Feature",
      "geometry": {
        "type": "Point",
        "coordinates": [
          -75.589661,
          38.722378
        ]
      },
      "properties": {
        "name": "Carrollbridgeville Inc",
        "address": "18705 Sussex Hwy, Bridgeville, DE, 19933",
        "categories": [
          "corner-store"
        ],
        "sources": [
          "snap-retailers"
        ],
        "external_ids": [
          "1553042"
        ],
        "contributor_count": 1
      }
    },
    {
      "type": "Feature",
      "geometry": {
        "type": "Point",
        "coordinates": [
          -75.58931,
          38.723843
        ]
      },
      "properties": {
        "name": "Royal Farms 109",
        "address": "18657 Sussex Hwy, Bridgeville, DE, 19933",
        "categories": [
          "corner-store"
        ],
        "sources": [
          "snap-retailers"
        ],
        "external_ids": [
          "899309"
        ],
        "contributor_count": 1
      }
    },
    {
      "type": "Feature",
      "geometry": {
        "type": "Point",
        "coordinates": [
          -75.591919,
          38.723957
        ]
      },
      "properties": {
        "name": "Walgreens 13003",
        "address": "9202 Commercial Centre Dr, Bridgeville, DE, 19933",
        "categories": [
          "other"
        ],
        "sources": [
          "snap-retailers"
        ],
        "external_ids": [
          "876262"
        ],
        "contributor_count": 1
      }
    },
    {
      "type": "Feature",
      "geometry": {
        "type": "Point",
        "coordinates": [
          -75.122864,
          38.724335
        ]
      },
      "properties": {
        "name": "Walgreens 11021",
        "address": "18993 Munchy Branch Rd, Rehoboth Beach, DE, 19971",
        "categories": [
          "other"
        ],
        "sources": [
          "snap-retailers"
        ],
        "external_ids": [
          "876214"
        ],
        "contributor_count": 1
      }
    },
    {
      "type": "Feature",
      "geometry": {
        "type": "Point",
        "coordinates": [
          -75.124138,
          38.724354
        ]
      },
      "properties": {
        "name": "SAFEWAY 2706",
        "address": "19283 Coastal Hwy, Rehoboth Beach, DE, 19971",
        "categories": [
          "supermarket"
        ],
        "sources": [
          "snap-retailers"
        ],
        "external_ids": [
          "772598"
        ],
        "contributor_count": 1
      }
    },
    {
      "type": "Feature",
      "geometry": {
        "type": "Point",
        "coordinates": [
          -75.285233,
          38.724903
        ]
      },
      "properties": {
        "name": "Royal Farms 296",
        "address": "26454 Lewes Georgetown Hwy, Harbeson, DE, 19951",
        "categories": [
          "corner-store"
        ],
        "sources": [
          "snap-retailers"
        ],
        "external_ids": [
          "1373420"
        ],
        "contributor_count": 1
      }
    },
    {
      "type": "Feature",
      "geometry": {
        "type": "Point",
        "coordinates": [
          -75.590744,
          38.725025
        ]
      },
      "properties": {
        "name": "Wawa 864",
        "address": "18586 Sussex Hwy, Bridgeville, DE, 19933",
        "categories": [
          "corner-store"
        ],
        "sources": [
          "snap-retailers"
        ],
        "external_ids": [
          "1173194"
        ],
        "contributor_count": 1
      }
    },
    {
      "type": "Feature",
      "geometry": {
        "type": "Point",
        "coordinates": [
          -75.125504,
          38.725418
        ]
      },
      "properties": {
        "name": "WAWA 849",
        "address": "4500 Hwy 1, Rehobeth Beach, DE, 19971",
        "categories": [
          "corner-store"
        ],
        "sources": [
          "snap-retailers"
        ],
        "external_ids": [
          "964091"
        ],
        "contributor_count": 1
      }
    },
    {
      "type": "Feature",
      "geometry": {
        "type": "Point",
        "coordinates": [
          -75.590622,
          38.727234
        ]
      },
      "properties": {
        "name": "Dollar General 25392",
        "address": "18499 Sussex Hwy, Bridgeville, DE, 19933",
        "categories": [
          "other"
        ],
        "sources": [
          "snap-retailers"
        ],
        "external_ids": [
          "1668863"
        ],
        "contributor_count": 1
      }
    },
    {
      "type": "Feature",
      "geometry": {
        "type": "Point",
        "coordinates": [
          -75.131783,
          38.729065
        ]
      },
      "properties": {
        "name": "Walmart 2419",
        "address": "18922 Rehoboth Mall Blvd, Rehoboth Beach, DE, 19971",
        "categories": [
          "supermarket"
        ],
        "sources": [
          "snap-retailers"
        ],
        "external_ids": [
          "235135"
        ],
        "contributor_count": 1
      }
    },
    {
      "type": "Feature",
      "geometry": {
        "type": "Point",
        "coordinates": [
          -75.133553,
          38.731396
        ]
      },
      "properties": {
        "name": "Royal Farms 226",
        "address": "18904 Coastal Hwy, Rehoboth Beach, DE, 19971",
        "categories": [
          "corner-store"
        ],
        "sources": [
          "snap-retailers"
        ],
        "external_ids": [
          "1273343"
        ],
        "contributor_count": 1
      }
    },
    {
      "type": "Feature",
      "geometry": {
        "type": "Point",
        "coordinates": [
          -75.250656,
          38.73172
        ]
      },
      "properties": {
        "name": "Dollar General 17847",
        "address": "28168 Lewes Georgetown Hwy, Milton, DE, 19968",
        "categories": [
          "other"
        ],
        "sources": [
          "snap-retailers"
        ],
        "external_ids": [
          "1343749"
        ],
        "contributor_count": 1
      }
    },
    {
      "type": "Feature",
      "geometry": {
        "type": "Point",
        "coordinates": [
          -75.142906,
          38.736095
        ]
      },
      "properties": {
        "name": "Acme 2679",
        "address": "18578 Coastal Hwy, Rehoboth Beach, DE, 19971",
        "categories": [
          "supermarket"
        ],
        "sources": [
          "snap-retailers"
        ],
        "external_ids": [
          "1218261"
        ],
        "contributor_count": 1
      }
    },
    {
      "type": "Feature",
      "geometry": {
        "type": "Point",
        "coordinates": [
          -75.140968,
          38.737354
        ]
      },
      "properties": {
        "name": "Dollar Tree 1974",
        "address": "18585 Coastal Hwy, Rehoboth Beach, DE, 19971",
        "categories": [
          "other"
        ],
        "sources": [
          "snap-retailers"
        ],
        "external_ids": [
          "773763"
        ],
        "contributor_count": 1
      }
    },
    {
      "type": "Feature",
      "geometry": {
        "type": "Point",
        "coordinates": [
          -75.189857,
          38.743534
        ]
      },
      "properties": {
        "name": "Redner's Markets Inc. 91",
        "address": "24120 Zinfandel Ln, Lewes, DE, 19958",
        "categories": [
          "supermarket"
        ],
        "sources": [
          "snap-retailers"
        ],
        "external_ids": [
          "1524689"
        ],
        "contributor_count": 1
      }
    },
    {
      "type": "Feature",
      "geometry": {
        "type": "Point",
        "coordinates": [
          -75.153923,
          38.744007
        ]
      },
      "properties": {
        "name": "WAWA 834",
        "address": "17663 Dartmouth Dr, Lewes, DE, 19958",
        "categories": [
          "corner-store"
        ],
        "sources": [
          "snap-retailers"
        ],
        "external_ids": [
          "964086"
        ],
        "contributor_count": 1
      }
    },
    {
      "type": "Feature",
      "geometry": {
        "type": "Point",
        "coordinates": [
          -75.599419,
          38.744503
        ]
      },
      "properties": {
        "name": "Dollar General 7711",
        "address": "102 N Main St, Bridgeville, DE, 19933",
        "categories": [
          "other"
        ],
        "sources": [
          "snap-retailers"
        ],
        "external_ids": [
          "737963"
        ],
        "contributor_count": 1
      }
    },
    {
      "type": "Feature",
      "geometry": {
        "type": "Point",
        "coordinates": [
          -75.159203,
          38.74831
        ]
      },
      "properties": {
        "name": "Country Corners Market #9 9",
        "address": "17921 Coastal Hwy, Lewes, DE, 19958",
        "categories": [
          "corner-store"
        ],
        "sources": [
          "snap-retailers"
        ],
        "external_ids": [
          "1453392"
        ],
        "contributor_count": 1
      }
    },
    {
      "type": "Feature",
      "geometry": {
        "type": "Point",
        "coordinates": [
          -75.167252,
          38.748402
        ]
      },
      "properties": {
        "name": "Lewes Fishhouse",
        "address": "17696 Coastal Hwy, Lewes, DE, 19958",
        "categories": [
          "specialty-grocer"
        ],
        "sources": [
          "snap-retailers"
        ],
        "external_ids": [
          "648169"
        ],
        "contributor_count": 1
      }
    },
    {
      "type": "Feature",
      "geometry": {
        "type": "Point",
        "coordinates": [
          -75.170441,
          38.749126
        ]
      },
      "properties": {
        "name": "Tienda La Estrella Llc",
        "address": "17601 Coastal Hwy, Lewes, DE, 19958",
        "categories": [
          "grocery-store"
        ],
        "sources": [
          "snap-retailers"
        ],
        "external_ids": [
          "1415662"
        ],
        "contributor_count": 1
      }
    },
    {
      "type": "Feature",
      "geometry": {
        "type": "Point",
        "coordinates": [
          -75.164024,
          38.751171
        ]
      },
      "properties": {
        "name": "Walgreens 12752",
        "address": "17239 Five Points Sq, Lewes, DE, 19958",
        "categories": [
          "other"
        ],
        "sources": [
          "snap-retailers"
        ],
        "external_ids": [
          "1006212"
        ],
        "contributor_count": 1
      }
    },
    {
      "type": "Feature",
      "geometry": {
        "type": "Point",
        "coordinates": [
          -75.168228,
          38.75153
        ]
      },
      "properties": {
        "name": "Weis Markets 271",
        "address": "17232 N Village Main Blvd, Lewes, DE, 19958",
        "categories": [
          "supermarket"
        ],
        "sources": [
          "snap-retailers"
        ],
        "external_ids": [
          "1261003"
        ],
        "contributor_count": 1
      }
    },
    {
      "type": "Feature",
      "geometry": {
        "type": "Point",
        "coordinates": [
          -75.16407,
          38.75219
        ]
      },
      "properties": {
        "name": "Dollar General 14133",
        "address": "1549 Savannah Rd, Lewes, DE, 19958",
        "categories": [
          "other"
        ],
        "sources": [
          "snap-retailers"
        ],
        "external_ids": [
          "1069714"
        ],
        "contributor_count": 1
      }
    },
    {
      "type": "Feature",
      "geometry": {
        "type": "Point",
        "coordinates": [
          -75.169579,
          38.752651
        ]
      },
      "properties": {
        "name": "CVS Pharmacy 10296",
        "address": "17290 N Village Main Blvd, Lewes, DE, 19958",
        "categories": [
          "other"
        ],
        "sources": [
          "snap-retailers"
        ],
        "external_ids": [
          "1120014"
        ],
        "contributor_count": 1
      }
    },
    {
      "type": "Feature",
      "geometry": {
        "type": "Point",
        "coordinates": [
          -75.148506,
          38.75526
        ]
      },
      "properties": {
        "name": "Historic Lewes Farmers Market At Kings Highway",
        "address": "0 Kings Highway And Crooked Hammock Way, Lewes, DE, 19958",
        "categories": [
          "other"
        ],
        "sources": [
          "snap-retailers"
        ],
        "external_ids": [
          "1282405"
        ],
        "contributor_count": 1
      }
    },
    {
      "type": "Feature",
      "geometry": {
        "type": "Point",
        "coordinates": [
          -75.143951,
          38.769737
        ]
      },
      "properties": {
        "name": "Lloyd's IGA Inc.",
        "address": "611 Savannah Rd, Lewes, DE, 19958",
        "categories": [
          "supermarket"
        ],
        "sources": [
          "snap-retailers"
        ],
        "external_ids": [
          "1245563"
        ],
        "contributor_count": 1
      }
    },
    {
      "type": "Feature",
      "geometry": {
        "type": "Point",
        "coordinates": [
          -75.146721,
          38.773628
        ]
      },
      "properties": {
        "name": "Historic Lewes Farmers Market",
        "address": "Johnson & Dupont Avenues, Lewes, DE, 19958",
        "categories": [
          "other"
        ],
        "sources": [
          "snap-retailers"
        ],
        "external_ids": [
          "1086365"
        ],
        "contributor_count": 1
      }
    },
    {
      "type": "Feature",
      "geometry": {
        "type": "Point",
        "coordinates": [
          -75.312393,
          38.778187
        ]
      },
      "properties": {
        "name": "Milton Delux",
        "address": "116 Magnolia St, Milton, DE, 19968",
        "categories": [
          "corner-store"
        ],
        "sources": [
          "snap-retailers"
        ],
        "external_ids": [
          "1553837"
        ],
        "contributor_count": 1
      }
    },
    {
      "type": "Feature",
      "geometry": {
        "type": "Point",
        "coordinates": [
          -75.310966,
          38.788296
        ]
      },
      "properties": {
        "name": "Dollar General 7930",
        "address": "900 Palmer Street Ext, Milton, DE, 19968",
        "categories": [
          "other"
        ],
        "sources": [
          "snap-retailers"
        ],
        "external_ids": [
          "737961"
        ],
        "contributor_count": 1
      }
    },
    {
      "type": "Feature",
      "geometry": {
        "type": "Point",
        "coordinates": [
          -75.591095,
          38.78886
        ]
      },
      "properties": {
        "name": "Dollar General 13564",
        "address": "13564 Sussex Hwy, Greenwood, DE, 19950",
        "categories": [
          "other"
        ],
        "sources": [
          "snap-retailers"
        ],
        "external_ids": [
          "1054907"
        ],
        "contributor_count": 1
      }
    },
    {
      "type": "Feature",
      "geometry": {
        "type": "Point",
        "coordinates": [
          -75.313911,
          38.78907
        ]
      },
      "properties": {
        "name": "Family Dollar 2036",
        "address": "122 Broadkill Rd, Milton, DE, 19968",
        "categories": [
          "other"
        ],
        "sources": [
          "snap-retailers"
        ],
        "external_ids": [
          "900257"
        ],
        "contributor_count": 1
      }
    },
    {
      "type": "Feature",
      "geometry": {
        "type": "Point",
        "coordinates": [
          -75.313911,
          38.789536
        ]
      },
      "properties": {
        "name": "Walgreens 11073",
        "address": "120 Broadkill Rd, Milton, DE, 19968",
        "categories": [
          "other"
        ],
        "sources": [
          "snap-retailers"
        ],
        "external_ids": [
          "876267"
        ],
        "contributor_count": 1
      }
    },
    {
      "type": "Feature",
      "geometry": {
        "type": "Point",
        "coordinates": [
          -75.314812,
          38.790001
        ]
      },
      "properties": {
        "name": "Food Lion 2561",
        "address": "110 Broadkill Rd, Milton, DE, 19968",
        "categories": [
          "supermarket"
        ],
        "sources": [
          "snap-retailers"
        ],
        "external_ids": [
          "667732"
        ],
        "contributor_count": 1
      }
    },
    {
      "type": "Feature",
      "geometry": {
        "type": "Point",
        "coordinates": [
          -75.690926,
          38.792805
        ]
      },
      "properties": {
        "name": "Willey's Country Market",
        "address": "2901 Seashore Hwy, Greenwood, DE, 19950",
        "categories": [
          "specialty-grocer"
        ],
        "sources": [
          "snap-retailers"
        ],
        "external_ids": [
          "1615264"
        ],
        "contributor_count": 1
      }
    },
    {
      "type": "Feature",
      "geometry": {
        "type": "Point",
        "coordinates": [
          -75.696373,
          38.798214
        ]
      },
      "properties": {
        "name": "Little Wagon Produce",
        "address": "2667 Seashore Hwy, Greenwood, DE, 19950",
        "categories": [
          "other"
        ],
        "sources": [
          "snap-retailers"
        ],
        "external_ids": [
          "1408389"
        ],
        "contributor_count": 1
      }
    },
    {
      "type": "Feature",
      "geometry": {
        "type": "Point",
        "coordinates": [
          -75.582718,
          38.805325
        ]
      },
      "properties": {
        "name": "Royal Farms 120",
        "address": "2 Schulze Rd, Greenwood, DE, 19950",
        "categories": [
          "corner-store"
        ],
        "sources": [
          "snap-retailers"
        ],
        "external_ids": [
          "899327"
        ],
        "contributor_count": 1
      }
    },
    {
      "type": "Feature",
      "geometry": {
        "type": "Point",
        "coordinates": [
          -75.437233,
          38.80677
        ]
      },
      "properties": {
        "name": "Dollar General 15288",
        "address": "18036 Beach Hwy, Ellendale, DE, 19941",
        "categories": [
          "other"
        ],
        "sources": [
          "snap-retailers"
        ],
        "external_ids": [
          "1187496"
        ],
        "contributor_count": 1
      }
    },
    {
      "type": "Feature",
      "geometry": {
        "type": "Point",
        "coordinates": [
          -75.439682,
          38.806778
        ]
      },
      "properties": {
        "name": "Royal Farms 141",
        "address": "16979 Beach Hwy, Ellendale, DE, 19941",
        "categories": [
          "corner-store"
        ],
        "sources": [
          "snap-retailers"
        ],
        "external_ids": [
          "999656"
        ],
        "contributor_count": 1
      }
    },
    {
      "type": "Feature",
      "geometry": {
        "type": "Point",
        "coordinates": [
          -75.653275,
          38.826347
        ]
      },
      "properties": {
        "name": "Lolo's Mini Mart",
        "address": "4937 Hickman Rd, Greenwood, DE, 19950",
        "categories": [
          "corner-store"
        ],
        "sources": [
          "snap-retailers"
        ],
        "external_ids": [
          "1392052"
        ],
        "contributor_count": 1
      }
    },
    {
      "type": "Feature",
      "geometry": {
        "type": "Point",
        "coordinates": [
          -75.575989,
          38.869823
        ]
      },
      "properties": {
        "name": "Farmington Mini Mart",
        "address": "332 Main St, Greenwood, DE, 19950",
        "categories": [
          "corner-store"
        ],
        "sources": [
          "snap-retailers"
        ],
        "external_ids": [
          "995486"
        ],
        "contributor_count": 1
      }
    },
    {
      "type": "Feature",
      "geometry": {
        "type": "Point",
        "coordinates": [
          -75.425217,
          38.870979
        ]
      },
      "properties": {
        "name": "Dollar General 22298",
        "address": "18380 Johnson Rd, Lincoln, DE, 19960",
        "categories": [
          "other"
        ],
        "sources": [
          "snap-retailers"
        ],
        "external_ids": [
          "1467094"
        ],
        "contributor_count": 1
      }
    },
    {
      "type": "Feature",
      "geometry": {
        "type": "Point",
        "coordinates": [
          -75.454353,
          38.891144
        ]
      },
      "properties": {
        "name": "Shawnee Country Store",
        "address": "6994 Shawnee Rd, Milford, DE, 19963",
        "categories": [
          "corner-store"
        ],
        "sources": [
          "snap-retailers"
        ],
        "external_ids": [
          "816535"
        ],
        "contributor_count": 1
      }
    },
    {
      "type": "Feature",
      "geometry": {
        "type": "Point",
        "coordinates": [
          -75.442551,
          38.896534
        ]
      },
      "properties": {
        "name": "Dollar Tree 6234",
        "address": "28263 Lexus Dr, Milford, DE, 19963",
        "categories": [
          "other"
        ],
        "sources": [
          "snap-retailers"
        ],
        "external_ids": [
          "1250700"
        ],
        "contributor_count": 1
      }
    },
    {
      "type": "Feature",
      "geometry": {
        "type": "Point",
        "coordinates": [
          -75.442551,
          38.896534
        ]
      },
      "properties": {
        "name": "Redner's Warehouse Market 57",
        "address": "28253 Lexus Drive, Milford, DE, 19963",
        "categories": [
          "supermarket"
        ],
        "sources": [
          "snap-retailers"
        ],
        "external_ids": [
          "1067498"
        ],
        "contributor_count": 1
      }
    },
    {
      "type": "Feature",
      "geometry": {
        "type": "Point",
        "coordinates": [
          -75.440598,
          38.901707
        ]
      },
      "properties": {
        "name": "Royal Farms 51",
        "address": "566 S Dupont Blvd, Milford, DE, 19963",
        "categories": [
          "corner-store"
        ],
        "sources": [
          "snap-retailers"
        ],
        "external_ids": [
          "345183"
        ],
        "contributor_count": 1
      }
    },
    {
      "type": "Feature",
      "geometry": {
        "type": "Point",
        "coordinates": [
          -75.430443,
          38.911819
        ]
      },
      "properties": {
        "name": "Sweet Mart",
        "address": "13 Causey Ave, Milford, DE, 19963",
        "categories": [
          "corner-store"
        ],
        "sources": [
          "snap-retailers"
        ],
        "external_ids": [
          "1443849"
        ],
        "contributor_count": 1
      }
    },
    {
      "type": "Feature",
      "geometry": {
        "type": "Point",
        "coordinates": [
          -75.426865,
          38.912106
        ]
      },
      "properties": {
        "name": "Milford Convenience & Deli Inc",
        "address": "100 SE Front St, Milford, DE, 19963",
        "categories": [
          "corner-store"
        ],
        "sources": [
          "snap-retailers"
        ],
        "external_ids": [
          "1624294"
        ],
        "contributor_count": 1
      }
    },
    {
      "type": "Feature",
      "geometry": {
        "type": "Point",
        "coordinates": [
          -75.442154,
          38.915092
        ]
      },
      "properties": {
        "name": "Walgreens 11132",
        "address": "648 NW Front St, Milford, DE, 19963",
        "categories": [
          "other"
        ],
        "sources": [
          "snap-retailers"
        ],
        "external_ids": [
          "863350"
        ],
        "contributor_count": 1
      }
    },
    {
      "type": "Feature",
      "geometry": {
        "type": "Point",
        "coordinates": [
          -75.424728,
          38.916016
        ]
      },
      "properties": {
        "name": "Family Dollar 1627",
        "address": "237 NE Front St, Milford, DE, 19963",
        "categories": [
          "other"
        ],
        "sources": [
          "snap-retailers"
        ],
        "external_ids": [
          "898870"
        ],
        "contributor_count": 1
      }
    },
    {
      "type": "Feature",
      "geometry": {
        "type": "Point",
        "coordinates": [
          -75.424728,
          38.916016
        ]
      },
      "properties": {
        "name": "Gigante Super Market",
        "address": "209 NE Front St, Milford, DE, 19963",
        "categories": [
          "grocery-store"
        ],
        "sources": [
          "snap-retailers"
        ],
        "external_ids": [
          "1020439"
        ],
        "contributor_count": 1
      }
    },
    {
      "type": "Feature",
      "geometry": {
        "type": "Point",
        "coordinates": [
          -75.424728,
          38.916016
        ]
      },
      "properties": {
        "name": "Legros D. One Stop Market",
        "address": "233 NE Front St, Milford, DE, 19963",
        "categories": [
          "grocery-store"
        ],
        "sources": [
          "snap-retailers"
        ],
        "external_ids": [
          "1478329"
        ],
        "contributor_count": 1
      }
    },
    {
      "type": "Feature",
      "geometry": {
        "type": "Point",
        "coordinates": [
          -75.442955,
          38.916508
        ]
      },
      "properties": {
        "name": "CVS Pharmacy 10222",
        "address": "601 N Dupont Blvd, Milford, DE, 19963",
        "categories": [
          "other"
        ],
        "sources": [
          "snap-retailers"
        ],
        "external_ids": [
          "1119991"
        ],
        "contributor_count": 1
      }
    },
    {
      "type": "Feature",
      "geometry": {
        "type": "Point",
        "coordinates": [
          -75.439156,
          38.9174
        ]
      },
      "properties": {
        "name": "ALDI 71168",
        "address": "696 N Dupont Blvd, Milford, DE, 19963",
        "categories": [
          "supermarket"
        ],
        "sources": [
          "snap-retailers"
        ],
        "external_ids": [
          "1533955"
        ],
        "contributor_count": 1
      }
    },
    {
      "type": "Feature",
      "geometry": {
        "type": "Point",
        "coordinates": [
          -75.439156,
          38.9174
        ]
      },
      "properties": {
        "name": "Dollar General 0488",
        "address": "656-B N Dupont Blvd, Milford, DE, 19963",
        "categories": [
          "other"
        ],
        "sources": [
          "snap-retailers"
        ],
        "external_ids": [
          "738366"
        ],
        "contributor_count": 1
      }
    },
    {
      "type": "Feature",
      "geometry": {
        "type": "Point",
        "coordinates": [
          -75.418228,
          38.918373
        ]
      },
      "properties": {
        "name": "N&y Mini Mart",
        "address": "600 Ne Front Street, Milford, DE, 19963",
        "categories": [
          "grocery-store"
        ],
        "sources": [
          "snap-retailers"
        ],
        "external_ids": [
          "1457129"
        ],
        "contributor_count": 1
      }
    },
    {
      "type": "Feature",
      "geometry": {
        "type": "Point",
        "coordinates": [
          -75.423401,
          38.921886
        ]
      },
      "properties": {
        "name": "MIKE'S FOOD MARKET",
        "address": "264 N Rehoboth Blvd, Milford, DE, 19963",
        "categories": [
          "corner-store"
        ],
        "sources": [
          "snap-retailers"
        ],
        "external_ids": [
          "334602"
        ],
        "contributor_count": 1
      }
    },
    {
      "type": "Feature",
      "geometry": {
        "type": "Point",
        "coordinates": [
          -75.567535,
          38.922722
        ]
      },
      "properties": {
        "name": "Walgreens 11756",
        "address": "17248 S Dupont Hwy, Harrington, DE, 19952",
        "categories": [
          "other"
        ],
        "sources": [
          "snap-retailers"
        ],
        "external_ids": [
          "876219"
        ],
        "contributor_count": 1
      }
    },
    {
      "type": "Feature",
      "geometry": {
        "type": "Point",
        "coordinates": [
          -75.567329,
          38.924355
        ]
      },
      "properties": {
        "name": "Royal Farms 121",
        "address": "7250 Milford Harrington Hwy, Harrington, DE, 19952",
        "categories": [
          "corner-store"
        ],
        "sources": [
          "snap-retailers"
        ],
        "external_ids": [
          "1037143"
        ],
        "contributor_count": 1
      }
    },
    {
      "type": "Feature",
      "geometry": {
        "type": "Point",
        "coordinates": [
          -75.568916,
          38.925133
        ]
      },
      "properties": {
        "name": "Family Dollar 1162",
        "address": "17092 S Dupont Hwy, Harrington, DE, 19952",
        "categories": [
          "other"
        ],
        "sources": [
          "snap-retailers"
        ],
        "external_ids": [
          "898867"
        ],
        "contributor_count": 1
      }
    },
    {
      "type": "Feature",
      "geometry": {
        "type": "Point",
        "coordinates": [
          -75.566994,
          38.92514
        ]
      },
      "properties": {
        "name": "Dollar General 2427",
        "address": "17069 S Dupont Hwy, Harrington, DE, 19952",
        "categories": [
          "other"
        ],
        "sources": [
          "snap-retailers"
        ],
        "external_ids": [
          "765266"
        ],
        "contributor_count": 1
      }
    },
    {
      "type": "Feature",
      "geometry": {
        "type": "Point",
        "coordinates": [
          -75.564606,
          38.925949
        ]
      },
      "properties": {
        "name": "Food Lion 1528",
        "address": "2004 Midway Dr, Harrington, DE, 19952",
        "categories": [
          "supermarket"
        ],
        "sources": [
          "snap-retailers"
        ],
        "external_ids": [
          "319894"
        ],
        "contributor_count": 1
      }
    },
    {
      "type": "Feature",
      "geometry": {
        "type": "Point",
        "coordinates": [
          -75.577568,
          38.926094
        ]
      },
      "properties": {
        "name": "Bylers Store Inc/Harrington",
        "address": "1 Liberty Plz, Harrington, DE, 19952",
        "categories": [
          "supermarket"
        ],
        "sources": [
          "snap-retailers"
        ],
        "external_ids": [
          "955707"
        ],
        "contributor_count": 1
      }
    },
    {
      "type": "Feature",
      "geometry": {
        "type": "Point",
        "coordinates": [
          -75.418861,
          38.927677
        ]
      },
      "properties": {
        "name": "Royal Farms 142",
        "address": "108 Silicato Pkwy, Milford, DE, 19963",
        "categories": [
          "corner-store"
        ],
        "sources": [
          "snap-retailers"
        ],
        "external_ids": [
          "1051054"
        ],
        "contributor_count": 1
      }
    },
    {
      "type": "Feature",
      "geometry": {
        "type": "Point",
        "coordinates": [
          -75.431381,
          38.92807
        ]
      },
      "properties": {
        "name": "WAWA 851",
        "address": "902 N Dupont Blvd, Milford, DE, 19963",
        "categories": [
          "corner-store"
        ],
        "sources": [
          "snap-retailers"
        ],
        "external_ids": [
          "964092"
        ],
        "contributor_count": 1
      }
    },
    {
      "type": "Feature",
      "geometry": {
        "type": "Point",
        "coordinates": [
          -75.435226,
          38.929241
        ]
      },
      "properties": {
        "name": "Walmart Supercenter 1741",
        "address": "939 N Dupont Blvd, Milford, DE, 19963",
        "categories": [
          "supermarket"
        ],
        "sources": [
          "snap-retailers"
        ],
        "external_ids": [
          "627503"
        ],
        "contributor_count": 1
      }
    },
    {
      "type": "Feature",
      "geometry": {
        "type": "Point",
        "coordinates": [
          -75.431725,
          38.929771
        ]
      },
      "properties": {
        "name": "Dollar Tree 1906",
        "address": "941 N. Dupont Highway, Milford, DE, 19963",
        "categories": [
          "other"
        ],
        "sources": [
          "snap-retailers"
        ],
        "external_ids": [
          "823944"
        ],
        "contributor_count": 1
      }
    },
    {
      "type": "Feature",
      "geometry": {
        "type": "Point",
        "coordinates": [
          -75.43261,
          38.931644
        ]
      },
      "properties": {
        "name": "Food Lion 1294",
        "address": "951 N Dupont Blvd, Milford, DE, 19963",
        "categories": [
          "supermarket"
        ],
        "sources": [
          "snap-retailers"
        ],
        "external_ids": [
          "516008"
        ],
        "contributor_count": 1
      }
    },
    {
      "type": "Feature",
      "geometry": {
        "type": "Point",
        "coordinates": [
          -75.565414,
          38.935177
        ]
      },
      "properties": {
        "name": "Shore Stop 257",
        "address": "16381 S Dupont Hwy, Harrington, DE, 19952",
        "categories": [
          "corner-store"
        ],
        "sources": [
          "snap-retailers"
        ],
        "external_ids": [
          "378814"
        ],
        "contributor_count": 1
      }
    },
    {
      "type": "Feature",
      "geometry": {
        "type": "Point",
        "coordinates": [
          -75.426331,
          38.945229
        ]
      },
      "properties": {
        "name": "Shore Stop 237",
        "address": "432 Bay Rd, Milford, DE, 19963",
        "categories": [
          "corner-store"
        ],
        "sources": [
          "snap-retailers"
        ],
        "external_ids": [
          "637296"
        ],
        "contributor_count": 1
      }
    },
    {
      "type": "Feature",
      "geometry": {
        "type": "Point",
        "coordinates": [
          -75.453026,
          38.95612
        ]
      },
      "properties": {
        "name": "Mule Run Meats",
        "address": "1931 Bowman Rd, Milford, DE, 19963",
        "categories": [
          "other"
        ],
        "sources": [
          "snap-retailers"
        ],
        "external_ids": [
          "1276640"
        ],
        "contributor_count": 1
      }
    },
    {
      "type": "Feature",
      "geometry": {
        "type": "Point",
        "coordinates": [
          -75.429695,
          38.961506
        ]
      },
      "properties": {
        "name": "Country Corners Market - Milford 7",
        "address": "1606 Bay Rd, Milford, DE, 19963",
        "categories": [
          "corner-store"
        ],
        "sources": [
          "snap-retailers"
        ],
        "external_ids": [
          "1275031"
        ],
        "contributor_count": 1
      }
    },
    {
      "type": "Feature",
      "geometry": {
        "type": "Point",
        "coordinates": [
          -75.431839,
          38.965176
        ]
      },
      "properties": {
        "name": "Shore Stop 256",
        "address": "1885 Bay Rd, Milford, DE, 19963",
        "categories": [
          "corner-store"
        ],
        "sources": [
          "snap-retailers"
        ],
        "external_ids": [
          "243109"
        ],
        "contributor_count": 1
      }
    },
    {
      "type": "Feature",
      "geometry": {
        "type": "Point",
        "coordinates": [
          -75.565186,
          38.966145
        ]
      },
      "properties": {
        "name": "Twisted Steel Cattle Co. Llc",
        "address": "14255 S Dupont Hwy, Harrington, DE, 19952",
        "categories": [
          "other"
        ],
        "sources": [
          "snap-retailers"
        ],
        "external_ids": [
          "1437942"
        ],
        "contributor_count": 1
      }
    },
    {
      "type": "Feature",
      "geometry": {
        "type": "Point",
        "coordinates": [
          -75.577522,
          38.969101
        ]
      },
      "properties": {
        "name": "Dittmar Family Farms",
        "address": "644 Paradise Alley Rd, Felton, DE, 19943",
        "categories": [
          "other"
        ],
        "sources": [
          "snap-retailers"
        ],
        "external_ids": [
          "1688719"
        ],
        "contributor_count": 1
      }
    },
    {
      "type": "Feature",
      "geometry": {
        "type": "Point",
        "coordinates": [
          -75.567429,
          38.983913
        ]
      },
      "properties": {
        "name": "P & N Seaford Mart Inc.",
        "address": "12984 S Dupont Hwy, Felton, DE, 19943",
        "categories": [
          "corner-store"
        ],
        "sources": [
          "snap-retailers"
        ],
        "external_ids": [
          "1355503"
        ],
        "contributor_count": 1
      }
    },
    {
      "type": "Feature",
      "geometry": {
        "type": "Point",
        "coordinates": [
          -75.56974,
          39.006096
        ]
      },
      "properties": {
        "name": "Royal Farms 13",
        "address": "11480 S Dupont Hwy, Felton, DE, 19943",
        "categories": [
          "corner-store"
        ],
        "sources": [
          "snap-retailers"
        ],
        "external_ids": [
          "985086"
        ],
        "contributor_count": 1
      }
    },
    {
      "type": "Feature",
      "geometry": {
        "type": "Point",
        "coordinates": [
          -75.568512,
          39.007034
        ]
      },
      "properties": {
        "name": "Felton Goose Creek 8",
        "address": "11425 S Dupont Hwy, Felton, DE, 19943",
        "categories": [
          "corner-store"
        ],
        "sources": [
          "snap-retailers"
        ],
        "external_ids": [
          "951778"
        ],
        "contributor_count": 1
      }
    },
    {
      "type": "Feature",
      "geometry": {
        "type": "Point",
        "coordinates": [
          -75.464027,
          39.0093
        ]
      },
      "properties": {
        "name": "Family Dollar 10906",
        "address": "126 Front St, Frederica, DE, 19946",
        "categories": [
          "other"
        ],
        "sources": [
          "snap-retailers"
        ],
        "external_ids": [
          "1176321"
        ],
        "contributor_count": 1
      }
    },
    {
      "type": "Feature",
      "geometry": {
        "type": "Point",
        "coordinates": [
          -75.567123,
          39.015728
        ]
      },
      "properties": {
        "name": "Dollar General 13161",
        "address": "369 Ludlow Ln, Felton, DE, 19943",
        "categories": [
          "other"
        ],
        "sources": [
          "snap-retailers"
        ],
        "external_ids": [
          "1054902"
        ],
        "contributor_count": 1
      }
    },
    {
      "type": "Feature",
      "geometry": {
        "type": "Point",
        "coordinates": [
          -75.722801,
          39.03289
        ]
      },
      "properties": {
        "name": "Country Cupboard",
        "address": "1200 Willow Grove Rd, Felton, DE, 19943",
        "categories": [
          "corner-store"
        ],
        "sources": [
          "snap-retailers"
        ],
        "external_ids": [
          "1289953"
        ],
        "contributor_count": 1
      }
    },
    {
      "type": "Feature",
      "geometry": {
        "type": "Point",
        "coordinates": [
          -75.718788,
          39.033092
        ]
      },
      "properties": {
        "name": "Dollar General 23782",
        "address": "29 Sandtown Rd, Felton, DE, 19943",
        "categories": [
          "other"
        ],
        "sources": [
          "snap-retailers"
        ],
        "external_ids": [
          "1596094"
        ],
        "contributor_count": 1
      }
    },
    {
      "type": "Feature",
      "geometry": {
        "type": "Point",
        "coordinates": [
          -75.558075,
          39.041447
        ]
      },
      "properties": {
        "name": "Felton C Store Llc",
        "address": "8953 S Dupont Hwy, Felton, DE, 19943",
        "categories": [
          "corner-store"
        ],
        "sources": [
          "snap-retailers"
        ],
        "external_ids": [
          "1652706"
        ],
        "contributor_count": 1
      }
    },
    {
      "type": "Feature",
      "geometry": {
        "type": "Point",
        "coordinates": [
          -75.457848,
          39.045704
        ]
      },
      "properties": {
        "name": "Shore Stop 245",
        "address": "7865 Bay Rd, Frederica, DE, 19946",
        "categories": [
          "corner-store"
        ],
        "sources": [
          "snap-retailers"
        ],
        "external_ids": [
          "525193"
        ],
        "contributor_count": 1
      }
    },
    {
      "type": "Feature",
      "geometry": {
        "type": "Point",
        "coordinates": [
          -75.456261,
          39.045769
        ]
      },
      "properties": {
        "name": "Dollar General 25116",
        "address": "554 E Front St, Frederica, DE, 19946",
        "categories": [
          "other"
        ],
        "sources": [
          "snap-retailers"
        ],
        "external_ids": [
          "1612493"
        ],
        "contributor_count": 1
      }
    },
    {
      "type": "Feature",
      "geometry": {
        "type": "Point",
        "coordinates": [
          -75.533897,
          39.067024
        ]
      },
      "properties": {
        "name": "ERNIE'S COUNTRY STORE",
        "address": "1246 Peachtree Run, Magnolia, DE, 19962",
        "categories": [
          "corner-store"
        ],
        "sources": [
          "snap-retailers"
        ],
        "external_ids": [
          "624081"
        ],
        "contributor_count": 1
      }
    },
    {
      "type": "Feature",
      "geometry": {
        "type": "Point",
        "coordinates": [
          -75.554169,
          39.070728
        ]
      },
      "properties": {
        "name": "Woodside Goose Creek 7",
        "address": "6928 S Dupont Hwy, Felton, DE, 19943",
        "categories": [
          "corner-store"
        ],
        "sources": [
          "snap-retailers"
        ],
        "external_ids": [
          "951769"
        ],
        "contributor_count": 1
      }
    },
    {
      "type": "Feature",
      "geometry": {
        "type": "Point",
        "coordinates": [
          -75.552597,
          39.071667
        ]
      },
      "properties": {
        "name": "Highs Of Baltimore LLC 160",
        "address": "5485 S Dupont Hwy, Dover, DE, 19901",
        "categories": [
          "corner-store"
        ],
        "sources": [
          "snap-retailers"
        ],
        "external_ids": [
          "1528061"
        ],
        "contributor_count": 1
      }
    },
    {
      "type": "Feature",
      "geometry": {
        "type": "Point",
        "coordinates": [
          -75.554176,
          39.071896
        ]
      },
      "properties": {
        "name": "Walgreens 11060",
        "address": "5506 S Dupont Hwy, Dover, DE, 19901",
        "categories": [
          "other"
        ],
        "sources": [
          "snap-retailers"
        ],
        "external_ids": [
          "835992"
        ],
        "contributor_count": 1
      }
    },
    {
      "type": "Feature",
      "geometry": {
        "type": "Point",
        "coordinates": [
          -75.553688,
          39.073166
        ]
      },
      "properties": {
        "name": "Dollar General 23187",
        "address": "5306 S Dupont Hwy, Dover, DE, 19901",
        "categories": [
          "other"
        ],
        "sources": [
          "snap-retailers"
        ],
        "external_ids": [
          "1528632"
        ],
        "contributor_count": 1
      }
    },
    {
      "type": "Feature",
      "geometry": {
        "type": "Point",
        "coordinates": [
          -75.486282,
          39.082901
        ]
      },
      "properties": {
        "name": "Dollar General 7789",
        "address": "54 W Birdie Ln, Magnolia, DE, 19962",
        "categories": [
          "other"
        ],
        "sources": [
          "snap-retailers"
        ],
        "external_ids": [
          "761915"
        ],
        "contributor_count": 1
      }
    },
    {
      "type": "Feature",
      "geometry": {
        "type": "Point",
        "coordinates": [
          -75.486641,
          39.083576
        ]
      },
      "properties": {
        "name": "Walgreens 11063",
        "address": "52 W Birdie Ln, Magnolia, DE, 19962",
        "categories": [
          "other"
        ],
        "sources": [
          "snap-retailers"
        ],
        "external_ids": [
          "889447"
        ],
        "contributor_count": 1
      }
    },
    {
      "type": "Feature",
      "geometry": {
        "type": "Point",
        "coordinates": [
          -75.545624,
          39.098812
        ]
      },
      "properties": {
        "name": "ALDI 71112",
        "address": "390 Walmart Dr, Camden, DE, 19934",
        "categories": [
          "supermarket"
        ],
        "sources": [
          "snap-retailers"
        ],
        "external_ids": [
          "1263979"
        ],
        "contributor_count": 1
      }
    },
    {
      "type": "Feature",
      "geometry": {
        "type": "Point",
        "coordinates": [
          -75.5466,
          39.10022
        ]
      },
      "properties": {
        "name": "Dollar Tree 3662",
        "address": "380 Walmart Dr, Camden, DE, 19934",
        "categories": [
          "other"
        ],
        "sources": [
          "snap-retailers"
        ],
        "external_ids": [
          "856838"
        ],
        "contributor_count": 1
      }
    },
    {
      "type": "Feature",
      "geometry": {
        "type": "Point",
        "coordinates": [
          -75.514023,
          39.101128
        ]
      },
      "properties": {
        "name": "Shore Stop 231",
        "address": "2636 S STATE ST, Dover, DE, 19901",
        "categories": [
          "corner-store"
        ],
        "sources": [
          "snap-retailers"
        ],
        "external_ids": [
          "326430"
        ],
        "contributor_count": 1
      }
    },
    {
      "type": "Feature",
      "geometry": {
        "type": "Point",
        "coordinates": [
          -75.546143,
          39.102661
        ]
      },
      "properties": {
        "name": "Walmart 5039",
        "address": "263 Walmart Dr, Camden, DE, 19934",
        "categories": [
          "supermarket"
        ],
        "sources": [
          "snap-retailers"
        ],
        "external_ids": [
          "657625"
        ],
        "contributor_count": 1
      }
    },
    {
      "type": "Feature",
      "geometry": {
        "type": "Point",
        "coordinates": [
          -75.541656,
          39.103695
        ]
      },
      "properties": {
        "name": "E & M African Caribbean Supermarket",
        "address": "4019 S Dupont Hwy, Dover, DE, 19901",
        "categories": [
          "grocery-store"
        ],
        "sources": [
          "snap-retailers"
        ],
        "external_ids": [
          "1331577"
        ],
        "contributor_count": 1
      }
    },
    {
      "type": "Feature",
      "geometry": {
        "type": "Point",
        "coordinates": [
          -75.54213,
          39.106411
        ]
      },
      "properties": {
        "name": "Wawa Store 876",
        "address": "200 East Street, Camden, DE, 19934",
        "categories": [
          "corner-store"
        ],
        "sources": [
          "snap-retailers"
        ],
        "external_ids": [
          "1386331"
        ],
        "contributor_count": 1
      }
    },
    {
      "type": "Feature",
      "geometry": {
        "type": "Point",
        "coordinates": [
          -75.545303,
          39.110046
        ]
      },
      "properties": {
        "name": "Shore Stop 243",
        "address": "201 S Main St, Camden, DE, 19934",
        "categories": [
          "corner-store"
        ],
        "sources": [
          "snap-retailers"
        ],
        "external_ids": [
          "625543"
        ],
        "contributor_count": 1
      }
    },
    {
      "type": "Feature",
      "geometry": {
        "type": "Point",
        "coordinates": [
          -75.745018,
          39.111465
        ]
      },
      "properties": {
        "name": "Family Dollar 10799",
        "address": "14 East St, Marydel, DE, 19964",
        "categories": [
          "other"
        ],
        "sources": [
          "snap-retailers"
        ],
        "external_ids": [
          "1232102"
        ],
        "contributor_count": 1
      }
    },
    {
      "type": "Feature",
      "geometry": {
        "type": "Point",
        "coordinates": [
          -75.537125,
          39.114155
        ]
      },
      "properties": {
        "name": "Walgreens 15632",
        "address": "2480 S Dupont Hwy, Camden, DE, 19934",
        "categories": [
          "other"
        ],
        "sources": [
          "snap-retailers"
        ],
        "external_ids": [
          "1167841"
        ],
        "contributor_count": 1
      }
    },
    {
      "type": "Feature",
      "geometry": {
        "type": "Point",
        "coordinates": [
          -75.538879,
          39.115063
        ]
      },
      "properties": {
        "name": "Redners Warehouse Market 58",
        "address": "2500 S DuPont Hwy, Camden, DE, 19934",
        "categories": [
          "supermarket"
        ],
        "sources": [
          "snap-retailers"
        ],
        "external_ids": [
          "1091597"
        ],
        "contributor_count": 1
      }
    },
    {
      "type": "Feature",
      "geometry": {
        "type": "Point",
        "coordinates": [
          -75.553162,
          39.115604
        ]
      },
      "properties": {
        "name": "Hyltons Market",
        "address": "4 E Camden Wyoming Ave, Camden, DE, 19934",
        "categories": [
          "corner-store"
        ],
        "sources": [
          "snap-retailers"
        ],
        "external_ids": [
          "1601859"
        ],
        "contributor_count": 1
      }
    },
    {
      "type": "Feature",
      "geometry": {
        "type": "Point",
        "coordinates": [
          -75.526192,
          39.116371
        ]
      },
      "properties": {
        "name": "Redner's Warehouse Market 444",
        "address": "25 Greenview Dr, Dover, DE, 19901",
        "categories": [
          "supermarket"
        ],
        "sources": [
          "snap-retailers"
        ],
        "external_ids": [
          "1108842"
        ],
        "contributor_count": 1
      }
    },
    {
      "type": "Feature",
      "geometry": {
        "type": "Point",
        "coordinates": [
          -75.516525,
          39.117805
        ]
      },
      "properties": {
        "name": "Royal Farms 139",
        "address": "6 Lebanon Rd, Dover, DE, 19901",
        "categories": [
          "corner-store"
        ],
        "sources": [
          "snap-retailers"
        ],
        "external_ids": [
          "942029"
        ],
        "contributor_count": 1
      }
    },
    {
      "type": "Feature",
      "geometry": {
        "type": "Point",
        "coordinates": [
          -75.573105,
          39.119637
        ]
      },
      "properties": {
        "name": "Fifer Orchards Inc.",
        "address": "1919 Allabands Mill Rd, Camden Wyoming, DE, 19934",
        "categories": [
          "other"
        ],
        "sources": [
          "snap-retailers"
        ],
        "external_ids": [
          "1235810"
        ],
        "contributor_count": 1
      }
    },
    {
      "type": "Feature",
      "geometry": {
        "type": "Point",
        "coordinates": [
          -75.471962,
          39.11969
        ]
      },
      "properties": {
        "name": "Dover AFB Commissary 2412",
        "address": "268 Galaxy St, Dover AFB, DE, 19902",
        "categories": [
          "supermarket"
        ],
        "sources": [
          "snap-retailers"
        ],
        "external_ids": [
          "248307"
        ],
        "contributor_count": 1
      }
    },
    {
      "type": "Feature",
      "geometry": {
        "type": "Point",
        "coordinates": [
          -75.533371,
          39.121307
        ]
      },
      "properties": {
        "name": "Dollar General 21448",
        "address": "2071 S Dupont Hwy, Dover, DE, 19901",
        "categories": [
          "other"
        ],
        "sources": [
          "snap-retailers"
        ],
        "external_ids": [
          "1429945"
        ],
        "contributor_count": 1
      }
    },
    {
      "type": "Feature",
      "geometry": {
        "type": "Point",
        "coordinates": [
          -75.500465,
          39.122749
        ]
      },
      "properties": {
        "name": "Wawa Food Market 845",
        "address": "1525 E Lebanon Rd, Dover, DE, 19901",
        "categories": [
          "corner-store"
        ],
        "sources": [
          "snap-retailers"
        ],
        "external_ids": [
          "908371"
        ],
        "contributor_count": 1
      }
    },
    {
      "type": "Feature",
      "geometry": {
        "type": "Point",
        "coordinates": [
          -75.497498,
          39.124195
        ]
      },
      "properties": {
        "name": "Dollar General 9155",
        "address": "250 Gateway South Blvd, Dover, DE, 19901",
        "categories": [
          "other"
        ],
        "sources": [
          "snap-retailers"
        ],
        "external_ids": [
          "737957"
        ],
        "contributor_count": 1
      }
    },
    {
      "type": "Feature",
      "geometry": {
        "type": "Point",
        "coordinates": [
          -75.497498,
          39.124195
        ]
      },
      "properties": {
        "name": "Food Lion 1419",
        "address": "250 Gateway South Blvd, Dover, DE, 19901",
        "categories": [
          "supermarket"
        ],
        "sources": [
          "snap-retailers"
        ],
        "external_ids": [
          "455236"
        ],
        "contributor_count": 1
      }
    },
    {
      "type": "Feature",
      "geometry": {
        "type": "Point",
        "coordinates": [
          -75.53083,
          39.125694
        ]
      },
      "properties": {
        "name": "El Super Latin Groceries",
        "address": "1921 S Dupont Hwy, Dover, DE, 19901",
        "categories": [
          "grocery-store"
        ],
        "sources": [
          "snap-retailers"
        ],
        "external_ids": [
          "1507439"
        ],
        "contributor_count": 1
      }
    },
    {
      "type": "Feature",
      "geometry": {
        "type": "Point",
        "coordinates": [
          -75.532578,
          39.125809
        ]
      },
      "properties": {
        "name": "Family Dollar 3634",
        "address": "1720 S Governors Ave, Dover, DE, 19904",
        "categories": [
          "other"
        ],
        "sources": [
          "snap-retailers"
        ],
        "external_ids": [
          "899135"
        ],
        "contributor_count": 1
      }
    },
    {
      "type": "Feature",
      "geometry": {
        "type": "Point",
        "coordinates": [
          -75.532806,
          39.126698
        ]
      },
      "properties": {
        "name": "Dollar Tree 8727",
        "address": "1646 S Governors Ave, Dover, DE, 19904",
        "categories": [
          "other"
        ],
        "sources": [
          "snap-retailers"
        ],
        "external_ids": [
          "1462798"
        ],
        "contributor_count": 1
      }
    },
    {
      "type": "Feature",
      "geometry": {
        "type": "Point",
        "coordinates": [
          -75.532806,
          39.126698
        ]
      },
      "properties": {
        "name": "Produce Village LLC",
        "address": "1724 S Governors Ave, Dover, DE, 19904",
        "categories": [
          "grocery-store"
        ],
        "sources": [
          "snap-retailers"
        ],
        "external_ids": [
          "1458358"
        ],
        "contributor_count": 1
      }
    },
    {
      "type": "Feature",
      "geometry": {
        "type": "Point",
        "coordinates": [
          -75.530724,
          39.12973
        ]
      },
      "properties": {
        "name": "MC Caribbean Market",
        "address": "1622 S Governors Ave, Dover, DE, 19904",
        "categories": [
          "grocery-store"
        ],
        "sources": [
          "snap-retailers"
        ],
        "external_ids": [
          "1330578"
        ],
        "contributor_count": 1
      }
    },
    {
      "type": "Feature",
      "geometry": {
        "type": "Point",
        "coordinates": [
          -75.528854,
          39.13612
        ]
      },
      "properties": {
        "name": "Mikes Food Mart",
        "address": "1272 S Governors Ave, Dover, DE, 19904",
        "categories": [
          "corner-store"
        ],
        "sources": [
          "snap-retailers"
        ],
        "external_ids": [
          "1004215"
        ],
        "contributor_count": 1
      }
    },
    {
      "type": "Feature",
      "geometry": {
        "type": "Point",
        "coordinates": [
          -75.496468,
          39.138229
        ]
      },
      "properties": {
        "name": "Food Mart- Oriental Spanish Mart",
        "address": "1152A S Bay Rd, Dover, DE, 19901",
        "categories": [
          "grocery-store"
        ],
        "sources": [
          "snap-retailers"
        ],
        "external_ids": [
          "1131512"
        ],
        "contributor_count": 1
      }
    },
    {
      "type": "Feature",
      "geometry": {
        "type": "Point",
        "coordinates": [
          -75.580322,
          39.141918
        ]
      },
      "properties": {
        "name": "Haass' Family Butcher Shop",
        "address": "3997 Hazlettville Rd, Dover, DE, 19904",
        "categories": [
          "specialty-grocer"
        ],
        "sources": [
          "snap-retailers"
        ],
        "external_ids": [
          "286104"
        ],
        "contributor_count": 1
      }
    },
    {
      "type": "Feature",
      "geometry": {
        "type": "Point",
        "coordinates": [
          -75.703316,
          39.145
        ]
      },
      "properties": {
        "name": "Bodine Farms Meat Market",
        "address": "1652 Hourglass Rd, Hartly, DE, 19953",
        "categories": [
          "specialty-grocer"
        ],
        "sources": [
          "snap-retailers"
        ],
        "external_ids": [
          "1424349"
        ],
        "contributor_count": 1
      }
    },
    {
      "type": "Feature",
      "geometry": {
        "type": "Point",
        "coordinates": [
          -75.524719,
          39.148933
        ]
      },
      "properties": {
        "name": "Good News Health Food Llc",
        "address": "739 S Governors Ave, Dover, DE, 19904",
        "categories": [
          "grocery-store"
        ],
        "sources": [
          "snap-retailers"
        ],
        "external_ids": [
          "1350164"
        ],
        "contributor_count": 1
      }
    },
    {
      "type": "Feature",
      "geometry": {
        "type": "Point",
        "coordinates": [
          -75.507721,
          39.151039
        ]
      },
      "properties": {
        "name": "Dollar Tree 7874",
        "address": "650 S Bay Rd, Dover, DE, 19901",
        "categories": [
          "other"
        ],
        "sources": [
          "snap-retailers"
        ],
        "external_ids": [
          "1403563"
        ],
        "contributor_count": 1
      }
    },
    {
      "type": "Feature",
      "geometry": {
        "type": "Point",
        "coordinates": [
          -75.526566,
          39.154041
        ]
      },
      "properties": {
        "name": "Magic 7 ",
        "address": "449 S New St, Dover, DE, 19904",
        "categories": [
          "corner-store"
        ],
        "sources": [
          "snap-retailers"
        ],
        "external_ids": [
          "1417224"
        ],
        "contributor_count": 1
      }
    },
    {
      "type": "Feature",
      "geometry": {
        "type": "Point",
        "coordinates": [
          -75.648804,
          39.154102
        ]
      },
      "properties": {
        "name": "Royal Farms 117",
        "address": "6538 Halltown Rd, Hartly, DE, 19953",
        "categories": [
          "corner-store"
        ],
        "sources": [
          "snap-retailers"
        ],
        "external_ids": [
          "990198"
        ],
        "contributor_count": 1
      }
    },
    {
      "type": "Feature",
      "geometry": {
        "type": "Point",
        "coordinates": [
          -75.541,
          39.154236
        ]
      },
      "properties": {
        "name": "Royal Farms 151",
        "address": "293 S Saulsbury Rd, Dover, DE, 19904",
        "categories": [
          "corner-store"
        ],
        "sources": [
          "snap-retailers"
        ],
        "external_ids": [
          "1119865"
        ],
        "contributor_count": 1
      }
    },
    {
      "type": "Feature",
      "geometry": {
        "type": "Point",
        "coordinates": [
          -75.541199,
          39.154728
        ]
      },
      "properties": {
        "name": "Dollar General 25013",
        "address": "283 S Saulsbury Rd, Dover, DE, 19904",
        "categories": [
          "other"
        ],
        "sources": [
          "snap-retailers"
        ],
        "external_ids": [
          "1632649"
        ],
        "contributor_count": 1
      }
    },
    {
      "type": "Feature",
      "geometry": {
        "type": "Point",
        "coordinates": [
          -75.647163,
          39.154755
        ]
      },
      "properties": {
        "name": "Nicks Corner Store",
        "address": "5782 Forrest Ave, Dover, DE, 19904",
        "categories": [
          "corner-store"
        ],
        "sources": [
          "snap-retailers"
        ],
        "external_ids": [
          "1664414"
        ],
        "contributor_count": 1
      }
    },
    {
      "type": "Feature",
      "geometry": {
        "type": "Point",
        "coordinates": [
          -75.60247,
          39.155506
        ]
      },
      "properties": {
        "name": "BYLERS STORE",
        "address": "1368 Rose Valley School Rd, Dover, DE, 19904",
        "categories": [
          "supermarket"
        ],
        "sources": [
          "snap-retailers"
        ],
        "external_ids": [
          "316301"
        ],
        "contributor_count": 1
      }
    },
    {
      "type": "Feature",
      "geometry": {
        "type": "Point",
        "coordinates": [
          -75.620766,
          39.156693
        ]
      },
      "properties": {
        "name": "Dollar General 18321",
        "address": "63 Winding Creek Rd, Dover, DE, 19904",
        "categories": [
          "other"
        ],
        "sources": [
          "snap-retailers"
        ],
        "external_ids": [
          "1373608"
        ],
        "contributor_count": 1
      }
    },
    {
      "type": "Feature",
      "geometry": {
        "type": "Point",
        "coordinates": [
          -75.499649,
          39.156879
        ]
      },
      "properties": {
        "name": "Country Farm",
        "address": "1014 S Little Creek Rd, Dover, DE, 19901",
        "categories": [
          "corner-store"
        ],
        "sources": [
          "snap-retailers"
        ],
        "external_ids": [
          "1246013"
        ],
        "contributor_count": 1
      }
    },
    {
      "type": "Feature",
      "geometry": {
        "type": "Point",
        "coordinates": [
          -75.511032,
          39.157738
        ]
      },
      "properties": {
        "name": "Royal Farms 110",
        "address": "295 S Dupont Hwy, Dover, DE, 19901",
        "categories": [
          "corner-store"
        ],
        "sources": [
          "snap-retailers"
        ],
        "external_ids": [
          "588263"
        ],
        "contributor_count": 1
      }
    },
    {
      "type": "Feature",
      "geometry": {
        "type": "Point",
        "coordinates": [
          -75.558929,
          39.158161
        ]
      },
      "properties": {
        "name": "Wawa Food Market 855",
        "address": "1450 Forrest Ave, Dover, DE, 19904",
        "categories": [
          "corner-store"
        ],
        "sources": [
          "snap-retailers"
        ],
        "external_ids": [
          "908379"
        ],
        "contributor_count": 1
      }
    },
    {
      "type": "Feature",
      "geometry": {
        "type": "Point",
        "coordinates": [
          -75.544807,
          39.158459
        ]
      },
      "properties": {
        "name": "Dollar Tree 1563",
        "address": "1030 Forrest Ave, Dover, DE, 19904",
        "categories": [
          "other"
        ],
        "sources": [
          "snap-retailers"
        ],
        "external_ids": [
          "778151"
        ],
        "contributor_count": 1
      }
    },
    {
      "type": "Feature",
      "geometry": {
        "type": "Point",
        "coordinates": [
          -75.544807,
          39.158459
        ]
      },
      "properties": {
        "name": "Food Lion 1385",
        "address": "1030 Forrest Ave, Dover, DE, 19904",
        "categories": [
          "supermarket"
        ],
        "sources": [
          "snap-retailers"
        ],
        "external_ids": [
          "233930"
        ],
        "contributor_count": 1
      }
    },
    {
      "type": "Feature",
      "geometry": {
        "type": "Point",
        "coordinates": [
          -75.542931,
          39.158813
        ]
      },
      "properties": {
        "name": "CVS 2069",
        "address": "988 Forrest Ave, Dover, DE, 19904",
        "categories": [
          "other"
        ],
        "sources": [
          "snap-retailers"
        ],
        "external_ids": [
          "969026"
        ],
        "contributor_count": 1
      }
    },
    {
      "type": "Feature",
      "geometry": {
        "type": "Point",
        "coordinates": [
          -75.54351,
          39.158897
        ]
      },
      "properties": {
        "name": "Walgreens 09687",
        "address": "1001 Forrest Ave, Dover, DE, 19904",
        "categories": [
          "other"
        ],
        "sources": [
          "snap-retailers"
        ],
        "external_ids": [
          "859696"
        ],
        "contributor_count": 1
      }
    },
    {
      "type": "Feature",
      "geometry": {
        "type": "Point",
        "coordinates": [
          -75.50882,
          39.158947
        ]
      },
      "properties": {
        "name": "SAFEWAY 1763",
        "address": "190 John Hunn Brown Rd, Dover, DE, 19901",
        "categories": [
          "supermarket"
        ],
        "sources": [
          "snap-retailers"
        ],
        "external_ids": [
          "717978"
        ],
        "contributor_count": 1
      }
    },
    {
      "type": "Feature",
      "geometry": {
        "type": "Point",
        "coordinates": [
          -75.513359,
          39.159355
        ]
      },
      "properties": {
        "name": "Dollar General 384",
        "address": "282 S Dupont Hwy, Dover, DE, 19901",
        "categories": [
          "other"
        ],
        "sources": [
          "snap-retailers"
        ],
        "external_ids": [
          "738365"
        ],
        "contributor_count": 1
      }
    },
    {
      "type": "Feature",
      "geometry": {
        "type": "Point",
        "coordinates": [
          -75.513359,
          39.159355
        ]
      },
      "properties": {
        "name": "Wawa Food Market 838",
        "address": "290 S Dupont Hwy, Dover, DE, 19901",
        "categories": [
          "corner-store"
        ],
        "sources": [
          "snap-retailers"
        ],
        "external_ids": [
          "483326"
        ],
        "contributor_count": 1
      }
    },
    {
      "type": "Feature",
      "geometry": {
        "type": "Point",
        "coordinates": [
          -75.552589,
          39.159458
        ]
      },
      "properties": {
        "name": "Pirits Market",
        "address": "321B Independence Blvd, Dover, DE, 19904",
        "categories": [
          "grocery-store"
        ],
        "sources": [
          "snap-retailers"
        ],
        "external_ids": [
          "1438808"
        ],
        "contributor_count": 1
      }
    },
    {
      "type": "Feature",
      "geometry": {
        "type": "Point",
        "coordinates": [
          -75.510872,
          39.159981
        ]
      },
      "properties": {
        "name": "Target Stores 1312",
        "address": "148 John Hunn Brown Rd, Dover, DE, 19901",
        "categories": [
          "supermarket"
        ],
        "sources": [
          "snap-retailers"
        ],
        "external_ids": [
          "822586"
        ],
        "contributor_count": 1
      }
    },
    {
      "type": "Feature",
      "geometry": {
        "type": "Point",
        "coordinates": [
          -75.530464,
          39.161919
        ]
      },
      "properties": {
        "name": "Aaa Deli Inc",
        "address": "316 Fulton St, Dover, DE, 19904",
        "categories": [
          "corner-store"
        ],
        "sources": [
          "snap-retailers"
        ],
        "external_ids": [
          "1556407"
        ],
        "contributor_count": 1
      }
    },
    {
      "type": "Feature",
      "geometry": {
        "type": "Point",
        "coordinates": [
          -75.517189,
          39.163952
        ]
      },
      "properties": {
        "name": "ALDI 71119",
        "address": "10 DuPont Hwy, Dover, DE, 19901",
        "categories": [
          "supermarket"
        ],
        "sources": [
          "snap-retailers"
        ],
        "external_ids": [
          "1365722"
        ],
        "contributor_count": 1
      }
    },
    {
      "type": "Feature",
      "geometry": {
        "type": "Point",
        "coordinates": [
          -75.514648,
          39.164101
        ]
      },
      "properties": {
        "name": "CVS 1911",
        "address": "11 N Dupont Hwy, Dover, DE, 19901",
        "categories": [
          "other"
        ],
        "sources": [
          "snap-retailers"
        ],
        "external_ids": [
          "949901"
        ],
        "contributor_count": 1
      }
    },
    {
      "type": "Feature",
      "geometry": {
        "type": "Point",
        "coordinates": [
          -75.515572,
          39.164421
        ]
      },
      "properties": {
        "name": "Speedway 2812",
        "address": "31 N Dupont Hwy, Dover, DE, 19901",
        "categories": [
          "corner-store"
        ],
        "sources": [
          "snap-retailers"
        ],
        "external_ids": [
          "982183"
        ],
        "contributor_count": 1
      }
    },
    {
      "type": "Feature",
      "geometry": {
        "type": "Point",
        "coordinates": [
          -75.510658,
          39.165073
        ]
      },
      "properties": {
        "name": "Little Grocer",
        "address": "902 E Division St, Dover, DE, 19901",
        "categories": [
          "corner-store"
        ],
        "sources": [
          "snap-retailers"
        ],
        "external_ids": [
          "1618711"
        ],
        "contributor_count": 1
      }
    },
    {
      "type": "Feature",
      "geometry": {
        "type": "Point",
        "coordinates": [
          -75.528351,
          39.165405
        ]
      },
      "properties": {
        "name": "Grocery Basket Inc",
        "address": "301 N Bradford St, Dover, DE, 19904",
        "categories": [
          "corner-store"
        ],
        "sources": [
          "snap-retailers"
        ],
        "external_ids": [
          "1441857"
        ],
        "contributor_count": 1
      }
    },
    {
      "type": "Feature",
      "geometry": {
        "type": "Point",
        "coordinates": [
          -75.516945,
          39.166756
        ]
      },
      "properties": {
        "name": "Lidl 1166",
        "address": "150 N Dupont Hwy, Dover, DE, 19901",
        "categories": [
          "supermarket"
        ],
        "sources": [
          "snap-retailers"
        ],
        "external_ids": [
          "1393788"
        ],
        "contributor_count": 1
      }
    },
    {
      "type": "Feature",
      "geometry": {
        "type": "Point",
        "coordinates": [
          -75.713448,
          39.168041
        ]
      },
      "properties": {
        "name": "Dollar General 24490",
        "address": "2832 Arthursville Rd, Hartly, DE, 19953",
        "categories": [
          "other"
        ],
        "sources": [
          "snap-retailers"
        ],
        "external_ids": [
          "1650981"
        ],
        "contributor_count": 1
      }
    },
    {
      "type": "Feature",
      "geometry": {
        "type": "Point",
        "coordinates": [
          -75.712906,
          39.168369
        ]
      },
      "properties": {
        "name": "Family Dollar 11617",
        "address": "12 Main St, Hartly, DE, 19953",
        "categories": [
          "other"
        ],
        "sources": [
          "snap-retailers"
        ],
        "external_ids": [
          "1273548"
        ],
        "contributor_count": 1
      }
    },
    {
      "type": "Feature",
      "geometry": {
        "type": "Point",
        "coordinates": [
          -75.547935,
          39.169739
        ]
      },
      "properties": {
        "name": "Dollar General 12556",
        "address": "1059 Walker Rd, Dover, DE, 19904",
        "categories": [
          "other"
        ],
        "sources": [
          "snap-retailers"
        ],
        "external_ids": [
          "968644"
        ],
        "contributor_count": 1
      }
    },
    {
      "type": "Feature",
      "geometry": {
        "type": "Point",
        "coordinates": [
          -75.547813,
          39.170166
        ]
      },
      "properties": {
        "name": "Mawahs International Market Llc 7177147141",
        "address": "1019 Walker Rd, Dover, DE, 19904",
        "categories": [
          "corner-store"
        ],
        "sources": [
          "snap-retailers"
        ],
        "external_ids": [
          "1594728"
        ],
        "contributor_count": 1
      }
    },
    {
      "type": "Feature",
      "geometry": {
        "type": "Point",
        "coordinates": [
          -75.541702,
          39.17046
        ]
      },
      "properties": {
        "name": "One Stop",
        "address": "780 Walker Rd, Dover, DE, 19904",
        "categories": [
          "corner-store"
        ],
        "sources": [
          "snap-retailers"
        ],
        "external_ids": [
          "1252232"
        ],
        "contributor_count": 1
      }
    },
    {
      "type": "Feature",
      "geometry": {
        "type": "Point",
        "coordinates": [
          -75.512146,
          39.170784
        ]
      },
      "properties": {
        "name": "One Stop",
        "address": "1102 White Oak Rd, Dover, DE, 19901",
        "categories": [
          "corner-store"
        ],
        "sources": [
          "snap-retailers"
        ],
        "external_ids": [
          "1442328"
        ],
        "contributor_count": 1
      }
    },
    {
      "type": "Feature",
      "geometry": {
        "type": "Point",
        "coordinates": [
          -75.51577,
          39.171562
        ]
      },
      "properties": {
        "name": "Dollar Tree 1799",
        "address": "261 N Dupont Hwy, Dover, DE, 19901",
        "categories": [
          "other"
        ],
        "sources": [
          "snap-retailers"
        ],
        "external_ids": [
          "778162"
        ],
        "contributor_count": 1
      }
    },
    {
      "type": "Feature",
      "geometry": {
        "type": "Point",
        "coordinates": [
          -75.521904,
          39.174637
        ]
      },
      "properties": {
        "name": "Tienda Latina",
        "address": "720C Townsend Blvd, Dover, DE, 19901",
        "categories": [
          "grocery-store"
        ],
        "sources": [
          "snap-retailers"
        ],
        "external_ids": [
          "957981"
        ],
        "contributor_count": 1
      }
    },
    {
      "type": "Feature",
      "geometry": {
        "type": "Point",
        "coordinates": [
          -75.522011,
          39.175949
        ]
      },
      "properties": {
        "name": "Ocean State Job Lot 185",
        "address": "515 N Dupont Hwy, Dover, DE, 19901",
        "categories": [
          "other"
        ],
        "sources": [
          "snap-retailers"
        ],
        "external_ids": [
          "1648781"
        ],
        "contributor_count": 1
      }
    },
    {
      "type": "Feature",
      "geometry": {
        "type": "Point",
        "coordinates": [
          -75.526878,
          39.178391
        ]
      },
      "properties": {
        "name": "7 ELEVEN 36876a",
        "address": "654 N Dupont Hwy, Dover, DE, 19901",
        "categories": [
          "corner-store"
        ],
        "sources": [
          "snap-retailers"
        ],
        "external_ids": [
          "1276321"
        ],
        "contributor_count": 1
      }
    },
    {
      "type": "Feature",
      "geometry": {
        "type": "Point",
        "coordinates": [
          -75.528938,
          39.178501
        ]
      },
      "properties": {
        "name": "Family Dollar 1766",
        "address": "1007 N State St, Dover, DE, 19901",
        "categories": [
          "other"
        ],
        "sources": [
          "snap-retailers"
        ],
        "external_ids": [
          "898874"
        ],
        "contributor_count": 1
      }
    },
    {
      "type": "Feature",
      "geometry": {
        "type": "Point",
        "coordinates": [
          -75.527748,
          39.179188
        ]
      },
      "properties": {
        "name": "Kabab Korner Groceries",
        "address": "706 N Dupont Hwy, Dover, DE, 19901",
        "categories": [
          "grocery-store"
        ],
        "sources": [
          "snap-retailers"
        ],
        "external_ids": [
          "1426037"
        ],
        "contributor_count": 1
      }
    },
    {
      "type": "Feature",
      "geometry": {
        "type": "Point",
        "coordinates": [
          -75.542801,
          39.190617
        ]
      },
      "properties": {
        "name": "Produce Junction Inc.",
        "address": "1350 N Dupont Hwy, Dover, DE, 19901",
        "categories": [
          "specialty-grocer"
        ],
        "sources": [
          "snap-retailers"
        ],
        "external_ids": [
          "1216667"
        ],
        "contributor_count": 1
      }
    },
    {
      "type": "Feature",
      "geometry": {
        "type": "Point",
        "coordinates": [
          -75.553299,
          39.193119
        ]
      },
      "properties": {
        "name": "Sam's Club 6330",
        "address": "1572 N Dupont Hwy, Dover, DE, 19901",
        "categories": [
          "supermarket"
        ],
        "sources": [
          "snap-retailers"
        ],
        "external_ids": [
          "1693794"
        ],
        "contributor_count": 1
      }
    },
    {
      "type": "Feature",
      "geometry": {
        "type": "Point",
        "coordinates": [
          -75.547256,
          39.194996
        ]
      },
      "properties": {
        "name": "WAWA 848",
        "address": "2800 N Dupont Hwy, Dover, DE, 19901",
        "categories": [
          "corner-store"
        ],
        "sources": [
          "snap-retailers"
        ],
        "external_ids": [
          "964090"
        ],
        "contributor_count": 1
      }
    },
    {
      "type": "Feature",
      "geometry": {
        "type": "Point",
        "coordinates": [
          -75.559227,
          39.202675
        ]
      },
      "properties": {
        "name": "Shore Stop 248",
        "address": "3668 N Dupont Hwy, Dover, DE, 19901",
        "categories": [
          "corner-store"
        ],
        "sources": [
          "snap-retailers"
        ],
        "external_ids": [
          "562580"
        ],
        "contributor_count": 1
      }
    },
    {
      "type": "Feature",
      "geometry": {
        "type": "Point",
        "coordinates": [
          -75.562027,
          39.204346
        ]
      },
      "properties": {
        "name": "Tia's Asian Spanish Grocery Store",
        "address": "3847 N Dupont Hwy, Dover, DE, 19901",
        "categories": [
          "corner-store"
        ],
        "sources": [
          "snap-retailers"
        ],
        "external_ids": [
          "1035425"
        ],
        "contributor_count": 1
      }
    },
    {
      "type": "Feature",
      "geometry": {
        "type": "Point",
        "coordinates": [
          -75.603195,
          39.206139
        ]
      },
      "properties": {
        "name": "John's Market Llc",
        "address": "4693 Kenton Rd, Dover, DE, 19904",
        "categories": [
          "other"
        ],
        "sources": [
          "snap-retailers"
        ],
        "external_ids": [
          "1488244"
        ],
        "contributor_count": 1
      }
    },
    {
      "type": "Feature",
      "geometry": {
        "type": "Point",
        "coordinates": [
          -75.570633,
          39.208206
        ]
      },
      "properties": {
        "name": "Dollar Tree 4195",
        "address": "92 Salt Creek Dr, Dover, DE, 19901",
        "categories": [
          "other"
        ],
        "sources": [
          "snap-retailers"
        ],
        "external_ids": [
          "920017"
        ],
        "contributor_count": 1
      }
    },
    {
      "type": "Feature",
      "geometry": {
        "type": "Point",
        "coordinates": [
          -75.570633,
          39.208206
        ]
      },
      "properties": {
        "name": "Redners Warehouse Markets 13",
        "address": "88 Salt Creek Dr, Dover, DE, 19901",
        "categories": [
          "supermarket"
        ],
        "sources": [
          "snap-retailers"
        ],
        "external_ids": [
          "871233"
        ],
        "contributor_count": 1
      }
    },
    {
      "type": "Feature",
      "geometry": {
        "type": "Point",
        "coordinates": [
          -75.567085,
          39.208279
        ]
      },
      "properties": {
        "name": "Fola International Market",
        "address": "4200 N Dupont Hwy, Dover, DE, 19901",
        "categories": [
          "other"
        ],
        "sources": [
          "snap-retailers"
        ],
        "external_ids": [
          "1345567"
        ],
        "contributor_count": 1
      }
    },
    {
      "type": "Feature",
      "geometry": {
        "type": "Point",
        "coordinates": [
          -75.571236,
          39.216499
        ]
      },
      "properties": {
        "name": "Walmart Supercenter 1736",
        "address": "36 Jerome St, Dover, DE, 19901",
        "categories": [
          "supermarket"
        ],
        "sources": [
          "snap-retailers"
        ],
        "external_ids": [
          "280310"
        ],
        "contributor_count": 1
      }
    },
    {
      "type": "Feature",
      "geometry": {
        "type": "Point",
        "coordinates": [
          -75.574379,
          39.219425
        ]
      },
      "properties": {
        "name": "West Indian Caricom Market",
        "address": "5132 N Dupont Hwy, Dover, DE, 19901",
        "categories": [
          "corner-store"
        ],
        "sources": [
          "snap-retailers"
        ],
        "external_ids": [
          "1010704"
        ],
        "contributor_count": 1
      }
    },
    {
      "type": "Feature",
      "geometry": {
        "type": "Point",
        "coordinates": [
          -75.578957,
          39.222458
        ]
      },
      "properties": {
        "name": "Family Dollar 11453",
        "address": "670 MAIN ST, Cheswold, DE, 19936",
        "categories": [
          "other"
        ],
        "sources": [
          "snap-retailers"
        ],
        "external_ids": [
          "1182389"
        ],
        "contributor_count": 1
      }
    },
    {
      "type": "Feature",
      "geometry": {
        "type": "Point",
        "coordinates": [
          -75.577774,
          39.223488
        ]
      },
      "properties": {
        "name": "Shore Stop 232",
        "address": "761 Main St, Cheswold, DE, 19904",
        "categories": [
          "corner-store"
        ],
        "sources": [
          "snap-retailers"
        ],
        "external_ids": [
          "577886"
        ],
        "contributor_count": 1
      }
    },
    {
      "type": "Feature",
      "geometry": {
        "type": "Point",
        "coordinates": [
          -75.66951,
          39.22366
        ]
      },
      "properties": {
        "name": "Dollar General 19716",
        "address": "5212 Sudlersville Rd, Clayton, DE, 19938",
        "categories": [
          "other"
        ],
        "sources": [
          "snap-retailers"
        ],
        "external_ids": [
          "1365456"
        ],
        "contributor_count": 1
      }
    },
    {
      "type": "Feature",
      "geometry": {
        "type": "Point",
        "coordinates": [
          -75.576141,
          39.22459
        ]
      },
      "properties": {
        "name": "Royal Farms 119",
        "address": "47 Fast Landing Rd, Dover, DE, 19901",
        "categories": [
          "corner-store"
        ],
        "sources": [
          "snap-retailers"
        ],
        "external_ids": [
          "1019055"
        ],
        "contributor_count": 1
      }
    },
    {
      "type": "Feature",
      "geometry": {
        "type": "Point",
        "coordinates": [
          -75.587791,
          39.266857
        ]
      },
      "properties": {
        "name": "EASTERN SHORE SEAFOOD INC",
        "address": "2626 S Dupont Blvd, Smyrna, DE, 19977",
        "categories": [
          "specialty-grocer"
        ],
        "sources": [
          "snap-retailers"
        ],
        "external_ids": [
          "783606"
        ],
        "contributor_count": 1
      }
    },
    {
      "type": "Feature",
      "geometry": {
        "type": "Point",
        "coordinates": [
          -75.590057,
          39.274109
        ]
      },
      "properties": {
        "name": "Tienda La Herencia",
        "address": "2119 S Dupont Blvd, Smyrna, DE, 19977",
        "categories": [
          "corner-store"
        ],
        "sources": [
          "snap-retailers"
        ],
        "external_ids": [
          "1426424"
        ],
        "contributor_count": 1
      }
    },
    {
      "type": "Feature",
      "geometry": {
        "type": "Point",
        "coordinates": [
          -75.591255,
          39.28001
        ]
      },
      "properties": {
        "name": "Food Lion 1426",
        "address": "215 Stadium St, Smyrna, DE, 19977",
        "categories": [
          "supermarket"
        ],
        "sources": [
          "snap-retailers"
        ],
        "external_ids": [
          "526856"
        ],
        "contributor_count": 1
      }
    },
    {
      "type": "Feature",
      "geometry": {
        "type": "Point",
        "coordinates": [
          -75.590828,
          39.280914
        ]
      },
      "properties": {
        "name": "Dollar Tree 4190",
        "address": "217 Stadium St, Smyrna, DE, 19977",
        "categories": [
          "other"
        ],
        "sources": [
          "snap-retailers"
        ],
        "external_ids": [
          "906884"
        ],
        "contributor_count": 1
      }
    },
    {
      "type": "Feature",
      "geometry": {
        "type": "Point",
        "coordinates": [
          -75.594307,
          39.281109
        ]
      },
      "properties": {
        "name": "Walgreens 11134",
        "address": "700 Jimmy Dr, Smyrna, DE, 19977",
        "categories": [
          "other"
        ],
        "sources": [
          "snap-retailers"
        ],
        "external_ids": [
          "882866"
        ],
        "contributor_count": 1
      }
    },
    {
      "type": "Feature",
      "geometry": {
        "type": "Point",
        "coordinates": [
          -75.594528,
          39.281803
        ]
      },
      "properties": {
        "name": "Dollar General 12035",
        "address": "599 Jimmy Dr, Smyrna, DE, 19977",
        "categories": [
          "other"
        ],
        "sources": [
          "snap-retailers"
        ],
        "external_ids": [
          "936389"
        ],
        "contributor_count": 1
      }
    },
    {
      "type": "Feature",
      "geometry": {
        "type": "Point",
        "coordinates": [
          -75.594131,
          39.282471
        ]
      },
      "properties": {
        "name": "Wawa Food Market 853",
        "address": "500 Jimmy Dr, Smyrna, DE, 19977",
        "categories": [
          "corner-store"
        ],
        "sources": [
          "snap-retailers"
        ],
        "external_ids": [
          "1036820"
        ],
        "contributor_count": 1
      }
    },
    {
      "type": "Feature",
      "geometry": {
        "type": "Point",
        "coordinates": [
          -75.5942,
          39.284206
        ]
      },
      "properties": {
        "name": "ALDI 71127",
        "address": "1382 S Dupont Blvd, Smyrna, DE, 19977",
        "categories": [
          "supermarket"
        ],
        "sources": [
          "snap-retailers"
        ],
        "external_ids": [
          "1345630"
        ],
        "contributor_count": 1
      }
    },
    {
      "type": "Feature",
      "geometry": {
        "type": "Point",
        "coordinates": [
          -75.619736,
          39.295734
        ]
      },
      "properties": {
        "name": "Family Dollar 2380",
        "address": "701 W Glenwood Ave, Smyrna, DE, 19977",
        "categories": [
          "other"
        ],
        "sources": [
          "snap-retailers"
        ],
        "external_ids": [
          "899116"
        ],
        "contributor_count": 1
      }
    },
    {
      "type": "Feature",
      "geometry": {
        "type": "Point",
        "coordinates": [
          -75.60704,
          39.300014
        ]
      },
      "properties": {
        "name": "King Market Llc 1",
        "address": "29 W Commerce St, Smyrna, DE, 19977",
        "categories": [
          "corner-store"
        ],
        "sources": [
          "snap-retailers"
        ],
        "external_ids": [
          "1529079"
        ],
        "contributor_count": 1
      }
    },
    {
      "type": "Feature",
      "geometry": {
        "type": "Point",
        "coordinates": [
          -75.601974,
          39.300499
        ]
      },
      "properties": {
        "name": "Gas & Go",
        "address": "126 S Dupont Blvd, Smyrna, DE, 19977",
        "categories": [
          "corner-store"
        ],
        "sources": [
          "snap-retailers"
        ],
        "external_ids": [
          "1248830"
        ],
        "contributor_count": 1
      }
    },
    {
      "type": "Feature",
      "geometry": {
        "type": "Point",
        "coordinates": [
          -75.610641,
          39.303818
        ]
      },
      "properties": {
        "name": "LA TROPICANA",
        "address": "310 N Main St, Smyrna, DE, 19977",
        "categories": [
          "grocery-store"
        ],
        "sources": [
          "snap-retailers"
        ],
        "external_ids": [
          "887120"
        ],
        "contributor_count": 1
      }
    },
    {
      "type": "Feature",
      "geometry": {
        "type": "Point",
        "coordinates": [
          -75.607788,
          39.305576
        ]
      },
      "properties": {
        "name": "ACME 2836",
        "address": "236 E Glenwood Ave, Smyrna, DE, 19977",
        "categories": [
          "supermarket"
        ],
        "sources": [
          "snap-retailers"
        ],
        "external_ids": [
          "289508"
        ],
        "contributor_count": 1
      }
    },
    {
      "type": "Feature",
      "geometry": {
        "type": "Point",
        "coordinates": [
          -75.608711,
          39.306213
        ]
      },
      "properties": {
        "name": "Dollar General 0364",
        "address": "116B E Glenwood Ave, Smyrna, DE, 19977",
        "categories": [
          "other"
        ],
        "sources": [
          "snap-retailers"
        ],
        "external_ids": [
          "738375"
        ],
        "contributor_count": 1
      }
    },
    {
      "type": "Feature",
      "geometry": {
        "type": "Point",
        "coordinates": [
          -75.60656,
          39.306393
        ]
      },
      "properties": {
        "name": "Royal Farms 146",
        "address": "304 N Dupont Blvd, Smyrna, DE, 19977",
        "categories": [
          "corner-store"
        ],
        "sources": [
          "snap-retailers"
        ],
        "external_ids": [
          "942025"
        ],
        "contributor_count": 1
      }
    },
    {
      "type": "Feature",
      "geometry": {
        "type": "Point",
        "coordinates": [
          -75.614906,
          39.315125
        ]
      },
      "properties": {
        "name": "Shore Stop 252",
        "address": "5703 Dupont Pkwy, Smyrna, DE, 19977",
        "categories": [
          "corner-store"
        ],
        "sources": [
          "snap-retailers"
        ],
        "external_ids": [
          "628964"
        ],
        "contributor_count": 1
      }
    },
    {
      "type": "Feature",
      "geometry": {
        "type": "Point",
        "coordinates": [
          -75.615524,
          39.316303
        ]
      },
      "properties": {
        "name": "WAWA 830",
        "address": "5632 Dupont Pkwy, Smyrna, DE, 19977",
        "categories": [
          "corner-store"
        ],
        "sources": [
          "snap-retailers"
        ],
        "external_ids": [
          "964085"
        ],
        "contributor_count": 1
      }
    },
    {
      "type": "Feature",
      "geometry": {
        "type": "Point",
        "coordinates": [
          -75.607941,
          39.33252
        ]
      },
      "properties": {
        "name": "Huck And Buck Farm FFAB",
        "address": "765 Smyrna Landing Rd, Smyrna, DE, 19977",
        "categories": [
          "other"
        ],
        "sources": [
          "snap-retailers"
        ],
        "external_ids": [
          "1692830"
        ],
        "contributor_count": 1
      }
    },
    {
      "type": "Feature",
      "geometry": {
        "type": "Point",
        "coordinates": [
          -75.761612,
          39.343613
        ]
      },
      "properties": {
        "name": "Powers Farm",
        "address": "324 Vandyke MD Line Rd, Townsend, DE, 19734",
        "categories": [
          "other"
        ],
        "sources": [
          "snap-retailers"
        ],
        "external_ids": [
          "1545896"
        ],
        "contributor_count": 1
      }
    },
    {
      "type": "Feature",
      "geometry": {
        "type": "Point",
        "coordinates": [
          -75.642784,
          39.352398
        ]
      },
      "properties": {
        "name": "Dollar General 23783",
        "address": "4831 Dupont Pkwy, Townsend, DE, 19734",
        "categories": [
          "other"
        ],
        "sources": [
          "snap-retailers"
        ],
        "external_ids": [
          "1578636"
        ],
        "contributor_count": 1
      }
    },
    {
      "type": "Feature",
      "geometry": {
        "type": "Point",
        "coordinates": [
          -75.66433,
          39.377617
        ]
      },
      "properties": {
        "name": "Shore Stop 260",
        "address": "4296 Dupont Pkwy, Townsend, DE, 19734",
        "categories": [
          "corner-store"
        ],
        "sources": [
          "snap-retailers"
        ],
        "external_ids": [
          "1614509"
        ],
        "contributor_count": 1
      }
    },
    {
      "type": "Feature",
      "geometry": {
        "type": "Point",
        "coordinates": [
          -75.665558,
          39.38224
        ]
      },
      "properties": {
        "name": "Shore Stop 227",
        "address": "4235 Dupont Pkwy, Townsend, DE, 19734",
        "categories": [
          "corner-store"
        ],
        "sources": [
          "snap-retailers"
        ],
        "external_ids": [
          "522306"
        ],
        "contributor_count": 1
      }
    },
    {
      "type": "Feature",
      "geometry": {
        "type": "Point",
        "coordinates": [
          -75.663055,
          39.392242
        ]
      },
      "properties": {
        "name": "Willey Farms",
        "address": "4060 Dupont Pkwy, Townsend, DE, 19734",
        "categories": [
          "supermarket"
        ],
        "sources": [
          "snap-retailers"
        ],
        "external_ids": [
          "1090951"
        ],
        "contributor_count": 1
      }
    },
    {
      "type": "Feature",
      "geometry": {
        "type": "Point",
        "coordinates": [
          -75.684723,
          39.397797
        ]
      },
      "properties": {
        "name": "Dollar General 14910",
        "address": "101 Main St, Townsend, DE, 19734",
        "categories": [
          "other"
        ],
        "sources": [
          "snap-retailers"
        ],
        "external_ids": [
          "1164848"
        ],
        "contributor_count": 1
      }
    },
    {
      "type": "Feature",
      "geometry": {
        "type": "Point",
        "coordinates": [
          -75.684746,
          39.398144
        ]
      },
      "properties": {
        "name": "Walgreens 11135",
        "address": "5999 Summit Bridge Rd, Townsend, DE, 19734",
        "categories": [
          "other"
        ],
        "sources": [
          "snap-retailers"
        ],
        "external_ids": [
          "863345"
        ],
        "contributor_count": 1
      }
    },
    {
      "type": "Feature",
      "geometry": {
        "type": "Point",
        "coordinates": [
          -75.766899,
          39.423676
        ]
      },
      "properties": {
        "name": "Target Store T2908",
        "address": "361 Warwick Rd, Middletown, DE, 19709",
        "categories": [
          "supermarket"
        ],
        "sources": [
          "snap-retailers"
        ],
        "external_ids": [
          "1617370"
        ],
        "contributor_count": 1
      }
    },
    {
      "type": "Feature",
      "geometry": {
        "type": "Point",
        "coordinates": [
          -75.747437,
          39.440327
        ]
      },
      "properties": {
        "name": "Royal Farms 236",
        "address": "840 Middletown Warwick Rd, Middletown, DE, 19709",
        "categories": [
          "corner-store"
        ],
        "sources": [
          "snap-retailers"
        ],
        "external_ids": [
          "1270348"
        ],
        "contributor_count": 1
      }
    },
    {
      "type": "Feature",
      "geometry": {
        "type": "Point",
        "coordinates": [
          -75.735939,
          39.444569
        ]
      },
      "properties": {
        "name": "Walmart 3802",
        "address": "705 Middletown Warwick Rd, Middletown, DE, 19709",
        "categories": [
          "supermarket"
        ],
        "sources": [
          "snap-retailers"
        ],
        "external_ids": [
          "865773"
        ],
        "contributor_count": 1
      }
    },
    {
      "type": "Feature",
      "geometry": {
        "type": "Point",
        "coordinates": [
          -75.730171,
          39.445721
        ]
      },
      "properties": {
        "name": "Lidl 1129",
        "address": "359 Auto Park Dr, Middletown, DE, 19709",
        "categories": [
          "supermarket"
        ],
        "sources": [
          "snap-retailers"
        ],
        "external_ids": [
          "1293680"
        ],
        "contributor_count": 1
      }
    },
    {
      "type": "Feature",
      "geometry": {
        "type": "Point",
        "coordinates": [
          -75.731819,
          39.447659
        ]
      },
      "properties": {
        "name": "Dollar Tree 8778",
        "address": "705 S Ridge Ave, Middletown, DE, 19709",
        "categories": [
          "other"
        ],
        "sources": [
          "snap-retailers"
        ],
        "external_ids": [
          "1484091"
        ],
        "contributor_count": 1
      }
    },
    {
      "type": "Feature",
      "geometry": {
        "type": "Point",
        "coordinates": [
          -75.731781,
          39.447876
        ]
      },
      "properties": {
        "name": "Walgreens 12462",
        "address": "700 S Ridge Ave, Middletown, DE, 19709",
        "categories": [
          "other"
        ],
        "sources": [
          "snap-retailers"
        ],
        "external_ids": [
          "863361"
        ],
        "contributor_count": 1
      }
    },
    {
      "type": "Feature",
      "geometry": {
        "type": "Point",
        "coordinates": [
          -75.728142,
          39.448303
        ]
      },
      "properties": {
        "name": "WAWA 843",
        "address": "528 W Main St, Middletown, DE, 19709",
        "categories": [
          "corner-store"
        ],
        "sources": [
          "snap-retailers"
        ],
        "external_ids": [
          "964089"
        ],
        "contributor_count": 1
      }
    },
    {
      "type": "Feature",
      "geometry": {
        "type": "Point",
        "coordinates": [
          -75.733887,
          39.449055
        ]
      },
      "properties": {
        "name": "Turkish Market LLC",
        "address": "1651 Lake Seymour Dr, Middletown, DE, 19709",
        "categories": [
          "grocery-store"
        ],
        "sources": [
          "snap-retailers"
        ],
        "external_ids": [
          "1657887"
        ],
        "contributor_count": 1
      }
    },
    {
      "type": "Feature",
      "geometry": {
        "type": "Point",
        "coordinates": [
          -75.721619,
          39.449905
        ]
      },
      "properties": {
        "name": "Aisha's Halal African Market",
        "address": "5417 Peterson Rd, Middletown, DE, 19709",
        "categories": [
          "grocery-store"
        ],
        "sources": [
          "snap-retailers"
        ],
        "external_ids": [
          "1624651"
        ],
        "contributor_count": 1
      }
    },
    {
      "type": "Feature",
      "geometry": {
        "type": "Point",
        "coordinates": [
          -75.724792,
          39.450153
        ]
      },
      "properties": {
        "name": "Food Lion 1369",
        "address": "501 W Main St, Middletown, DE, 19709",
        "categories": [
          "supermarket"
        ],
        "sources": [
          "snap-retailers"
        ],
        "external_ids": [
          "719584"
        ],
        "contributor_count": 1
      }
    },
    {
      "type": "Feature",
      "geometry": {
        "type": "Point",
        "coordinates": [
          -75.732956,
          39.450191
        ]
      },
      "properties": {
        "name": "Namasthe India",
        "address": "1903 Lake Seymour Dr, Middletown, DE, 19709",
        "categories": [
          "grocery-store"
        ],
        "sources": [
          "snap-retailers"
        ],
        "external_ids": [
          "1590245"
        ],
        "contributor_count": 1
      }
    },
    {
      "type": "Feature",
      "geometry": {
        "type": "Point",
        "coordinates": [
          -75.702042,
          39.450424
        ]
      },
      "properties": {
        "name": "Walgreens 11067",
        "address": "396 E Main St, Middletown, DE, 19709",
        "categories": [
          "other"
        ],
        "sources": [
          "snap-retailers"
        ],
        "external_ids": [
          "876189"
        ],
        "contributor_count": 1
      }
    },
    {
      "type": "Feature",
      "geometry": {
        "type": "Point",
        "coordinates": [
          -75.697609,
          39.450691
        ]
      },
      "properties": {
        "name": "ACME 3816",
        "address": "460 E Main St, Middletown, DE, 19709",
        "categories": [
          "supermarket"
        ],
        "sources": [
          "snap-retailers"
        ],
        "external_ids": [
          "464923"
        ],
        "contributor_count": 1
      }
    },
    {
      "type": "Feature",
      "geometry": {
        "type": "Point",
        "coordinates": [
          -75.689262,
          39.452908
        ]
      },
      "properties": {
        "name": "Super Giant 388",
        "address": "200 Dove Run Dr, Middletown, DE, 19709",
        "categories": [
          "supermarket"
        ],
        "sources": [
          "snap-retailers"
        ],
        "external_ids": [
          "543192"
        ],
        "contributor_count": 1
      }
    },
    {
      "type": "Feature",
      "geometry": {
        "type": "Point",
        "coordinates": [
          -75.735954,
          39.453117
        ]
      },
      "properties": {
        "name": "ALDI 71159",
        "address": "1002 Bunker Hill Rd, Middletown, DE, 19709",
        "categories": [
          "supermarket"
        ],
        "sources": [
          "snap-retailers"
        ],
        "external_ids": [
          "1263981"
        ],
        "contributor_count": 1
      }
    },
    {
      "type": "Feature",
      "geometry": {
        "type": "Point",
        "coordinates": [
          -75.681686,
          39.453442
        ]
      },
      "properties": {
        "name": "CVS 10375",
        "address": "674 Middletown Odessa Rd, Middletown, DE, 19709",
        "categories": [
          "other"
        ],
        "sources": [
          "snap-retailers"
        ],
        "external_ids": [
          "1176174"
        ],
        "contributor_count": 1
      }
    },
    {
      "type": "Feature",
      "geometry": {
        "type": "Point",
        "coordinates": [
          -75.68103,
          39.453583
        ]
      },
      "properties": {
        "name": "Wawa 0859",
        "address": "690 Middletown Odessa Rd, Middletown, DE, 19709",
        "categories": [
          "corner-store"
        ],
        "sources": [
          "snap-retailers"
        ],
        "external_ids": [
          "989653"
        ],
        "contributor_count": 1
      }
    },
    {
      "type": "Feature",
      "geometry": {
        "type": "Point",
        "coordinates": [
          -75.724487,
          39.454136
        ]
      },
      "properties": {
        "name": "Dash In 1407",
        "address": "405 Middletown Warwick Rd, Middletown, DE, 19709",
        "categories": [
          "corner-store"
        ],
        "sources": [
          "snap-retailers"
        ],
        "external_ids": [
          "1688627"
        ],
        "contributor_count": 1
      }
    },
    {
      "type": "Feature",
      "geometry": {
        "type": "Point",
        "coordinates": [
          -75.726067,
          39.454479
        ]
      },
      "properties": {
        "name": "Sprouts Farmers Market 817",
        "address": "431 Middletown Warwick Rd, Middletown, DE, 19709",
        "categories": [
          "supermarket"
        ],
        "sources": [
          "snap-retailers"
        ],
        "external_ids": [
          "1694800"
        ],
        "contributor_count": 1
      }
    },
    {
      "type": "Feature",
      "geometry": {
        "type": "Point",
        "coordinates": [
          -75.719772,
          39.45483
        ]
      },
      "properties": {
        "name": "Land Of Spice Desi Farmers Market",
        "address": "600 N Broad St, Middletown, DE, 19709",
        "categories": [
          "grocery-store"
        ],
        "sources": [
          "snap-retailers"
        ],
        "external_ids": [
          "1558867"
        ],
        "contributor_count": 1
      }
    },
    {
      "type": "Feature",
      "geometry": {
        "type": "Point",
        "coordinates": [
          -75.719337,
          39.457935
        ]
      },
      "properties": {
        "name": "Fishers Meat Market LLC",
        "address": "701 N Braod St, Middletown, DE, 19709",
        "categories": [
          "specialty-grocer"
        ],
        "sources": [
          "snap-retailers"
        ],
        "external_ids": [
          "944851"
        ],
        "contributor_count": 1
      }
    },
    {
      "type": "Feature",
      "geometry": {
        "type": "Point",
        "coordinates": [
          -75.719788,
          39.459217
        ]
      },
      "properties": {
        "name": "Fiesta Deli M Arket",
        "address": "709 N Broad St, Middletown, DE, 19709",
        "categories": [
          "grocery-store"
        ],
        "sources": [
          "snap-retailers"
        ],
        "external_ids": [
          "1290348"
        ],
        "contributor_count": 1
      }
    },
    {
      "type": "Feature",
      "geometry": {
        "type": "Point",
        "coordinates": [
          -75.720093,
          39.460072
        ]
      },
      "properties": {
        "name": "Dollar Tree 3031",
        "address": "823 N Broad St, Middletown, DE, 19709",
        "categories": [
          "other"
        ],
        "sources": [
          "snap-retailers"
        ],
        "external_ids": [
          "804452"
        ],
        "contributor_count": 1
      }
    },
    {
      "type": "Feature",
      "geometry": {
        "type": "Point",
        "coordinates": [
          -75.720268,
          39.46059
        ]
      },
      "properties": {
        "name": "Middletown African Market",
        "address": "725 N Broad St, Middletown, DE, 19709",
        "categories": [
          "grocery-store"
        ],
        "sources": [
          "snap-retailers"
        ],
        "external_ids": [
          "1129882"
        ],
        "contributor_count": 1
      }
    },
    {
      "type": "Feature",
      "geometry": {
        "type": "Point",
        "coordinates": [
          -75.723862,
          39.479389
        ]
      },
      "properties": {
        "name": "Wawa 879",
        "address": "5018 Summit Bridge Rd., Middletown, DE, 19709",
        "categories": [
          "corner-store"
        ],
        "sources": [
          "snap-retailers"
        ],
        "external_ids": [
          "1446471"
        ],
        "contributor_count": 1
      }
    },
    {
      "type": "Feature",
      "geometry": {
        "type": "Point",
        "coordinates": [
          -75.649704,
          39.493069
        ]
      },
      "properties": {
        "name": "Walgreens 11075",
        "address": "2470 N Dupont Pkwy, Middletown, DE, 19709",
        "categories": [
          "other"
        ],
        "sources": [
          "snap-retailers"
        ],
        "external_ids": [
          "863343"
        ],
        "contributor_count": 1
      }
    },
    {
      "type": "Feature",
      "geometry": {
        "type": "Point",
        "coordinates": [
          -75.649223,
          39.501129
        ]
      },
      "properties": {
        "name": "WAWA 828",
        "address": "2398 Dupont Pkwy, Middletown, DE, 19709",
        "categories": [
          "corner-store"
        ],
        "sources": [
          "snap-retailers"
        ],
        "external_ids": [
          "964083"
        ],
        "contributor_count": 1
      }
    },
    {
      "type": "Feature",
      "geometry": {
        "type": "Point",
        "coordinates": [
          -75.681503,
          39.505417
        ]
      },
      "properties": {
        "name": "Weis Markets 109",
        "address": "935 Mckim Street, Middletown, DE, 19709",
        "categories": [
          "supermarket"
        ],
        "sources": [
          "snap-retailers"
        ],
        "external_ids": [
          "1672808"
        ],
        "contributor_count": 1
      }
    },
    {
      "type": "Feature",
      "geometry": {
        "type": "Point",
        "coordinates": [
          -75.711548,
          39.511589
        ]
      },
      "properties": {
        "name": "Walgreens 11055",
        "address": "4465 Summit Bridge Rd, Middletown, DE, 19709",
        "categories": [
          "other"
        ],
        "sources": [
          "snap-retailers"
        ],
        "external_ids": [
          "844865"
        ],
        "contributor_count": 1
      }
    },
    {
      "type": "Feature",
      "geometry": {
        "type": "Point",
        "coordinates": [
          -75.764465,
          39.555984
        ]
      },
      "properties": {
        "name": "Cook Family Farms",
        "address": "3300 Frazer Rd, Newark, DE, 19702",
        "categories": [
          "other"
        ],
        "sources": [
          "snap-retailers"
        ],
        "external_ids": [
          "1504594"
        ],
        "contributor_count": 1
      }
    },
    {
      "type": "Feature",
      "geometry": {
        "type": "Point",
        "coordinates": [
          -75.595848,
          39.573803
        ]
      },
      "properties": {
        "name": "Delaware City Citgo",
        "address": "600 5th St, Delaware City, DE, 19706",
        "categories": [
          "corner-store"
        ],
        "sources": [
          "snap-retailers"
        ],
        "external_ids": [
          "883115"
        ],
        "contributor_count": 1
      }
    },
    {
      "type": "Feature",
      "geometry": {
        "type": "Point",
        "coordinates": [
          -75.589035,
          39.578167
        ]
      },
      "properties": {
        "name": "SUNSET MARKET",
        "address": "80-82 CLINTON ST, DELAWARE CITY, DE, 19706",
        "categories": [
          "grocery-store"
        ],
        "sources": [
          "snap-retailers"
        ],
        "external_ids": [
          "782679"
        ],
        "contributor_count": 1
      }
    },
    {
      "type": "Feature",
      "geometry": {
        "type": "Point",
        "coordinates": [
          -75.683983,
          39.585155
        ]
      },
      "properties": {
        "name": "Wawa Store 870",
        "address": "3601 Wrangle Hill Rd, Bear, DE, 19701",
        "categories": [
          "corner-store"
        ],
        "sources": [
          "snap-retailers"
        ],
        "external_ids": [
          "1386332"
        ],
        "contributor_count": 1
      }
    },
    {
      "type": "Feature",
      "geometry": {
        "type": "Point",
        "coordinates": [
          -75.678612,
          39.59222
        ]
      },
      "properties": {
        "name": "Dollar General 15178",
        "address": "1605 Red Lion Rd, Bear, DE, 19701",
        "categories": [
          "other"
        ],
        "sources": [
          "snap-retailers"
        ],
        "external_ids": [
          "1184472"
        ],
        "contributor_count": 1
      }
    },
    {
      "type": "Feature",
      "geometry": {
        "type": "Point",
        "coordinates": [
          -75.749054,
          39.600342
        ]
      },
      "properties": {
        "name": "SAFEWAY 4030",
        "address": "2400 Peoples Plz, Newark, DE, 19702",
        "categories": [
          "supermarket"
        ],
        "sources": [
          "snap-retailers"
        ],
        "external_ids": [
          "366838"
        ],
        "contributor_count": 1
      }
    },
    {
      "type": "Feature",
      "geometry": {
        "type": "Point",
        "coordinates": [
          -75.746284,
          39.601707
        ]
      },
      "properties": {
        "name": "Dollar Tree 2285",
        "address": "200 Peoples Plz, Newark, DE, 19702",
        "categories": [
          "other"
        ],
        "sources": [
          "snap-retailers"
        ],
        "external_ids": [
          "767302"
        ],
        "contributor_count": 1
      }
    },
    {
      "type": "Feature",
      "geometry": {
        "type": "Point",
        "coordinates": [
          -75.762039,
          39.603413
        ]
      },
      "properties": {
        "name": "Wawa Food Market 850",
        "address": "2754 Pulaski Hwy, Newark, DE, 19702",
        "categories": [
          "corner-store"
        ],
        "sources": [
          "snap-retailers"
        ],
        "external_ids": [
          "908373"
        ],
        "contributor_count": 1
      }
    },
    {
      "type": "Feature",
      "geometry": {
        "type": "Point",
        "coordinates": [
          -75.758965,
          39.603458
        ]
      },
      "properties": {
        "name": "Walgreens 11048",
        "address": "2719 Pulaski Hwy, Newark, DE, 19702",
        "categories": [
          "other"
        ],
        "sources": [
          "snap-retailers"
        ],
        "external_ids": [
          "863346"
        ],
        "contributor_count": 1
      }
    },
    {
      "type": "Feature",
      "geometry": {
        "type": "Point",
        "coordinates": [
          -75.76857,
          39.604614
        ]
      },
      "properties": {
        "name": "Royal Farms 160",
        "address": "2812 Pulaski Hwy, Newark, DE, 19702",
        "categories": [
          "corner-store"
        ],
        "sources": [
          "snap-retailers"
        ],
        "external_ids": [
          "1047131"
        ],
        "contributor_count": 1
      }
    },
    {
      "type": "Feature",
      "geometry": {
        "type": "Point",
        "coordinates": [
          -75.745415,
          39.604805
        ]
      },
      "properties": {
        "name": "Dash In 1487",
        "address": "2410 Pulaski Hwy, Newark, DE, 19702",
        "categories": [
          "corner-store"
        ],
        "sources": [
          "snap-retailers"
        ],
        "external_ids": [
          "1402923"
        ],
        "contributor_count": 1
      }
    },
    {
      "type": "Feature",
      "geometry": {
        "type": "Point",
        "coordinates": [
          -75.712929,
          39.607613
        ]
      },
      "properties": {
        "name": "ACME 817",
        "address": "146 Fox Hunt Dr, Bear, DE, 19701",
        "categories": [
          "supermarket"
        ],
        "sources": [
          "snap-retailers"
        ],
        "external_ids": [
          "348035"
        ],
        "contributor_count": 1
      }
    },
    {
      "type": "Feature",
      "geometry": {
        "type": "Point",
        "coordinates": [
          -75.712929,
          39.607613
        ]
      },
      "properties": {
        "name": "Walgreens 11022",
        "address": "128 Fox Hunt Dr, Bear, DE, 19701",
        "categories": [
          "other"
        ],
        "sources": [
          "snap-retailers"
        ],
        "external_ids": [
          "835993"
        ],
        "contributor_count": 1
      }
    },
    {
      "type": "Feature",
      "geometry": {
        "type": "Point",
        "coordinates": [
          -75.709015,
          39.609848
        ]
      },
      "properties": {
        "name": "Bear Bp 2",
        "address": "1923 Pulaski Hwy, Bear, DE, 19701",
        "categories": [
          "corner-store"
        ],
        "sources": [
          "snap-retailers"
        ],
        "external_ids": [
          "973461"
        ],
        "contributor_count": 1
      }
    },
    {
      "type": "Feature",
      "geometry": {
        "type": "Point",
        "coordinates": [
          -75.729202,
          39.611118
        ]
      },
      "properties": {
        "name": "Glasgow Park Farmers Market ",
        "address": "2275 Pulaski Hwy, Newark, DE, 19702",
        "categories": [
          "other"
        ],
        "sources": [
          "snap-retailers"
        ],
        "external_ids": [
          "1184738"
        ],
        "contributor_count": 1
      }
    },
    {
      "type": "Feature",
      "geometry": {
        "type": "Point",
        "coordinates": [
          -75.707169,
          39.611366
        ]
      },
      "properties": {
        "name": "Dollar General 10278",
        "address": "1815 Pulaski Hwy, Bear, DE, 19701",
        "categories": [
          "other"
        ],
        "sources": [
          "snap-retailers"
        ],
        "external_ids": [
          "767410"
        ],
        "contributor_count": 1
      }
    },
    {
      "type": "Feature",
      "geometry": {
        "type": "Point",
        "coordinates": [
          -75.746498,
          39.616138
        ]
      },
      "properties": {
        "name": "Wawa Store 880",
        "address": "120 Corporate Blvd, Newark, DE, 19702",
        "categories": [
          "corner-store"
        ],
        "sources": [
          "snap-retailers"
        ],
        "external_ids": [
          "1573357"
        ],
        "contributor_count": 1
      }
    },
    {
      "type": "Feature",
      "geometry": {
        "type": "Point",
        "coordinates": [
          -75.694702,
          39.618172
        ]
      },
      "properties": {
        "name": "7-eleven 16354 16354",
        "address": "1700 Pulaski Hwy, Bear, DE, 19701",
        "categories": [
          "corner-store"
        ],
        "sources": [
          "snap-retailers"
        ],
        "external_ids": [
          "1623381"
        ],
        "contributor_count": 1
      }
    },
    {
      "type": "Feature",
      "geometry": {
        "type": "Point",
        "coordinates": [
          -75.693642,
          39.618359
        ]
      },
      "properties": {
        "name": "Dollar Tree 11504",
        "address": "1698 Pulaski Hwy, Bear, DE, 19701",
        "categories": [
          "other"
        ],
        "sources": [
          "snap-retailers"
        ],
        "external_ids": [
          "1680905"
        ],
        "contributor_count": 1
      }
    },
    {
      "type": "Feature",
      "geometry": {
        "type": "Point",
        "coordinates": [
          -75.691795,
          39.618992
        ]
      },
      "properties": {
        "name": "Lidl 1407",
        "address": "1616 Pulaski Hwy, Newark, DE, 19702",
        "categories": [
          "supermarket"
        ],
        "sources": [
          "snap-retailers"
        ],
        "external_ids": [
          "1657706"
        ],
        "contributor_count": 1
      }
    },
    {
      "type": "Feature",
      "geometry": {
        "type": "Point",
        "coordinates": [
          -75.694397,
          39.61932
        ]
      },
      "properties": {
        "name": "Wawa Food Market 844",
        "address": "1693 Pulaski Hwy, Bear, DE, 19701",
        "categories": [
          "corner-store"
        ],
        "sources": [
          "snap-retailers"
        ],
        "external_ids": [
          "524375"
        ],
        "contributor_count": 1
      }
    },
    {
      "type": "Feature",
      "geometry": {
        "type": "Point",
        "coordinates": [
          -75.641609,
          39.619518
        ]
      },
      "properties": {
        "name": "Shore Stop 287",
        "address": "906 S Dupont Hwy, New Castle, DE, 19720",
        "categories": [
          "corner-store"
        ],
        "sources": [
          "snap-retailers"
        ],
        "external_ids": [
          "1115886"
        ],
        "contributor_count": 1
      }
    },
    {
      "type": "Feature",
      "geometry": {
        "type": "Point",
        "coordinates": [
          -75.691841,
          39.619946
        ]
      },
      "properties": {
        "name": "Food Lion 2160",
        "address": "1607 Pulaski Hwy, Bear, DE, 19701",
        "categories": [
          "supermarket"
        ],
        "sources": [
          "snap-retailers"
        ],
        "external_ids": [
          "924076"
        ],
        "contributor_count": 1
      }
    },
    {
      "type": "Feature",
      "geometry": {
        "type": "Point",
        "coordinates": [
          -75.693985,
          39.620178
        ]
      },
      "properties": {
        "name": "Dollar General 7562",
        "address": "1679 Pulaski Hwy, Bear, DE, 19701",
        "categories": [
          "other"
        ],
        "sources": [
          "snap-retailers"
        ],
        "external_ids": [
          "1462330"
        ],
        "contributor_count": 1
      }
    },
    {
      "type": "Feature",
      "geometry": {
        "type": "Point",
        "coordinates": [
          -75.686501,
          39.622574
        ]
      },
      "properties": {
        "name": "Royal Farms 161",
        "address": "1551 Pulaski Hwy, Bear, DE, 19701",
        "categories": [
          "corner-store"
        ],
        "sources": [
          "snap-retailers"
        ],
        "external_ids": [
          "1123716"
        ],
        "contributor_count": 1
      }
    },
    {
      "type": "Feature",
      "geometry": {
        "type": "Point",
        "coordinates": [
          -75.687798,
          39.622643
        ]
      },
      "properties": {
        "name": "Deli Stop Inc",
        "address": "5 Brookmont Dr, Newark, DE, 19702",
        "categories": [
          "other"
        ],
        "sources": [
          "snap-retailers"
        ],
        "external_ids": [
          "1476862"
        ],
        "contributor_count": 1
      }
    },
    {
      "type": "Feature",
      "geometry": {
        "type": "Point",
        "coordinates": [
          -75.686234,
          39.623371
        ]
      },
      "properties": {
        "name": "CVS 3042",
        "address": "1545 Pulaski Hwy, Bear, DE, 19701",
        "categories": [
          "other"
        ],
        "sources": [
          "snap-retailers"
        ],
        "external_ids": [
          "1116692"
        ],
        "contributor_count": 1
      }
    },
    {
      "type": "Feature",
      "geometry": {
        "type": "Point",
        "coordinates": [
          -75.683868,
          39.624683
        ]
      },
      "properties": {
        "name": "Washington Campbell Farm ",
        "address": "114 Hawk Dr, Newark, DE, 19702",
        "categories": [
          "other"
        ],
        "sources": [
          "snap-retailers"
        ],
        "external_ids": [
          "1615239"
        ],
        "contributor_count": 1
      }
    },
    {
      "type": "Feature",
      "geometry": {
        "type": "Point",
        "coordinates": [
          -75.745796,
          39.626789
        ]
      },
      "properties": {
        "name": "Shoprite 590",
        "address": "700 Plaza Dr, Newark, DE, 19702",
        "categories": [
          "supermarket"
        ],
        "sources": [
          "snap-retailers"
        ],
        "external_ids": [
          "1110899"
        ],
        "contributor_count": 1
      }
    },
    {
      "type": "Feature",
      "geometry": {
        "type": "Point",
        "coordinates": [
          -75.745796,
          39.626789
        ]
      },
      "properties": {
        "name": "Walgreens 11050",
        "address": "500 Plaza Dr, Newark, DE, 19702",
        "categories": [
          "other"
        ],
        "sources": [
          "snap-retailers"
        ],
        "external_ids": [
          "844864"
        ],
        "contributor_count": 1
      }
    },
    {
      "type": "Feature",
      "geometry": {
        "type": "Point",
        "coordinates": [
          -75.664322,
          39.630325
        ]
      },
      "properties": {
        "name": "DOLLAR GENERAL 14850",
        "address": "1154 Pulaski Hwy, Bear, DE, 19701",
        "categories": [
          "other"
        ],
        "sources": [
          "snap-retailers"
        ],
        "external_ids": [
          "1116933"
        ],
        "contributor_count": 1
      }
    },
    {
      "type": "Feature",
      "geometry": {
        "type": "Point",
        "coordinates": [
          -75.662346,
          39.631325
        ]
      },
      "properties": {
        "name": "Walgreens 11017",
        "address": "1120 Pulaski Hwy, Bear, DE, 19701",
        "categories": [
          "other"
        ],
        "sources": [
          "snap-retailers"
        ],
        "external_ids": [
          "835230"
        ],
        "contributor_count": 1
      }
    },
    {
      "type": "Feature",
      "geometry": {
        "type": "Point",
        "coordinates": [
          -75.655647,
          39.631531
        ]
      },
      "properties": {
        "name": "Dollar Tree 5042",
        "address": "660 Eden Circle, Bear, DE, 19701",
        "categories": [
          "other"
        ],
        "sources": [
          "snap-retailers"
        ],
        "external_ids": [
          "1076264"
        ],
        "contributor_count": 1
      }
    },
    {
      "type": "Feature",
      "geometry": {
        "type": "Point",
        "coordinates": [
          -75.660728,
          39.632305
        ]
      },
      "properties": {
        "name": "Wawa Food Market 823",
        "address": "1100 Pulaski Hwy, Bear, DE, 19701",
        "categories": [
          "corner-store"
        ],
        "sources": [
          "snap-retailers"
        ],
        "external_ids": [
          "231931"
        ],
        "contributor_count": 1
      }
    },
    {
      "type": "Feature",
      "geometry": {
        "type": "Point",
        "coordinates": [
          -75.665085,
          39.632519
        ]
      },
      "properties": {
        "name": "Shoprite Of Governor's Square 588",
        "address": "1101 Governors Place, Bear, DE, 19702",
        "categories": [
          "supermarket"
        ],
        "sources": [
          "snap-retailers"
        ],
        "external_ids": [
          "1036909"
        ],
        "contributor_count": 1
      }
    },
    {
      "type": "Feature",
      "geometry": {
        "type": "Point",
        "coordinates": [
          -75.65567,
          39.633564
        ]
      },
      "properties": {
        "name": "Super Giant 385",
        "address": "300 Eden Sq, Bear, DE, 19701",
        "categories": [
          "supermarket"
        ],
        "sources": [
          "snap-retailers"
        ],
        "external_ids": [
          "245293"
        ],
        "contributor_count": 1
      }
    },
    {
      "type": "Feature",
      "geometry": {
        "type": "Point",
        "coordinates": [
          -75.624939,
          39.641357
        ]
      },
      "properties": {
        "name": "Dollar Tree 3730",
        "address": "1230 Beaver Brook Plz, New Castle, DE, 19720",
        "categories": [
          "other"
        ],
        "sources": [
          "snap-retailers"
        ],
        "external_ids": [
          "856840"
        ],
        "contributor_count": 1
      }
    },
    {
      "type": "Feature",
      "geometry": {
        "type": "Point",
        "coordinates": [
          -75.624939,
          39.641357
        ]
      },
      "properties": {
        "name": "Wawa Food Market 857",
        "address": "1400 Beaver Brook Plz, New Castle, DE, 19720",
        "categories": [
          "corner-store"
        ],
        "sources": [
          "snap-retailers"
        ],
        "external_ids": [
          "888501"
        ],
        "contributor_count": 1
      }
    },
    {
      "type": "Feature",
      "geometry": {
        "type": "Point",
        "coordinates": [
          -75.624352,
          39.641396
        ]
      },
      "properties": {
        "name": "Food Lion 2153",
        "address": "1200 Beaver Brook Plz, New Castle, DE, 19720",
        "categories": [
          "supermarket"
        ],
        "sources": [
          "snap-retailers"
        ],
        "external_ids": [
          "915726"
        ],
        "contributor_count": 1
      }
    },
    {
      "type": "Feature",
      "geometry": {
        "type": "Point",
        "coordinates": [
          -75.663956,
          39.642105
        ]
      },
      "properties": {
        "name": "One Stop Tobacco Outlet And Market Llc",
        "address": "160 Songsmith Dr, Newark, DE, 19702",
        "categories": [
          "corner-store"
        ],
        "sources": [
          "snap-retailers"
        ],
        "external_ids": [
          "1349155"
        ],
        "contributor_count": 1
      }
    },
    {
      "type": "Feature",
      "geometry": {
        "type": "Point",
        "coordinates": [
          -75.644722,
          39.642273
        ]
      },
      "properties": {
        "name": "La Estrella Tienda Mexicana",
        "address": "795 Pulaski Hwy, Bear, DE, 19701",
        "categories": [
          "grocery-store"
        ],
        "sources": [
          "snap-retailers"
        ],
        "external_ids": [
          "1044755"
        ],
        "contributor_count": 1
      }
    },
    {
      "type": "Feature",
      "geometry": {
        "type": "Point",
        "coordinates": [
          -75.729683,
          39.642735
        ]
      },
      "properties": {
        "name": "Royal Farms 99",
        "address": "869 Old Baltimore Pike, Newark, DE, 19702",
        "categories": [
          "corner-store"
        ],
        "sources": [
          "snap-retailers"
        ],
        "external_ids": [
          "902431"
        ],
        "contributor_count": 1
      }
    },
    {
      "type": "Feature",
      "geometry": {
        "type": "Point",
        "coordinates": [
          -75.642349,
          39.643742
        ]
      },
      "properties": {
        "name": "La Morena Mexican Store 453209127",
        "address": "757 Pulaski Hwy, Bear, DE, 19701",
        "categories": [
          "corner-store"
        ],
        "sources": [
          "snap-retailers"
        ],
        "external_ids": [
          "1433836"
        ],
        "contributor_count": 1
      }
    },
    {
      "type": "Feature",
      "geometry": {
        "type": "Point",
        "coordinates": [
          -75.638069,
          39.645515
        ]
      },
      "properties": {
        "name": "African Food Supermarket",
        "address": "715 Pulaski Hwy, Bear, DE, 19701",
        "categories": [
          "other"
        ],
        "sources": [
          "snap-retailers"
        ],
        "external_ids": [
          "1046556"
        ],
        "contributor_count": 1
      }
    },
    {
      "type": "Feature",
      "geometry": {
        "type": "Point",
        "coordinates": [
          -75.65683,
          39.647064
        ]
      },
      "properties": {
        "name": "Ez Pick",
        "address": "480 Bear Christiana Rd, Bear, DE, 19701",
        "categories": [
          "grocery-store"
        ],
        "sources": [
          "snap-retailers"
        ],
        "external_ids": [
          "1360526"
        ],
        "contributor_count": 1
      }
    },
    {
      "type": "Feature",
      "geometry": {
        "type": "Point",
        "coordinates": [
          -75.657394,
          39.647282
        ]
      },
      "properties": {
        "name": "Kumasi African Market",
        "address": "490 Bear Christiana Rd, Bear, DE, 19701",
        "categories": [
          "grocery-store"
        ],
        "sources": [
          "snap-retailers"
        ],
        "external_ids": [
          "1483142"
        ],
        "contributor_count": 1
      }
    },
    {
      "type": "Feature",
      "geometry": {
        "type": "Point",
        "coordinates": [
          -75.661537,
          39.649109
        ]
      },
      "properties": {
        "name": "MACKS MINI MART",
        "address": "128 Mario Dr, Bear, DE, 19701",
        "categories": [
          "corner-store"
        ],
        "sources": [
          "snap-retailers"
        ],
        "external_ids": [
          "757732"
        ],
        "contributor_count": 1
      }
    },
    {
      "type": "Feature",
      "geometry": {
        "type": "Point",
        "coordinates": [
          -75.621735,
          39.649784
        ]
      },
      "properties": {
        "name": "Feli's Afro-Caribbean Market 333",
        "address": "333 S Dupont Hwy, New Castle, DE, 19720",
        "categories": [
          "other"
        ],
        "sources": [
          "snap-retailers"
        ],
        "external_ids": [
          "1561187"
        ],
        "contributor_count": 1
      }
    },
    {
      "type": "Feature",
      "geometry": {
        "type": "Point",
        "coordinates": [
          -75.622597,
          39.650543
        ]
      },
      "properties": {
        "name": "First State Exxon",
        "address": "400 Pulaski Hwy, New Castle, DE, 19720",
        "categories": [
          "corner-store"
        ],
        "sources": [
          "snap-retailers"
        ],
        "external_ids": [
          "1516499"
        ],
        "contributor_count": 1
      }
    },
    {
      "type": "Feature",
      "geometry": {
        "type": "Point",
        "coordinates": [
          -75.621925,
          39.653538
        ]
      },
      "properties": {
        "name": "Walmart 2555",
        "address": "117 Wilton Blvd, New Castle, DE, 19720",
        "categories": [
          "supermarket"
        ],
        "sources": [
          "snap-retailers"
        ],
        "external_ids": [
          "636584"
        ],
        "contributor_count": 1
      }
    },
    {
      "type": "Feature",
      "geometry": {
        "type": "Point",
        "coordinates": [
          -75.751114,
          39.654247
        ]
      },
      "properties": {
        "name": "896 Investments Of Delawarre Inc 284",
        "address": "820 S College Ave, Newark, DE, 19713",
        "categories": [
          "corner-store"
        ],
        "sources": [
          "snap-retailers"
        ],
        "external_ids": [
          "1208982"
        ],
        "contributor_count": 1
      }
    },
    {
      "type": "Feature",
      "geometry": {
        "type": "Point",
        "coordinates": [
          -75.611092,
          39.659039
        ]
      },
      "properties": {
        "name": "Hazeye Farms Inc.",
        "address": "160 S Dupont Hwy, New Castle, DE, 19720",
        "categories": [
          "specialty-grocer"
        ],
        "sources": [
          "snap-retailers"
        ],
        "external_ids": [
          "1145352"
        ],
        "contributor_count": 1
      }
    },
    {
      "type": "Feature",
      "geometry": {
        "type": "Point",
        "coordinates": [
          -75.735413,
          39.659248
        ]
      },
      "properties": {
        "name": "Food Lion 2185",
        "address": "907 S Chapel St, Newark, DE, 19713",
        "categories": [
          "supermarket"
        ],
        "sources": [
          "snap-retailers"
        ],
        "external_ids": [
          "980204"
        ],
        "contributor_count": 1
      }
    },
    {
      "type": "Feature",
      "geometry": {
        "type": "Point",
        "coordinates": [
          -75.736717,
          39.659824
        ]
      },
      "properties": {
        "name": "B Js Wholesale Club 178",
        "address": "100 Pencader Plz, Newark, DE, 19713",
        "categories": [
          "supermarket"
        ],
        "sources": [
          "snap-retailers"
        ],
        "external_ids": [
          "880580"
        ],
        "contributor_count": 1
      }
    },
    {
      "type": "Feature",
      "geometry": {
        "type": "Point",
        "coordinates": [
          -75.736717,
          39.659824
        ]
      },
      "properties": {
        "name": "Dollar Tree 406",
        "address": "260 Pencader Plz, Newark, DE, 19713",
        "categories": [
          "other"
        ],
        "sources": [
          "snap-retailers"
        ],
        "external_ids": [
          "989024"
        ],
        "contributor_count": 1
      }
    },
    {
      "type": "Feature",
      "geometry": {
        "type": "Point",
        "coordinates": [
          -75.734947,
          39.661858
        ]
      },
      "properties": {
        "name": "WAWA 819",
        "address": "274 E Chestnut Hill Rd, Newark, DE, 19713",
        "categories": [
          "corner-store"
        ],
        "sources": [
          "snap-retailers"
        ],
        "external_ids": [
          "964081"
        ],
        "contributor_count": 1
      }
    },
    {
      "type": "Feature",
      "geometry": {
        "type": "Point",
        "coordinates": [
          -75.723221,
          39.661892
        ]
      },
      "properties": {
        "name": "SHOPRITE OF NEWARK 580",
        "address": "19 Chestnut Hill Plz, Newark, DE, 19713",
        "categories": [
          "supermarket"
        ],
        "sources": [
          "snap-retailers"
        ],
        "external_ids": [
          "592783"
        ],
        "contributor_count": 1
      }
    },
    {
      "type": "Feature",
      "geometry": {
        "type": "Point",
        "coordinates": [
          -75.726723,
          39.661896
        ]
      },
      "properties": {
        "name": "Casablanca Meat House",
        "address": "9 Chesmar Plz, Newark, DE, 19713",
        "categories": [
          "grocery-store"
        ],
        "sources": [
          "snap-retailers"
        ],
        "external_ids": [
          "1619305"
        ],
        "contributor_count": 1
      }
    },
    {
      "type": "Feature",
      "geometry": {
        "type": "Point",
        "coordinates": [
          -75.64135,
          39.662361
        ]
      },
      "properties": {
        "name": "Appleby Shell",
        "address": "299 Christiana Rd, New Castle, DE, 19720",
        "categories": [
          "corner-store"
        ],
        "sources": [
          "snap-retailers"
        ],
        "external_ids": [
          "1481622"
        ],
        "contributor_count": 1
      }
    },
    {
      "type": "Feature",
      "geometry": {
        "type": "Point",
        "coordinates": [
          -75.727501,
          39.662525
        ]
      },
      "properties": {
        "name": "CVS Pharmacy 10103",
        "address": "366 E Chestnut Hill Rd, Newark, DE, 19713",
        "categories": [
          "other"
        ],
        "sources": [
          "snap-retailers"
        ],
        "external_ids": [
          "1153153"
        ],
        "contributor_count": 1
      }
    },
    {
      "type": "Feature",
      "geometry": {
        "type": "Point",
        "coordinates": [
          -75.63829,
          39.662655
        ]
      },
      "properties": {
        "name": "Arm Enterprise Llc. 9156",
        "address": "285 Christiana Rd, New Castle, DE, 19720",
        "categories": [
          "corner-store"
        ],
        "sources": [
          "snap-retailers"
        ],
        "external_ids": [
          "1122396"
        ],
        "contributor_count": 1
      }
    },
    {
      "type": "Feature",
      "geometry": {
        "type": "Point",
        "coordinates": [
          -75.639526,
          39.662773
        ]
      },
      "properties": {
        "name": "Dollar Tree 4641",
        "address": "287 Christiana Rd, New Castle, DE, 19720",
        "categories": [
          "other"
        ],
        "sources": [
          "snap-retailers"
        ],
        "external_ids": [
          "1012527"
        ],
        "contributor_count": 1
      }
    },
    {
      "type": "Feature",
      "geometry": {
        "type": "Point",
        "coordinates": [
          -75.639526,
          39.662773
        ]
      },
      "properties": {
        "name": "Walgreens 11058",
        "address": "287 Christiana Rd, New Castle, DE, 19720",
        "categories": [
          "other"
        ],
        "sources": [
          "snap-retailers"
        ],
        "external_ids": [
          "849813"
        ],
        "contributor_count": 1
      }
    },
    {
      "type": "Feature",
      "geometry": {
        "type": "Point",
        "coordinates": [
          -75.640175,
          39.6628
        ]
      },
      "properties": {
        "name": "Kumar Petroleum Inc. 456",
        "address": "288 Christiana Rd, New Castle, DE, 19720",
        "categories": [
          "corner-store"
        ],
        "sources": [
          "snap-retailers"
        ],
        "external_ids": [
          "903897"
        ],
        "contributor_count": 1
      }
    },
    {
      "type": "Feature",
      "geometry": {
        "type": "Point",
        "coordinates": [
          -75.568748,
          39.663109
        ]
      },
      "properties": {
        "name": "Dollar General 12299",
        "address": "730 Ferry Cut Off St, New Castle, DE, 19720",
        "categories": [
          "other"
        ],
        "sources": [
          "snap-retailers"
        ],
        "external_ids": [
          "967806"
        ],
        "contributor_count": 1
      }
    },
    {
      "type": "Feature",
      "geometry": {
        "type": "Point",
        "coordinates": [
          -75.568748,
          39.663109
        ]
      },
      "properties": {
        "name": "Walgreens 11034",
        "address": "740 Ferry Cut Off St, New Castle, DE, 19720",
        "categories": [
          "other"
        ],
        "sources": [
          "snap-retailers"
        ],
        "external_ids": [
          "849801"
        ],
        "contributor_count": 1
      }
    },
    {
      "type": "Feature",
      "geometry": {
        "type": "Point",
        "coordinates": [
          -75.725311,
          39.663216
        ]
      },
      "properties": {
        "name": "Dash In 1419",
        "address": "380 E Chestnut Hill Rd, Newark, DE, 19713",
        "categories": [
          "corner-store"
        ],
        "sources": [
          "snap-retailers"
        ],
        "external_ids": [
          "1336252"
        ],
        "contributor_count": 1
      }
    },
    {
      "type": "Feature",
      "geometry": {
        "type": "Point",
        "coordinates": [
          -75.606873,
          39.663223
        ]
      },
      "properties": {
        "name": "Wawa 866",
        "address": "117 S Dupont Hwy, New Castle, DE, 19720",
        "categories": [
          "corner-store"
        ],
        "sources": [
          "snap-retailers"
        ],
        "external_ids": [
          "1225870"
        ],
        "contributor_count": 1
      }
    },
    {
      "type": "Feature",
      "geometry": {
        "type": "Point",
        "coordinates": [
          -75.726883,
          39.663727
        ]
      },
      "properties": {
        "name": "Roohani Halal Meat Grocery & Restaurant",
        "address": "18 Marrows Rd, Newark, DE, 19713",
        "categories": [
          "grocery-store"
        ],
        "sources": [
          "snap-retailers"
        ],
        "external_ids": [
          "1283742"
        ],
        "contributor_count": 1
      }
    },
    {
      "type": "Feature",
      "geometry": {
        "type": "Point",
        "coordinates": [
          -75.726707,
          39.663918
        ]
      },
      "properties": {
        "name": "Walgreens 11066",
        "address": "19 Marrows Rd, Newark, DE, 19713",
        "categories": [
          "other"
        ],
        "sources": [
          "snap-retailers"
        ],
        "external_ids": [
          "857945"
        ],
        "contributor_count": 1
      }
    },
    {
      "type": "Feature",
      "geometry": {
        "type": "Point",
        "coordinates": [
          -75.726906,
          39.664139
        ]
      },
      "properties": {
        "name": "Family Dollar 1865",
        "address": "20 Marrows Rd, Newark, DE, 19713",
        "categories": [
          "other"
        ],
        "sources": [
          "snap-retailers"
        ],
        "external_ids": [
          "897506"
        ],
        "contributor_count": 1
      }
    },
    {
      "type": "Feature",
      "geometry": {
        "type": "Point",
        "coordinates": [
          -75.688553,
          39.664234
        ]
      },
      "properties": {
        "name": "7-Eleven 40122H",
        "address": "520 JFK Memorial Hwy, Newark, DE, 19702",
        "categories": [
          "corner-store"
        ],
        "sources": [
          "snap-retailers"
        ],
        "external_ids": [
          "1471864"
        ],
        "contributor_count": 1
      }
    },
    {
      "type": "Feature",
      "geometry": {
        "type": "Point",
        "coordinates": [
          -75.616898,
          39.664295
        ]
      },
      "properties": {
        "name": "Rambleton Country Maid Inc",
        "address": "135 Christiana Rd, New Castle, DE, 19720",
        "categories": [
          "corner-store"
        ],
        "sources": [
          "snap-retailers"
        ],
        "external_ids": [
          "1563316"
        ],
        "contributor_count": 1
      }
    },
    {
      "type": "Feature",
      "geometry": {
        "type": "Point",
        "coordinates": [
          -75.625618,
          39.664371
        ]
      },
      "properties": {
        "name": "Pleasantville Country Maid",
        "address": "192 Christiana Rd, New Castle, DE, 19720",
        "categories": [
          "corner-store"
        ],
        "sources": [
          "snap-retailers"
        ],
        "external_ids": [
          "1536871"
        ],
        "contributor_count": 1
      }
    },
    {
      "type": "Feature",
      "geometry": {
        "type": "Point",
        "coordinates": [
          -75.611237,
          39.664501
        ]
      },
      "properties": {
        "name": "Al-Madina Halal Meat & Groceries ",
        "address": "801 Churchmans Road Ext, New Castle, DE, 19720",
        "categories": [
          "other"
        ],
        "sources": [
          "snap-retailers"
        ],
        "external_ids": [
          "1428814"
        ],
        "contributor_count": 1
      }
    },
    {
      "type": "Feature",
      "geometry": {
        "type": "Point",
        "coordinates": [
          -75.726814,
          39.664677
        ]
      },
      "properties": {
        "name": "Dollar General 7862",
        "address": "57 Marrows Rd, Newark, DE, 19713",
        "categories": [
          "other"
        ],
        "sources": [
          "snap-retailers"
        ],
        "external_ids": [
          "738361"
        ],
        "contributor_count": 1
      }
    },
    {
      "type": "Feature",
      "geometry": {
        "type": "Point",
        "coordinates": [
          -75.725861,
          39.665348
        ]
      },
      "properties": {
        "name": "Jannah Market",
        "address": "25 Marrows Rd, Newark, DE, 19713",
        "categories": [
          "grocery-store"
        ],
        "sources": [
          "snap-retailers"
        ],
        "external_ids": [
          "1616772"
        ],
        "contributor_count": 1
      }
    },
    {
      "type": "Feature",
      "geometry": {
        "type": "Point",
        "coordinates": [
          -75.603134,
          39.666248
        ]
      },
      "properties": {
        "name": "Hares Corner No",
        "address": "102 N Dupont Hwy, New Castle, DE, 19720",
        "categories": [
          "corner-store"
        ],
        "sources": [
          "snap-retailers"
        ],
        "external_ids": [
          "1475072"
        ],
        "contributor_count": 1
      }
    },
    {
      "type": "Feature",
      "geometry": {
        "type": "Point",
        "coordinates": [
          -75.670433,
          39.666424
        ]
      },
      "properties": {
        "name": "ACME 871",
        "address": "1 University Plz, Newark, DE, 19702",
        "categories": [
          "supermarket"
        ],
        "sources": [
          "snap-retailers"
        ],
        "external_ids": [
          "466833"
        ],
        "contributor_count": 1
      }
    },
    {
      "type": "Feature",
      "geometry": {
        "type": "Point",
        "coordinates": [
          -75.670433,
          39.666424
        ]
      },
      "properties": {
        "name": "Walgreens 11003",
        "address": "15 University Plz, Newark, DE, 19702",
        "categories": [
          "other"
        ],
        "sources": [
          "snap-retailers"
        ],
        "external_ids": [
          "849394"
        ],
        "contributor_count": 1
      }
    },
    {
      "type": "Feature",
      "geometry": {
        "type": "Point",
        "coordinates": [
          -75.776878,
          39.667046
        ]
      },
      "properties": {
        "name": "ACME 806",
        "address": "100 Suburban Dr, Newark, DE, 19711",
        "categories": [
          "supermarket"
        ],
        "sources": [
          "snap-retailers"
        ],
        "external_ids": [
          "497664"
        ],
        "contributor_count": 1
      }
    },
    {
      "type": "Feature",
      "geometry": {
        "type": "Point",
        "coordinates": [
          -75.776878,
          39.667046
        ]
      },
      "properties": {
        "name": "Walgreens 11028",
        "address": "216 Suburban Dr, Newark, DE, 19711",
        "categories": [
          "other"
        ],
        "sources": [
          "snap-retailers"
        ],
        "external_ids": [
          "849768"
        ],
        "contributor_count": 1
      }
    },
    {
      "type": "Feature",
      "geometry": {
        "type": "Point",
        "coordinates": [
          -75.695122,
          39.667782
        ]
      },
      "properties": {
        "name": "Dollar General 12896",
        "address": "19 Salem Village Sq, Newark, DE, 19713",
        "categories": [
          "other"
        ],
        "sources": [
          "snap-retailers"
        ],
        "external_ids": [
          "1005344"
        ],
        "contributor_count": 1
      }
    },
    {
      "type": "Feature",
      "geometry": {
        "type": "Point",
        "coordinates": [
          -75.601753,
          39.667801
        ]
      },
      "properties": {
        "name": "New Castle Produce A Inc",
        "address": "110 N Dupont Hwy, New Castle, DE, 19720",
        "categories": [
          "other"
        ],
        "sources": [
          "snap-retailers"
        ],
        "external_ids": [
          "1363690"
        ],
        "contributor_count": 1
      }
    },
    {
      "type": "Feature",
      "geometry": {
        "type": "Point",
        "coordinates": [
          -75.601746,
          39.667809
        ]
      },
      "properties": {
        "name": "ALEX'S SEAFOOD & Bar-B-QUE",
        "address": "110 N Dupont Hwy, New Castle, DE, 19720",
        "categories": [
          "specialty-grocer"
        ],
        "sources": [
          "snap-retailers"
        ],
        "external_ids": [
          "571553"
        ],
        "contributor_count": 1
      }
    },
    {
      "type": "Feature",
      "geometry": {
        "type": "Point",
        "coordinates": [
          -75.601746,
          39.667809
        ]
      },
      "properties": {
        "name": "Johnny's Int'l Food Market",
        "address": "110 N Dupont Hwy, New Castle, DE, 19720",
        "categories": [
          "grocery-store"
        ],
        "sources": [
          "snap-retailers"
        ],
        "external_ids": [
          "852066"
        ],
        "contributor_count": 1
      }
    },
    {
      "type": "Feature",
      "geometry": {
        "type": "Point",
        "coordinates": [
          -75.601746,
          39.667809
        ]
      },
      "properties": {
        "name": "LEE'S PRODUCE",
        "address": "110 N Dupont Hwy, New Castle, DE, 19720",
        "categories": [
          "specialty-grocer"
        ],
        "sources": [
          "snap-retailers"
        ],
        "external_ids": [
          "657809"
        ],
        "contributor_count": 1
      }
    },
    {
      "type": "Feature",
      "geometry": {
        "type": "Point",
        "coordinates": [
          -75.601746,
          39.667809
        ]
      },
      "properties": {
        "name": "Stoltzfus Meats Inc",
        "address": "110 N Dupont Hwy, New Castle, DE, 19720",
        "categories": [
          "specialty-grocer"
        ],
        "sources": [
          "snap-retailers"
        ],
        "external_ids": [
          "612549"
        ],
        "contributor_count": 1
      }
    },
    {
      "type": "Feature",
      "geometry": {
        "type": "Point",
        "coordinates": [
          -75.695282,
          39.668156
        ]
      },
      "properties": {
        "name": "Oasis Kebab / Hummus Market",
        "address": "10 Salem Village Sq, Newark, DE, 19713",
        "categories": [
          "grocery-store"
        ],
        "sources": [
          "snap-retailers"
        ],
        "external_ids": [
          "1394090"
        ],
        "contributor_count": 1
      }
    },
    {
      "type": "Feature",
      "geometry": {
        "type": "Point",
        "coordinates": [
          -75.599182,
          39.669189
        ]
      },
      "properties": {
        "name": "B Js Wholesale Club 15",
        "address": "124 Sunset Blvd, New Castle, DE, 19720",
        "categories": [
          "supermarket"
        ],
        "sources": [
          "snap-retailers"
        ],
        "external_ids": [
          "880310"
        ],
        "contributor_count": 1
      }
    },
    {
      "type": "Feature",
      "geometry": {
        "type": "Point",
        "coordinates": [
          -75.597214,
          39.671314
        ]
      },
      "properties": {
        "name": "Parivaar Supermarket 2",
        "address": "144 Sunset Blvd, New Castle, DE, 19720",
        "categories": [
          "supermarket"
        ],
        "sources": [
          "snap-retailers"
        ],
        "external_ids": [
          "1540517"
        ],
        "contributor_count": 1
      }
    },
    {
      "type": "Feature",
      "geometry": {
        "type": "Point",
        "coordinates": [
          -75.64975,
          39.672146
        ]
      },
      "properties": {
        "name": "Trader Joe's 759",
        "address": "759 FASHION CENTER BLVD., NEWARK, DE, 19702",
        "categories": [
          "supermarket"
        ],
        "sources": [
          "snap-retailers"
        ],
        "external_ids": [
          "1448737"
        ],
        "contributor_count": 1
      }
    },
    {
      "type": "Feature",
      "geometry": {
        "type": "Point",
        "coordinates": [
          -75.585915,
          39.672974
        ]
      },
      "properties": {
        "name": "Quick Stop Mini Market",
        "address": "531 E Basin Rd, New Castle, DE, 19720",
        "categories": [
          "corner-store"
        ],
        "sources": [
          "snap-retailers"
        ],
        "external_ids": [
          "1412667"
        ],
        "contributor_count": 1
      }
    },
    {
      "type": "Feature",
      "geometry": {
        "type": "Point",
        "coordinates": [
          -75.595978,
          39.673382
        ]
      },
      "properties": {
        "name": "Dash In 1406",
        "address": "154 N Dupont Hwy, New Castle, DE, 19720",
        "categories": [
          "corner-store"
        ],
        "sources": [
          "snap-retailers"
        ],
        "external_ids": [
          "1565832"
        ],
        "contributor_count": 1
      }
    },
    {
      "type": "Feature",
      "geometry": {
        "type": "Point",
        "coordinates": [
          -75.703506,
          39.674187
        ]
      },
      "properties": {
        "name": "La Favorita",
        "address": "697 E Chestnut Hill Rd, Newark, DE, 19713",
        "categories": [
          "grocery-store"
        ],
        "sources": [
          "snap-retailers"
        ],
        "external_ids": [
          "1602032"
        ],
        "contributor_count": 1
      }
    },
    {
      "type": "Feature",
      "geometry": {
        "type": "Point",
        "coordinates": [
          -75.680489,
          39.674854
        ]
      },
      "properties": {
        "name": "7 ELEVEN 11301d",
        "address": "60 S Gerald Dr, Newark, DE, 19713",
        "categories": [
          "corner-store"
        ],
        "sources": [
          "snap-retailers"
        ],
        "external_ids": [
          "1270037"
        ],
        "contributor_count": 1
      }
    },
    {
      "type": "Feature",
      "geometry": {
        "type": "Point",
        "coordinates": [
          -75.649551,
          39.675392
        ]
      },
      "properties": {
        "name": "Costco Wholesale 0246",
        "address": "900 Center Blvd, Newark, DE, 19702",
        "categories": [
          "supermarket"
        ],
        "sources": [
          "snap-retailers"
        ],
        "external_ids": [
          "923636"
        ],
        "contributor_count": 1
      }
    },
    {
      "type": "Feature",
      "geometry": {
        "type": "Point",
        "coordinates": [
          -75.680595,
          39.675568
        ]
      },
      "properties": {
        "name": "First Stop Gasoline Of De Inc 1485",
        "address": "1148 Christiana Rd, Newark, DE, 19713",
        "categories": [
          "corner-store"
        ],
        "sources": [
          "snap-retailers"
        ],
        "external_ids": [
          "1230159"
        ],
        "contributor_count": 1
      }
    },
    {
      "type": "Feature",
      "geometry": {
        "type": "Point",
        "coordinates": [
          -75.763641,
          39.675903
        ]
      },
      "properties": {
        "name": "Newark Sunoco",
        "address": "287 S Main St, Newark, DE, 19711",
        "categories": [
          "corner-store"
        ],
        "sources": [
          "snap-retailers"
        ],
        "external_ids": [
          "1179875"
        ],
        "contributor_count": 1
      }
    },
    {
      "type": "Feature",
      "geometry": {
        "type": "Point",
        "coordinates": [
          -75.626503,
          39.676422
        ]
      },
      "properties": {
        "name": "Wawa Food Market 841",
        "address": "183 Airport Rd, New Castle, DE, 19720",
        "categories": [
          "corner-store"
        ],
        "sources": [
          "snap-retailers"
        ],
        "external_ids": [
          "908879"
        ],
        "contributor_count": 1
      }
    },
    {
      "type": "Feature",
      "geometry": {
        "type": "Point",
        "coordinates": [
          -75.762558,
          39.676468
        ]
      },
      "properties": {
        "name": "Dollar General 31189",
        "address": "263 S Main St, Newark, DE, 19711",
        "categories": [
          "other"
        ],
        "sources": [
          "snap-retailers"
        ],
        "external_ids": [
          "1624234"
        ],
        "contributor_count": 1
      }
    },
    {
      "type": "Feature",
      "geometry": {
        "type": "Point",
        "coordinates": [
          -75.589043,
          39.676468
        ]
      },
      "properties": {
        "name": "Ocean State Job Lot 187",
        "address": "26 Penn Mart Ctr, New Castle, DE, 19720",
        "categories": [
          "other"
        ],
        "sources": [
          "snap-retailers"
        ],
        "external_ids": [
          "1683880"
        ],
        "contributor_count": 1
      }
    },
    {
      "type": "Feature",
      "geometry": {
        "type": "Point",
        "coordinates": [
          -75.592552,
          39.677067
        ]
      },
      "properties": {
        "name": "Capt Zeaks Crabhouse And Seafood",
        "address": "192 N Dupont Hwy, New Castle, DE, 19720",
        "categories": [
          "specialty-grocer"
        ],
        "sources": [
          "snap-retailers"
        ],
        "external_ids": [
          "1558259"
        ],
        "contributor_count": 1
      }
    },
    {
      "type": "Feature",
      "geometry": {
        "type": "Point",
        "coordinates": [
          -75.627274,
          39.677685
        ]
      },
      "properties": {
        "name": "Punjab Supermarket",
        "address": "208 Churchmans Rd, New Castle, DE, 19720",
        "categories": [
          "grocery-store"
        ],
        "sources": [
          "snap-retailers"
        ],
        "external_ids": [
          "1346703"
        ],
        "contributor_count": 1
      }
    },
    {
      "type": "Feature",
      "geometry": {
        "type": "Point",
        "coordinates": [
          -75.590721,
          39.678017
        ]
      },
      "properties": {
        "name": "Dollar Tree 2220",
        "address": "7 Penn Mart Shopping Ctr, New Castle, DE, 19720",
        "categories": [
          "other"
        ],
        "sources": [
          "snap-retailers"
        ],
        "external_ids": [
          "856834"
        ],
        "contributor_count": 1
      }
    },
    {
      "type": "Feature",
      "geometry": {
        "type": "Point",
        "coordinates": [
          -75.762375,
          39.678131
        ]
      },
      "properties": {
        "name": "7-eleven 11284b",
        "address": "202 S Main St, Newark, DE, 19711",
        "categories": [
          "corner-store"
        ],
        "sources": [
          "snap-retailers"
        ],
        "external_ids": [
          "1575111"
        ],
        "contributor_count": 1
      }
    },
    {
      "type": "Feature",
      "geometry": {
        "type": "Point",
        "coordinates": [
          -75.591545,
          39.678406
        ]
      },
      "properties": {
        "name": "SAVE-A-LOT 60065",
        "address": "196 Penn Mart Ctr, New Castle, DE, 19720",
        "categories": [
          "supermarket"
        ],
        "sources": [
          "snap-retailers"
        ],
        "external_ids": [
          "977810"
        ],
        "contributor_count": 1
      }
    },
    {
      "type": "Feature",
      "geometry": {
        "type": "Point",
        "coordinates": [
          -75.56601,
          39.678944
        ]
      },
      "properties": {
        "name": "Liberty Food Mart ",
        "address": "464 Moores Ln, New Castle, DE, 19720",
        "categories": [
          "corner-store"
        ],
        "sources": [
          "snap-retailers"
        ],
        "external_ids": [
          "1255707"
        ],
        "contributor_count": 1
      }
    },
    {
      "type": "Feature",
      "geometry": {
        "type": "Point",
        "coordinates": [
          -75.651215,
          39.681923
        ]
      },
      "properties": {
        "name": "Target Store 2764",
        "address": "800 Christiana Mall, Newark, DE, 19702",
        "categories": [
          "supermarket"
        ],
        "sources": [
          "snap-retailers"
        ],
        "external_ids": [
          "970517"
        ],
        "contributor_count": 1
      }
    },
    {
      "type": "Feature",
      "geometry": {
        "type": "Point",
        "coordinates": [
          -75.652657,
          39.682014
        ]
      },
      "properties": {
        "name": "Wawa Store 873",
        "address": "970 Christiana Bypass, New Castle, DE, 19702",
        "categories": [
          "corner-store"
        ],
        "sources": [
          "snap-retailers"
        ],
        "external_ids": [
          "1546624"
        ],
        "contributor_count": 1
      }
    },
    {
      "type": "Feature",
      "geometry": {
        "type": "Point",
        "coordinates": [
          -75.58905,
          39.682617
        ]
      },
      "properties": {
        "name": "La Plasita Mexican Grocery",
        "address": "265 N Dupont Hwy, New Castle, DE, 19720",
        "categories": [
          "corner-store"
        ],
        "sources": [
          "snap-retailers"
        ],
        "external_ids": [
          "1689266"
        ],
        "contributor_count": 1
      }
    },
    {
      "type": "Feature",
      "geometry": {
        "type": "Point",
        "coordinates": [
          -75.751701,
          39.682877
        ]
      },
      "properties": {
        "name": "CVS Pharmacy 11472",
        "address": "45 E Main St, Newark, DE, 19711",
        "categories": [
          "other"
        ],
        "sources": [
          "snap-retailers"
        ],
        "external_ids": [
          "1462654"
        ],
        "contributor_count": 1
      }
    },
    {
      "type": "Feature",
      "geometry": {
        "type": "Point",
        "coordinates": [
          -75.751671,
          39.683384
        ]
      },
      "properties": {
        "name": "7 Eleven",
        "address": "46 E Main St, Newark, DE, 19711",
        "categories": [
          "corner-store"
        ],
        "sources": [
          "snap-retailers"
        ],
        "external_ids": [
          "1545602"
        ],
        "contributor_count": 1
      }
    },
    {
      "type": "Feature",
      "geometry": {
        "type": "Point",
        "coordinates": [
          -75.587463,
          39.683399
        ]
      },
      "properties": {
        "name": "Speedway 2814",
        "address": "506 N Dupont Hwy, New Castle, DE, 19720",
        "categories": [
          "corner-store"
        ],
        "sources": [
          "snap-retailers"
        ],
        "external_ids": [
          "982462"
        ],
        "contributor_count": 1
      }
    },
    {
      "type": "Feature",
      "geometry": {
        "type": "Point",
        "coordinates": [
          -75.558388,
          39.683441
        ]
      },
      "properties": {
        "name": "BP",
        "address": "1713 New Castle Ave, Historic New Castle, DE, 19720",
        "categories": [
          "corner-store"
        ],
        "sources": [
          "snap-retailers"
        ],
        "external_ids": [
          "1624265"
        ],
        "contributor_count": 1
      }
    },
    {
      "type": "Feature",
      "geometry": {
        "type": "Point",
        "coordinates": [
          -75.740013,
          39.68388
        ]
      },
      "properties": {
        "name": "ALDI 60143",
        "address": "323 E Main St, Newark, DE, 19711",
        "categories": [
          "supermarket"
        ],
        "sources": [
          "snap-retailers"
        ],
        "external_ids": [
          "1480141"
        ],
        "contributor_count": 1
      }
    },
    {
      "type": "Feature",
      "geometry": {
        "type": "Point",
        "coordinates": [
          -75.557961,
          39.684124
        ]
      },
      "properties": {
        "name": "Chesta LLC",
        "address": "1703 New Castle Ave, New Castle, DE, 19720",
        "categories": [
          "corner-store"
        ],
        "sources": [
          "snap-retailers"
        ],
        "external_ids": [
          "1298407"
        ],
        "contributor_count": 1
      }
    },
    {
      "type": "Feature",
      "geometry": {
        "type": "Point",
        "coordinates": [
          -75.743858,
          39.684223
        ]
      },
      "properties": {
        "name": "Dollar Tree 1678",
        "address": "230 E Main St, Newark, DE, 19711",
        "categories": [
          "other"
        ],
        "sources": [
          "snap-retailers"
        ],
        "external_ids": [
          "767284"
        ],
        "contributor_count": 1
      }
    },
    {
      "type": "Feature",
      "geometry": {
        "type": "Point",
        "coordinates": [
          -75.736702,
          39.684387
        ]
      },
      "properties": {
        "name": "Acme 2680",
        "address": "100 College Sq, Newark, DE, 19711",
        "categories": [
          "supermarket"
        ],
        "sources": [
          "snap-retailers"
        ],
        "external_ids": [
          "1219838"
        ],
        "contributor_count": 1
      }
    },
    {
      "type": "Feature",
      "geometry": {
        "type": "Point",
        "coordinates": [
          -75.744431,
          39.684937
        ]
      },
      "properties": {
        "name": "Newark Natural Foods",
        "address": "230 E Main Street, Newark, DE, 19711",
        "categories": [
          "other"
        ],
        "sources": [
          "snap-retailers"
        ],
        "external_ids": [
          "428035"
        ],
        "contributor_count": 1
      }
    },
    {
      "type": "Feature",
      "geometry": {
        "type": "Point",
        "coordinates": [
          -75.742149,
          39.68502
        ]
      },
      "properties": {
        "name": "Wang's Oriental Food Store 1",
        "address": "276 E Main St, Newark, DE, 19711",
        "categories": [
          "other"
        ],
        "sources": [
          "snap-retailers"
        ],
        "external_ids": [
          "1619953"
        ],
        "contributor_count": 1
      }
    },
    {
      "type": "Feature",
      "geometry": {
        "type": "Point",
        "coordinates": [
          -75.733887,
          39.685112
        ]
      },
      "properties": {
        "name": "Wawa 860",
        "address": "601 Ogletown Rd, Newark, DE, 19711",
        "categories": [
          "corner-store"
        ],
        "sources": [
          "snap-retailers"
        ],
        "external_ids": [
          "1044144"
        ],
        "contributor_count": 1
      }
    },
    {
      "type": "Feature",
      "geometry": {
        "type": "Point",
        "coordinates": [
          -75.679939,
          39.685467
        ]
      },
      "properties": {
        "name": "Ammi's Grocery & Halal Meat. 01",
        "address": "4637 Ogletown Stanton Rd, Newark, DE, 19713",
        "categories": [
          "grocery-store"
        ],
        "sources": [
          "snap-retailers"
        ],
        "external_ids": [
          "1576277"
        ],
        "contributor_count": 1
      }
    },
    {
      "type": "Feature",
      "geometry": {
        "type": "Point",
        "coordinates": [
          -75.684502,
          39.685516
        ]
      },
      "properties": {
        "name": "Dollar General 21953",
        "address": "4126 Ogletown Stanton Rd, Newark, DE, 19713",
        "categories": [
          "other"
        ],
        "sources": [
          "snap-retailers"
        ],
        "external_ids": [
          "1402399"
        ],
        "contributor_count": 1
      }
    },
    {
      "type": "Feature",
      "geometry": {
        "type": "Point",
        "coordinates": [
          -75.684166,
          39.685658
        ]
      },
      "properties": {
        "name": "Walgreens 11035",
        "address": "4114 Ogletown Stanton Rd, Newark, DE, 19713",
        "categories": [
          "other"
        ],
        "sources": [
          "snap-retailers"
        ],
        "external_ids": [
          "849804"
        ],
        "contributor_count": 1
      }
    },
    {
      "type": "Feature",
      "geometry": {
        "type": "Point",
        "coordinates": [
          -75.681602,
          39.6861
        ]
      },
      "properties": {
        "name": "Harmony Exxon",
        "address": "4600 Ogletown Stanton Rd, Newark, DE, 19713",
        "categories": [
          "corner-store"
        ],
        "sources": [
          "snap-retailers"
        ],
        "external_ids": [
          "1523882"
        ],
        "contributor_count": 1
      }
    },
    {
      "type": "Feature",
      "geometry": {
        "type": "Point",
        "coordinates": [
          -75.744629,
          39.686127
        ]
      },
      "properties": {
        "name": "Zahra International Foods Market",
        "address": "620 Newark Shopping Ctr, Newark, DE, 19711",
        "categories": [
          "other"
        ],
        "sources": [
          "snap-retailers"
        ],
        "external_ids": [
          "1254080"
        ],
        "contributor_count": 1
      }
    },
    {
      "type": "Feature",
      "geometry": {
        "type": "Point",
        "coordinates": [
          -75.679581,
          39.686558
        ]
      },
      "properties": {
        "name": "Wawa Store 868",
        "address": "4651 Stanton Ogletown Rd, Newark, DE, 19713",
        "categories": [
          "corner-store"
        ],
        "sources": [
          "snap-retailers"
        ],
        "external_ids": [
          "1248727"
        ],
        "contributor_count": 1
      }
    },
    {
      "type": "Feature",
      "geometry": {
        "type": "Point",
        "coordinates": [
          -75.594467,
          39.68679
        ]
      },
      "properties": {
        "name": "Jay Mini Marketinc 1",
        "address": "1 Jay Dr, New Castle, DE, 19720",
        "categories": [
          "corner-store"
        ],
        "sources": [
          "snap-retailers"
        ],
        "external_ids": [
          "1668664"
        ],
        "contributor_count": 1
      }
    },
    {
      "type": "Feature",
      "geometry": {
        "type": "Point",
        "coordinates": [
          -75.654465,
          39.686855
        ]
      },
      "properties": {
        "name": "Hung Vuong Food Market Delaware Llc",
        "address": "10 Geoffrey Dr, Newark, DE, 19713",
        "categories": [
          "supermarket"
        ],
        "sources": [
          "snap-retailers"
        ],
        "external_ids": [
          "1550641"
        ],
        "contributor_count": 1
      }
    },
    {
      "type": "Feature",
      "geometry": {
        "type": "Point",
        "coordinates": [
          -75.556816,
          39.687263
        ]
      },
      "properties": {
        "name": "CVS/Pharmacy 6869",
        "address": "1709 New Castle Ave, New Castle, DE, 19720",
        "categories": [
          "other"
        ],
        "sources": [
          "snap-retailers"
        ],
        "external_ids": [
          "1104797"
        ],
        "contributor_count": 1
      }
    },
    {
      "type": "Feature",
      "geometry": {
        "type": "Point",
        "coordinates": [
          -75.582382,
          39.689529
        ]
      },
      "properties": {
        "name": "Dollar General Store 17954",
        "address": "1403 N Dupont Hwy, New Castle, DE, 19720",
        "categories": [
          "other"
        ],
        "sources": [
          "snap-retailers"
        ],
        "external_ids": [
          "1266020"
        ],
        "contributor_count": 1
      }
    },
    {
      "type": "Feature",
      "geometry": {
        "type": "Point",
        "coordinates": [
          -75.582886,
          39.689983
        ]
      },
      "properties": {
        "name": "Fiesta Fresh Farmers Market ",
        "address": "1415 N Dupont Hwy, New Castle, DE, 19720",
        "categories": [
          "grocery-store"
        ],
        "sources": [
          "snap-retailers"
        ],
        "external_ids": [
          "1599173"
        ],
        "contributor_count": 1
      }
    },
    {
      "type": "Feature",
      "geometry": {
        "type": "Point",
        "coordinates": [
          -75.555511,
          39.691051
        ]
      },
      "properties": {
        "name": "BP Gas Station 12318",
        "address": "2038 New Castle Ave, New Castle, DE, 19720",
        "categories": [
          "corner-store"
        ],
        "sources": [
          "snap-retailers"
        ],
        "external_ids": [
          "1191098"
        ],
        "contributor_count": 1
      }
    },
    {
      "type": "Feature",
      "geometry": {
        "type": "Point",
        "coordinates": [
          -75.555481,
          39.69112
        ]
      },
      "properties": {
        "name": "Super G Market",
        "address": "2044 New Castle Ave, New Castle, DE, 19720",
        "categories": [
          "supermarket"
        ],
        "sources": [
          "snap-retailers"
        ],
        "external_ids": [
          "1229509"
        ],
        "contributor_count": 1
      }
    },
    {
      "type": "Feature",
      "geometry": {
        "type": "Point",
        "coordinates": [
          -75.66629,
          39.691719
        ]
      },
      "properties": {
        "name": "Dollar Tree 8671",
        "address": "1307a Churchmans Rd, Newark, DE, 19713",
        "categories": [
          "other"
        ],
        "sources": [
          "snap-retailers"
        ],
        "external_ids": [
          "1434844"
        ],
        "contributor_count": 1
      }
    },
    {
      "type": "Feature",
      "geometry": {
        "type": "Point",
        "coordinates": [
          -75.580383,
          39.691742
        ]
      },
      "properties": {
        "name": "La Consentida Inc",
        "address": "1511 N Dupont Hwy, New Castle, DE, 19720",
        "categories": [
          "grocery-store"
        ],
        "sources": [
          "snap-retailers"
        ],
        "external_ids": [
          "1091626"
        ],
        "contributor_count": 1
      }
    },
    {
      "type": "Feature",
      "geometry": {
        "type": "Point",
        "coordinates": [
          -75.579735,
          39.692471
        ]
      },
      "properties": {
        "name": "Wawa Food Market 852",
        "address": "1515 N Dupont Hwy, New Castle, DE, 19720",
        "categories": [
          "corner-store"
        ],
        "sources": [
          "snap-retailers"
        ],
        "external_ids": [
          "908375"
        ],
        "contributor_count": 1
      }
    },
    {
      "type": "Feature",
      "geometry": {
        "type": "Point",
        "coordinates": [
          -75.556023,
          39.692921
        ]
      },
      "properties": {
        "name": "Family Dollar 810",
        "address": "2082 New Castle Ave, New Castle, DE, 19720",
        "categories": [
          "other"
        ],
        "sources": [
          "snap-retailers"
        ],
        "external_ids": [
          "897539"
        ],
        "contributor_count": 1
      }
    },
    {
      "type": "Feature",
      "geometry": {
        "type": "Point",
        "coordinates": [
          -75.653358,
          39.693035
        ]
      },
      "properties": {
        "name": "Royal Farms 197",
        "address": "457 Stanton Christiana Rd, Newark, DE, 19713",
        "categories": [
          "corner-store"
        ],
        "sources": [
          "snap-retailers"
        ],
        "external_ids": [
          "1343067"
        ],
        "contributor_count": 1
      }
    },
    {
      "type": "Feature",
      "geometry": {
        "type": "Point",
        "coordinates": [
          -75.663673,
          39.693756
        ]
      },
      "properties": {
        "name": "Apna Bazar Farmers Market",
        "address": "1307 Churchmans Rd, Newark, DE, 19713",
        "categories": [
          "supermarket"
        ],
        "sources": [
          "snap-retailers"
        ],
        "external_ids": [
          "1375909"
        ],
        "contributor_count": 1
      }
    },
    {
      "type": "Feature",
      "geometry": {
        "type": "Point",
        "coordinates": [
          -75.599205,
          39.693817
        ]
      },
      "properties": {
        "name": "Wawa 863",
        "address": "7 E Commons Blvd, New Castle, DE, 19720",
        "categories": [
          "corner-store"
        ],
        "sources": [
          "snap-retailers"
        ],
        "external_ids": [
          "1139853"
        ],
        "contributor_count": 1
      }
    },
    {
      "type": "Feature",
      "geometry": {
        "type": "Point",
        "coordinates": [
          -75.763931,
          39.693977
        ]
      },
      "properties": {
        "name": "Food Lion 2230",
        "address": "401 New London Rd, Newark, DE, 19711",
        "categories": [
          "supermarket"
        ],
        "sources": [
          "snap-retailers"
        ],
        "external_ids": [
          "1351651"
        ],
        "contributor_count": 1
      }
    },
    {
      "type": "Feature",
      "geometry": {
        "type": "Point",
        "coordinates": [
          -75.719955,
          39.694195
        ]
      },
      "properties": {
        "name": "Family Dollar 11978",
        "address": "27 Possum Park Mall, Newark, DE, 19711",
        "categories": [
          "other"
        ],
        "sources": [
          "snap-retailers"
        ],
        "external_ids": [
          "1290275"
        ],
        "contributor_count": 1
      }
    },
    {
      "type": "Feature",
      "geometry": {
        "type": "Point",
        "coordinates": [
          -75.718262,
          39.694241
        ]
      },
      "properties": {
        "name": "Kohinoor Halal Meat & Grocery",
        "address": "700 Capitol Trl, Newark, DE, 19711",
        "categories": [
          "grocery-store"
        ],
        "sources": [
          "snap-retailers"
        ],
        "external_ids": [
          "1522307"
        ],
        "contributor_count": 1
      }
    },
    {
      "type": "Feature",
      "geometry": {
        "type": "Point",
        "coordinates": [
          -75.554108,
          39.694954
        ]
      },
      "properties": {
        "name": "Royal Farms 349",
        "address": "2160 New Castle Ave, New Castle, DE, 19720",
        "categories": [
          "corner-store"
        ],
        "sources": [
          "snap-retailers"
        ],
        "external_ids": [
          "1361482"
        ],
        "contributor_count": 1
      }
    },
    {
      "type": "Feature",
      "geometry": {
        "type": "Point",
        "coordinates": [
          -75.709999,
          39.696934
        ]
      },
      "properties": {
        "name": "Mi Gente Bonita Produce Market",
        "address": "1300 Capitol Trl, Newark, DE, 19711",
        "categories": [
          "grocery-store"
        ],
        "sources": [
          "snap-retailers"
        ],
        "external_ids": [
          "1626395"
        ],
        "contributor_count": 1
      }
    },
    {
      "type": "Feature",
      "geometry": {
        "type": "Point",
        "coordinates": [
          -75.712082,
          39.697231
        ]
      },
      "properties": {
        "name": "Speedy Gas",
        "address": "1205 Capitol Trl, Newark, DE, 19711",
        "categories": [
          "corner-store"
        ],
        "sources": [
          "snap-retailers"
        ],
        "external_ids": [
          "1009680"
        ],
        "contributor_count": 1
      }
    },
    {
      "type": "Feature",
      "geometry": {
        "type": "Point",
        "coordinates": [
          -75.576042,
          39.697746
        ]
      },
      "properties": {
        "name": "Bright Spot Farms",
        "address": "1901 N. Dupont Highway, Wilmington, DE, 19720",
        "categories": [
          "other"
        ],
        "sources": [
          "snap-retailers"
        ],
        "external_ids": [
          "1436527"
        ],
        "contributor_count": 1
      }
    },
    {
      "type": "Feature",
      "geometry": {
        "type": "Point",
        "coordinates": [
          -75.707489,
          39.698051
        ]
      },
      "properties": {
        "name": "Eagle Mediterranean Market",
        "address": "1450 Capitol Trl, Newark, DE, 19711",
        "categories": [
          "grocery-store"
        ],
        "sources": [
          "snap-retailers"
        ],
        "external_ids": [
          "1686675"
        ],
        "contributor_count": 1
      }
    },
    {
      "type": "Feature",
      "geometry": {
        "type": "Point",
        "coordinates": [
          -75.552826,
          39.698742
        ]
      },
      "properties": {
        "name": "New Castle Shell",
        "address": "3001 New Castle Ave, New Castle, DE, 19720",
        "categories": [
          "corner-store"
        ],
        "sources": [
          "snap-retailers"
        ],
        "external_ids": [
          "607515"
        ],
        "contributor_count": 1
      }
    },
    {
      "type": "Feature",
      "geometry": {
        "type": "Point",
        "coordinates": [
          -75.5522,
          39.69989
        ]
      },
      "properties": {
        "name": "Super Food Stores",
        "address": "3006 New Castle Ave, New Castle, DE, 19720",
        "categories": [
          "corner-store"
        ],
        "sources": [
          "snap-retailers"
        ],
        "external_ids": [
          "1063643"
        ],
        "contributor_count": 1
      }
    },
    {
      "type": "Feature",
      "geometry": {
        "type": "Point",
        "coordinates": [
          -75.700531,
          39.699909
        ]
      },
      "properties": {
        "name": "Wawa 861",
        "address": "1750 Capitol Trl, Newark, DE, 19711",
        "categories": [
          "corner-store"
        ],
        "sources": [
          "snap-retailers"
        ],
        "external_ids": [
          "1081222"
        ],
        "contributor_count": 1
      }
    },
    {
      "type": "Feature",
      "geometry": {
        "type": "Point",
        "coordinates": [
          -75.550705,
          39.703419
        ]
      },
      "properties": {
        "name": "New Castle Market LLC",
        "address": "3046 New Castle Ave, New Castle, DE, 19720",
        "categories": [
          "corner-store"
        ],
        "sources": [
          "snap-retailers"
        ],
        "external_ids": [
          "1689721"
        ],
        "contributor_count": 1
      }
    },
    {
      "type": "Feature",
      "geometry": {
        "type": "Point",
        "coordinates": [
          -75.560089,
          39.703983
        ]
      },
      "properties": {
        "name": "Messiahs Market",
        "address": "6 Nieole Ave, New Castle, DE, 19720",
        "categories": [
          "other"
        ],
        "sources": [
          "snap-retailers"
        ],
        "external_ids": [
          "1622968"
        ],
        "contributor_count": 1
      }
    },
    {
      "type": "Feature",
      "geometry": {
        "type": "Point",
        "coordinates": [
          -75.550774,
          39.704044
        ]
      },
      "properties": {
        "name": "DOLLAR GENERAL 17493",
        "address": "3056 New Castle Ave, New Castle, DE, 19720",
        "categories": [
          "other"
        ],
        "sources": [
          "snap-retailers"
        ],
        "external_ids": [
          "1304359"
        ],
        "contributor_count": 1
      }
    },
    {
      "type": "Feature",
      "geometry": {
        "type": "Point",
        "coordinates": [
          -75.543945,
          39.70425
        ]
      },
      "properties": {
        "name": "R&C Deli 1",
        "address": "100 West Ave, New Castle, DE, 19720",
        "categories": [
          "corner-store"
        ],
        "sources": [
          "snap-retailers"
        ],
        "external_ids": [
          "1649610"
        ],
        "contributor_count": 1
      }
    },
    {
      "type": "Feature",
      "geometry": {
        "type": "Point",
        "coordinates": [
          -75.686867,
          39.705517
        ]
      },
      "properties": {
        "name": "NATURAL HOUSE INC",
        "address": "2515 Kirkwood Hwy, Newark, DE, 19711",
        "categories": [
          "supermarket"
        ],
        "sources": [
          "snap-retailers"
        ],
        "external_ids": [
          "773622"
        ],
        "contributor_count": 1
      }
    },
    {
      "type": "Feature",
      "geometry": {
        "type": "Point",
        "coordinates": [
          -75.685081,
          39.706825
        ]
      },
      "properties": {
        "name": "Wawa Store 888",
        "address": "2645 Capitol Trl, Newark, DE, 19711",
        "categories": [
          "corner-store"
        ],
        "sources": [
          "snap-retailers"
        ],
        "external_ids": [
          "1661795"
        ],
        "contributor_count": 1
      }
    },
    {
      "type": "Feature",
      "geometry": {
        "type": "Point",
        "coordinates": [
          -75.685051,
          39.706848
        ]
      },
      "properties": {
        "name": "Walgreens 11133",
        "address": "2651 Kirkwood Hwy, Newark, DE, 19711",
        "categories": [
          "other"
        ],
        "sources": [
          "snap-retailers"
        ],
        "external_ids": [
          "851414"
        ],
        "contributor_count": 1
      }
    },
    {
      "type": "Feature",
      "geometry": {
        "type": "Point",
        "coordinates": [
          -75.686165,
          39.707119
        ]
      },
      "properties": {
        "name": "Dollar Tree 09889",
        "address": "2635 Capitol Trl, Newark, DE, 19711",
        "categories": [
          "other"
        ],
        "sources": [
          "snap-retailers"
        ],
        "external_ids": [
          "1676829"
        ],
        "contributor_count": 1
      }
    },
    {
      "type": "Feature",
      "geometry": {
        "type": "Point",
        "coordinates": [
          -75.564438,
          39.708462
        ]
      },
      "properties": {
        "name": "Snack & Tobacco Bazaar 2",
        "address": "103 E Hazeldell Ave, New Castle, DE, 19720",
        "categories": [
          "corner-store"
        ],
        "sources": [
          "snap-retailers"
        ],
        "external_ids": [
          "1562290"
        ],
        "contributor_count": 1
      }
    },
    {
      "type": "Feature",
      "geometry": {
        "type": "Point",
        "coordinates": [
          -75.563667,
          39.709801
        ]
      },
      "properties": {
        "name": "Wawa Food Market 840",
        "address": "4000 N Dupont Hwy, New Castle, DE, 19720",
        "categories": [
          "corner-store"
        ],
        "sources": [
          "snap-retailers"
        ],
        "external_ids": [
          "233680"
        ],
        "contributor_count": 1
      }
    },
    {
      "type": "Feature",
      "geometry": {
        "type": "Point",
        "coordinates": [
          -75.651215,
          39.711334
        ]
      },
      "properties": {
        "name": "CVS 3038",
        "address": "1605 Telegraph Rd, Wilmington, DE, 19804",
        "categories": [
          "other"
        ],
        "sources": [
          "snap-retailers"
        ],
        "external_ids": [
          "1079908"
        ],
        "contributor_count": 1
      }
    },
    {
      "type": "Feature",
      "geometry": {
        "type": "Point",
        "coordinates": [
          -75.563332,
          39.711777
        ]
      },
      "properties": {
        "name": "Dollar Tree 7153",
        "address": "2201 Hessler Blvd, New Castle, DE, 19720",
        "categories": [
          "other"
        ],
        "sources": [
          "snap-retailers"
        ],
        "external_ids": [
          "1302445"
        ],
        "contributor_count": 1
      }
    },
    {
      "type": "Feature",
      "geometry": {
        "type": "Point",
        "coordinates": [
          -75.647514,
          39.712566
        ]
      },
      "properties": {
        "name": "Dash In 1295",
        "address": "414 Main St, Wilmington, DE, 19804",
        "categories": [
          "corner-store"
        ],
        "sources": [
          "snap-retailers"
        ],
        "external_ids": [
          "1419418"
        ],
        "contributor_count": 1
      }
    },
    {
      "type": "Feature",
      "geometry": {
        "type": "Point",
        "coordinates": [
          -75.613182,
          39.7131
        ]
      },
      "properties": {
        "name": "El Nayarit Mexican Grocery Store #3",
        "address": "226 W Market St, Wilmington, DE, 19804",
        "categories": [
          "grocery-store"
        ],
        "sources": [
          "snap-retailers"
        ],
        "external_ids": [
          "1498640"
        ],
        "contributor_count": 1
      }
    },
    {
      "type": "Feature",
      "geometry": {
        "type": "Point",
        "coordinates": [
          -75.617859,
          39.713791
        ]
      },
      "properties": {
        "name": "El Amigo Ii Llc no",
        "address": "804 W Newport Pike, Wilmington, DE, 19804",
        "categories": [
          "grocery-store"
        ],
        "sources": [
          "snap-retailers"
        ],
        "external_ids": [
          "1503083"
        ],
        "contributor_count": 1
      }
    },
    {
      "type": "Feature",
      "geometry": {
        "type": "Point",
        "coordinates": [
          -75.612221,
          39.713825
        ]
      },
      "properties": {
        "name": "7 Eleven #11291d 11291D",
        "address": "201 W Market St, Wilmington, DE, 19804",
        "categories": [
          "corner-store"
        ],
        "sources": [
          "snap-retailers"
        ],
        "external_ids": [
          "1638100"
        ],
        "contributor_count": 1
      }
    },
    {
      "type": "Feature",
      "geometry": {
        "type": "Point",
        "coordinates": [
          -75.664856,
          39.714085
        ]
      },
      "properties": {
        "name": "El Rinconsito Edomex",
        "address": "2046 Telegraph Rd, Wilmington, DE, 19808",
        "categories": [
          "grocery-store"
        ],
        "sources": [
          "snap-retailers"
        ],
        "external_ids": [
          "1686056"
        ],
        "contributor_count": 1
      }
    },
    {
      "type": "Feature",
      "geometry": {
        "type": "Point",
        "coordinates": [
          -75.609245,
          39.714165
        ]
      },
      "properties": {
        "name": "Exxon Mobil 1286",
        "address": "20 N James St, Wilmington, DE, 19804",
        "categories": [
          "corner-store"
        ],
        "sources": [
          "snap-retailers"
        ],
        "external_ids": [
          "1561762"
        ],
        "contributor_count": 1
      }
    },
    {
      "type": "Feature",
      "geometry": {
        "type": "Point",
        "coordinates": [
          -75.675835,
          39.714443
        ]
      },
      "properties": {
        "name": "Speedway 43303",
        "address": "5801 Kirkwood Hwy, Wilmington, DE, 19808",
        "categories": [
          "corner-store"
        ],
        "sources": [
          "snap-retailers"
        ],
        "external_ids": [
          "1624636"
        ],
        "contributor_count": 1
      }
    },
    {
      "type": "Feature",
      "geometry": {
        "type": "Point",
        "coordinates": [
          -75.675041,
          39.714859
        ]
      },
      "properties": {
        "name": "Jack's Country Maid Deli",
        "address": "5605 Kirkwood Hwy, Wilmington, DE, 19808",
        "categories": [
          "grocery-store"
        ],
        "sources": [
          "snap-retailers"
        ],
        "external_ids": [
          "576572"
        ],
        "contributor_count": 1
      }
    },
    {
      "type": "Feature",
      "geometry": {
        "type": "Point",
        "coordinates": [
          -75.635223,
          39.714916
        ]
      },
      "properties": {
        "name": "Produce Junction 20",
        "address": "2012 W Newport Pike, Wilmington, DE, 19804",
        "categories": [
          "specialty-grocer"
        ],
        "sources": [
          "snap-retailers"
        ],
        "external_ids": [
          "1454629"
        ],
        "contributor_count": 1
      }
    },
    {
      "type": "Feature",
      "geometry": {
        "type": "Point",
        "coordinates": [
          -75.74099,
          39.715126
        ]
      },
      "properties": {
        "name": "Dash In 1488",
        "address": "668 Paper Mill Rd, Newark, DE, 19711",
        "categories": [
          "corner-store"
        ],
        "sources": [
          "snap-retailers"
        ],
        "external_ids": [
          "1024523"
        ],
        "contributor_count": 1
      }
    },
    {
      "type": "Feature",
      "geometry": {
        "type": "Point",
        "coordinates": [
          -75.627274,
          39.715363
        ]
      },
      "properties": {
        "name": "SHOPRITE OF FIRST STATE PLAZA 538",
        "address": "1600 W Newport Pike, Wilmington, DE, 19804",
        "categories": [
          "supermarket"
        ],
        "sources": [
          "snap-retailers"
        ],
        "external_ids": [
          "267755"
        ],
        "contributor_count": 1
      }
    },
    {
      "type": "Feature",
      "geometry": {
        "type": "Point",
        "coordinates": [
          -75.739067,
          39.715473
        ]
      },
      "properties": {
        "name": "Walgreens 11045",
        "address": "372 Possum Park Rd, Newark, DE, 19711",
        "categories": [
          "other"
        ],
        "sources": [
          "snap-retailers"
        ],
        "external_ids": [
          "849809"
        ],
        "contributor_count": 1
      }
    },
    {
      "type": "Feature",
      "geometry": {
        "type": "Point",
        "coordinates": [
          -75.629585,
          39.715668
        ]
      },
      "properties": {
        "name": "Dollar Tree 1646",
        "address": "1716 W Newport Pike, Newport, DE, 19804",
        "categories": [
          "other"
        ],
        "sources": [
          "snap-retailers"
        ],
        "external_ids": [
          "856825"
        ],
        "contributor_count": 1
      }
    },
    {
      "type": "Feature",
      "geometry": {
        "type": "Point",
        "coordinates": [
          -75.640549,
          39.715916
        ]
      },
      "properties": {
        "name": "Mi Gente Bonita Llc",
        "address": "2125 W Newport Pike, Wilmington, DE, 19804",
        "categories": [
          "grocery-store"
        ],
        "sources": [
          "snap-retailers"
        ],
        "external_ids": [
          "1519020"
        ],
        "contributor_count": 1
      }
    },
    {
      "type": "Feature",
      "geometry": {
        "type": "Point",
        "coordinates": [
          -75.601746,
          39.717445
        ]
      },
      "properties": {
        "name": "Dollar General 14633",
        "address": "1402 E Newport Pike, Wilmington, DE, 19804",
        "categories": [
          "other"
        ],
        "sources": [
          "snap-retailers"
        ],
        "external_ids": [
          "1191327"
        ],
        "contributor_count": 1
      }
    },
    {
      "type": "Feature",
      "geometry": {
        "type": "Point",
        "coordinates": [
          -75.709824,
          39.718884
        ]
      },
      "properties": {
        "name": "Zingo's Pike Creek Inc",
        "address": "1 Polly Drummond Shpg Ctr, Newark, DE, 19711",
        "categories": [
          "supermarket"
        ],
        "sources": [
          "snap-retailers"
        ],
        "external_ids": [
          "1498825"
        ],
        "contributor_count": 1
      }
    },
    {
      "type": "Feature",
      "geometry": {
        "type": "Point",
        "coordinates": [
          -75.556526,
          39.721058
        ]
      },
      "properties": {
        "name": "Royal Farms 464",
        "address": "1031 S Market St, Wilmington, DE, 19801",
        "categories": [
          "corner-store"
        ],
        "sources": [
          "snap-retailers"
        ],
        "external_ids": [
          "1519920"
        ],
        "contributor_count": 1
      }
    },
    {
      "type": "Feature",
      "geometry": {
        "type": "Point",
        "coordinates": [
          -75.656776,
          39.72226
        ]
      },
      "properties": {
        "name": "WAWA 858",
        "address": "2060 Limestone Rd, Marshallton, DE, 19808",
        "categories": [
          "corner-store"
        ],
        "sources": [
          "snap-retailers"
        ],
        "external_ids": [
          "964095"
        ],
        "contributor_count": 1
      }
    },
    {
      "type": "Feature",
      "geometry": {
        "type": "Point",
        "coordinates": [
          -75.661308,
          39.723602
        ]
      },
      "properties": {
        "name": "BACHETTI BROS OF KIRKWOOD INC",
        "address": "4723 Kirkwood Hwy, Wilmington, DE, 19808",
        "categories": [
          "other"
        ],
        "sources": [
          "snap-retailers"
        ],
        "external_ids": [
          "671547"
        ],
        "contributor_count": 1
      }
    },
    {
      "type": "Feature",
      "geometry": {
        "type": "Point",
        "coordinates": [
          -75.657166,
          39.724194
        ]
      },
      "properties": {
        "name": "La Estrella Mexican Grocery",
        "address": "4536 Kirkwood Hwy, Wilmington, DE, 19808",
        "categories": [
          "grocery-store"
        ],
        "sources": [
          "snap-retailers"
        ],
        "external_ids": [
          "1108464"
        ],
        "contributor_count": 1
      }
    },
    {
      "type": "Feature",
      "geometry": {
        "type": "Point",
        "coordinates": [
          -75.65464,
          39.727459
        ]
      },
      "properties": {
        "name": "Dollar Tree 3769",
        "address": "4429 Kirkwood Hwy, Wilmington, DE, 19808",
        "categories": [
          "other"
        ],
        "sources": [
          "snap-retailers"
        ],
        "external_ids": [
          "1664310"
        ],
        "contributor_count": 1
      }
    },
    {
      "type": "Feature",
      "geometry": {
        "type": "Point",
        "coordinates": [
          -75.648865,
          39.727482
        ]
      },
      "properties": {
        "name": "Aldi 60149",
        "address": "2205 Farrand Dr, Wilmington, DE, 19808",
        "categories": [
          "supermarket"
        ],
        "sources": [
          "snap-retailers"
        ],
        "external_ids": [
          "1320334"
        ],
        "contributor_count": 1
      }
    },
    {
      "type": "Feature",
      "geometry": {
        "type": "Point",
        "coordinates": [
          -75.621117,
          39.727543
        ]
      },
      "properties": {
        "name": "Family Dollar 12281",
        "address": "1311 Newport Gap Pike, Wilmington, DE, 19804",
        "categories": [
          "other"
        ],
        "sources": [
          "snap-retailers"
        ],
        "external_ids": [
          "1350920"
        ],
        "contributor_count": 1
      }
    },
    {
      "type": "Feature",
      "geometry": {
        "type": "Point",
        "coordinates": [
          -75.543167,
          39.72781
        ]
      },
      "properties": {
        "name": "Jannah Llc",
        "address": "518 New Castle Ave, Wilmington, DE, 19801",
        "categories": [
          "corner-store"
        ],
        "sources": [
          "snap-retailers"
        ],
        "external_ids": [
          "1665507"
        ],
        "contributor_count": 1
      }
    },
    {
      "type": "Feature",
      "geometry": {
        "type": "Point",
        "coordinates": [
          -75.586647,
          39.728115
        ]
      },
      "properties": {
        "name": "Quick Mart",
        "address": "103 S Maryland Ave, Wilmington, DE, 19804",
        "categories": [
          "corner-store"
        ],
        "sources": [
          "snap-retailers"
        ],
        "external_ids": [
          "927090"
        ],
        "contributor_count": 1
      }
    },
    {
      "type": "Feature",
      "geometry": {
        "type": "Point",
        "coordinates": [
          -75.584801,
          39.729656
        ]
      },
      "properties": {
        "name": "La Oaxaquena",
        "address": "107 N Maryland Ave, Wilmington, DE, 19804",
        "categories": [
          "grocery-store"
        ],
        "sources": [
          "snap-retailers"
        ],
        "external_ids": [
          "1326809"
        ],
        "contributor_count": 1
      }
    },
    {
      "type": "Feature",
      "geometry": {
        "type": "Point",
        "coordinates": [
          -75.646698,
          39.729877
        ]
      },
      "properties": {
        "name": "Star Gas & Diesel",
        "address": "3927 Kirkwood Hwy, Wilmington, DE, 19808",
        "categories": [
          "corner-store"
        ],
        "sources": [
          "snap-retailers"
        ],
        "external_ids": [
          "985423"
        ],
        "contributor_count": 1
      }
    },
    {
      "type": "Feature",
      "geometry": {
        "type": "Point",
        "coordinates": [
          -75.68425,
          39.729942
        ]
      },
      "properties": {
        "name": "Carousel Park Farmers Market ",
        "address": "3700 Limestone Rd, Wilmington, DE, 19808",
        "categories": [
          "other"
        ],
        "sources": [
          "snap-retailers"
        ],
        "external_ids": [
          "1184668"
        ],
        "contributor_count": 1
      }
    },
    {
      "type": "Feature",
      "geometry": {
        "type": "Point",
        "coordinates": [
          -75.542358,
          39.730431
        ]
      },
      "properties": {
        "name": "Knf Of Southbridge",
        "address": "330 New Castle Ave, Wilmington, DE, 19801",
        "categories": [
          "corner-store"
        ],
        "sources": [
          "snap-retailers"
        ],
        "external_ids": [
          "1629054"
        ],
        "contributor_count": 1
      }
    },
    {
      "type": "Feature",
      "geometry": {
        "type": "Point",
        "coordinates": [
          -75.555138,
          39.731144
        ]
      },
      "properties": {
        "name": "Shoprite of Christina Crossing 589",
        "address": "501 S Walnut St, Wilmington, DE, 19801",
        "categories": [
          "supermarket"
        ],
        "sources": [
          "snap-retailers"
        ],
        "external_ids": [
          "1697446"
        ],
        "contributor_count": 1
      }
    },
    {
      "type": "Feature",
      "geometry": {
        "type": "Point",
        "coordinates": [
          -75.579552,
          39.731632
        ]
      },
      "properties": {
        "name": "Dollar Tree 8329",
        "address": "402 N Maryland Ave, Wilmington, DE, 19804",
        "categories": [
          "other"
        ],
        "sources": [
          "snap-retailers"
        ],
        "external_ids": [
          "1381923"
        ],
        "contributor_count": 1
      }
    },
    {
      "type": "Feature",
      "geometry": {
        "type": "Point",
        "coordinates": [
          -75.619629,
          39.731781
        ]
      },
      "properties": {
        "name": "Walmart 5436",
        "address": "1251 Centerville Rd, Wilmington, DE, 19808",
        "categories": [
          "supermarket"
        ],
        "sources": [
          "snap-retailers"
        ],
        "external_ids": [
          "776085"
        ],
        "contributor_count": 1
      }
    },
    {
      "type": "Feature",
      "geometry": {
        "type": "Point",
        "coordinates": [
          -75.575485,
          39.732018
        ]
      },
      "properties": {
        "name": "Family Dollar 4075",
        "address": "1914 Maryland Ave, Wilmington, DE, 19805",
        "categories": [
          "other"
        ],
        "sources": [
          "snap-retailers"
        ],
        "external_ids": [
          "897543"
        ],
        "contributor_count": 1
      }
    },
    {
      "type": "Feature",
      "geometry": {
        "type": "Point",
        "coordinates": [
          -75.581558,
          39.732262
        ]
      },
      "properties": {
        "name": "Wegmans Wilmington 119",
        "address": "371 Buckley Mill Rd, Wilmington, DE, 19807",
        "categories": [
          "supermarket"
        ],
        "sources": [
          "snap-retailers"
        ],
        "external_ids": [
          "1520569"
        ],
        "contributor_count": 1
      }
    },
    {
      "type": "Feature",
      "geometry": {
        "type": "Point",
        "coordinates": [
          -75.666809,
          39.732273
        ]
      },
      "properties": {
        "name": "Shore Stop 282",
        "address": "1327 McKennans Church Rd, Wilmington, DE, 19808",
        "categories": [
          "corner-store"
        ],
        "sources": [
          "snap-retailers"
        ],
        "external_ids": [
          "895124"
        ],
        "contributor_count": 1
      }
    },
    {
      "type": "Feature",
      "geometry": {
        "type": "Point",
        "coordinates": [
          -75.666809,
          39.732273
        ]
      },
      "properties": {
        "name": "Walgreens 11005",
        "address": "1323 McKennans Church Rd, Wilmington, DE, 19808",
        "categories": [
          "other"
        ],
        "sources": [
          "snap-retailers"
        ],
        "external_ids": [
          "849395"
        ],
        "contributor_count": 1
      }
    },
    {
      "type": "Feature",
      "geometry": {
        "type": "Point",
        "coordinates": [
          -75.639931,
          39.733307
        ]
      },
      "properties": {
        "name": "Royal Farms 196",
        "address": "3701 Kirkwood Hwy, Wilmington, DE, 19808",
        "categories": [
          "corner-store"
        ],
        "sources": [
          "snap-retailers"
        ],
        "external_ids": [
          "1134833"
        ],
        "contributor_count": 1
      }
    },
    {
      "type": "Feature",
      "geometry": {
        "type": "Point",
        "coordinates": [
          -75.576492,
          39.733624
        ]
      },
      "properties": {
        "name": "Maryland Ave Sunoco",
        "address": "1950 Maryland Ave, Wilmington, DE, 19805",
        "categories": [
          "corner-store"
        ],
        "sources": [
          "snap-retailers"
        ],
        "external_ids": [
          "855022"
        ],
        "contributor_count": 1
      }
    },
    {
      "type": "Feature",
      "geometry": {
        "type": "Point",
        "coordinates": [
          -75.623222,
          39.734001
        ]
      },
      "properties": {
        "name": "ACME 872",
        "address": "1308 Centerville Rd, Wilmington, DE, 19808",
        "categories": [
          "supermarket"
        ],
        "sources": [
          "snap-retailers"
        ],
        "external_ids": [
          "489617"
        ],
        "contributor_count": 1
      }
    },
    {
      "type": "Feature",
      "geometry": {
        "type": "Point",
        "coordinates": [
          -75.690033,
          39.734818
        ]
      },
      "properties": {
        "name": "Wawa 831",
        "address": "4555 New Linden Hill Rd, Wilmington, DE, 19808",
        "categories": [
          "corner-store"
        ],
        "sources": [
          "snap-retailers"
        ],
        "external_ids": [
          "1036810"
        ],
        "contributor_count": 1
      }
    },
    {
      "type": "Feature",
      "geometry": {
        "type": "Point",
        "coordinates": [
          -75.573051,
          39.735283
        ]
      },
      "properties": {
        "name": "Speedy Mart",
        "address": "1120 S Broom St, Wilmington, DE, 19805",
        "categories": [
          "corner-store"
        ],
        "sources": [
          "snap-retailers"
        ],
        "external_ids": [
          "1348778"
        ],
        "contributor_count": 1
      }
    },
    {
      "type": "Feature",
      "geometry": {
        "type": "Point",
        "coordinates": [
          -75.626396,
          39.735645
        ]
      },
      "properties": {
        "name": "Target Store T2875",
        "address": "3240 Kirkwood Hwy, Wilmington, DE, 19808",
        "categories": [
          "supermarket"
        ],
        "sources": [
          "snap-retailers"
        ],
        "external_ids": [
          "1445145"
        ],
        "contributor_count": 1
      }
    },
    {
      "type": "Feature",
      "geometry": {
        "type": "Point",
        "coordinates": [
          -75.632019,
          39.735798
        ]
      },
      "properties": {
        "name": "GIGANTE INTERNATIONAL FOOD MARKET",
        "address": "3421 Kirkwood Hwy, Wilmington, DE, 19808",
        "categories": [
          "supermarket"
        ],
        "sources": [
          "snap-retailers"
        ],
        "external_ids": [
          "750296"
        ],
        "contributor_count": 1
      }
    },
    {
      "type": "Feature",
      "geometry": {
        "type": "Point",
        "coordinates": [
          -75.570206,
          39.736008
        ]
      },
      "properties": {
        "name": "Bacalao Super Market I I I Inc",
        "address": "1200 Maryland Ave, Wilmington, DE, 19805",
        "categories": [
          "grocery-store"
        ],
        "sources": [
          "snap-retailers"
        ],
        "external_ids": [
          "1676870"
        ],
        "contributor_count": 1
      }
    },
    {
      "type": "Feature",
      "geometry": {
        "type": "Point",
        "coordinates": [
          -75.567825,
          39.736938
        ]
      },
      "properties": {
        "name": "Mama Juana Grocery Inc",
        "address": "822 Maryland Ave, Wilmington, DE, 19805",
        "categories": [
          "corner-store"
        ],
        "sources": [
          "snap-retailers"
        ],
        "external_ids": [
          "1449424"
        ],
        "contributor_count": 1
      }
    },
    {
      "type": "Feature",
      "geometry": {
        "type": "Point",
        "coordinates": [
          -75.543709,
          39.737347
        ]
      },
      "properties": {
        "name": "Taffy Food Market",
        "address": "701 E 4th St, Wilmington, DE, 19801",
        "categories": [
          "corner-store"
        ],
        "sources": [
          "snap-retailers"
        ],
        "external_ids": [
          "1183317"
        ],
        "contributor_count": 1
      }
    },
    {
      "type": "Feature",
      "geometry": {
        "type": "Point",
        "coordinates": [
          -75.554756,
          39.73735
        ]
      },
      "properties": {
        "name": "Riverfront Produce Inc",
        "address": "3 S Orange St, Wilmington, DE, 19801",
        "categories": [
          "specialty-grocer"
        ],
        "sources": [
          "snap-retailers"
        ],
        "external_ids": [
          "1408256"
        ],
        "contributor_count": 1
      }
    },
    {
      "type": "Feature",
      "geometry": {
        "type": "Point",
        "coordinates": [
          -75.566719,
          39.737507
        ]
      },
      "properties": {
        "name": "Save-A-Lot 60059",
        "address": "714 Maryland Ave, Wilmington, DE, 19805",
        "categories": [
          "supermarket"
        ],
        "sources": [
          "snap-retailers"
        ],
        "external_ids": [
          "1010481"
        ],
        "contributor_count": 1
      }
    },
    {
      "type": "Feature",
      "geometry": {
        "type": "Point",
        "coordinates": [
          -75.546524,
          39.737595
        ]
      },
      "properties": {
        "name": "S & R Market",
        "address": "242 N Lombard St, Wilmington, DE, 19801",
        "categories": [
          "grocery-store"
        ],
        "sources": [
          "snap-retailers"
        ],
        "external_ids": [
          "1543811"
        ],
        "contributor_count": 1
      }
    },
    {
      "type": "Feature",
      "geometry": {
        "type": "Point",
        "coordinates": [
          -75.613731,
          39.737656
        ]
      },
      "properties": {
        "name": "Los Altos De Jalisco Mexican Store",
        "address": "2510 Kirkwood Hwy, Wilmington, DE, 19805",
        "categories": [
          "grocery-store"
        ],
        "sources": [
          "snap-retailers"
        ],
        "external_ids": [
          "1496531"
        ],
        "contributor_count": 1
      }
    },
    {
      "type": "Feature",
      "geometry": {
        "type": "Point",
        "coordinates": [
          -75.613731,
          39.737656
        ]
      },
      "properties": {
        "name": "Santana's Butcher Llc",
        "address": "2510 Kirkwood Hwy, Wilmington, DE, 19805",
        "categories": [
          "specialty-grocer"
        ],
        "sources": [
          "snap-retailers"
        ],
        "external_ids": [
          "1619590"
        ],
        "contributor_count": 1
      }
    },
    {
      "type": "Feature",
      "geometry": {
        "type": "Point",
        "coordinates": [
          -75.613213,
          39.737892
        ]
      },
      "properties": {
        "name": "Jack's Country Maid Deli",
        "address": "2400 Kirkwood Hwy, Wilmington, DE, 19805",
        "categories": [
          "grocery-store"
        ],
        "sources": [
          "snap-retailers"
        ],
        "external_ids": [
          "1198999"
        ],
        "contributor_count": 1
      }
    },
    {
      "type": "Feature",
      "geometry": {
        "type": "Point",
        "coordinates": [
          -75.61274,
          39.737923
        ]
      },
      "properties": {
        "name": "Dollar General 8622",
        "address": "2400 Kirkwood Hwy, Wilmington, DE, 19805",
        "categories": [
          "other"
        ],
        "sources": [
          "snap-retailers"
        ],
        "external_ids": [
          "738373"
        ],
        "contributor_count": 1
      }
    },
    {
      "type": "Feature",
      "geometry": {
        "type": "Point",
        "coordinates": [
          -75.566269,
          39.738014
        ]
      },
      "properties": {
        "name": "Rays Market Inc 1",
        "address": "701 Maryland Ave, Wilmington, DE, 19805",
        "categories": [
          "corner-store"
        ],
        "sources": [
          "snap-retailers"
        ],
        "external_ids": [
          "1397347"
        ],
        "contributor_count": 1
      }
    },
    {
      "type": "Feature",
      "geometry": {
        "type": "Point",
        "coordinates": [
          -75.612572,
          39.738125
        ]
      },
      "properties": {
        "name": "Twins Bid",
        "address": "2417 Kirkwood Hwy, Wilmington, DE, 19805",
        "categories": [
          "grocery-store"
        ],
        "sources": [
          "snap-retailers"
        ],
        "external_ids": [
          "1658216"
        ],
        "contributor_count": 1
      }
    },
    {
      "type": "Feature",
      "geometry": {
        "type": "Point",
        "coordinates": [
          -75.606522,
          39.738251
        ]
      },
      "properties": {
        "name": "49 Deli",
        "address": "1706 Kirkwood Hwy, Wilmington, DE, 19805",
        "categories": [
          "corner-store"
        ],
        "sources": [
          "snap-retailers"
        ],
        "external_ids": [
          "1652463"
        ],
        "contributor_count": 1
      }
    },
    {
      "type": "Feature",
      "geometry": {
        "type": "Point",
        "coordinates": [
          -75.609276,
          39.738361
        ]
      },
      "properties": {
        "name": "Family Dollar 12187",
        "address": "2021 Kirkwood Hwy, Wilmington, DE, 19805",
        "categories": [
          "other"
        ],
        "sources": [
          "snap-retailers"
        ],
        "external_ids": [
          "1325220"
        ],
        "contributor_count": 1
      }
    },
    {
      "type": "Feature",
      "geometry": {
        "type": "Point",
        "coordinates": [
          -75.609276,
          39.738369
        ]
      },
      "properties": {
        "name": "Dollar Tree 5524",
        "address": "2103 Kirkwood Hwy, Wilmington, DE, 19805",
        "categories": [
          "other"
        ],
        "sources": [
          "snap-retailers"
        ],
        "external_ids": [
          "1137286"
        ],
        "contributor_count": 1
      }
    },
    {
      "type": "Feature",
      "geometry": {
        "type": "Point",
        "coordinates": [
          -75.609497,
          39.738388
        ]
      },
      "properties": {
        "name": "Walgreens 13823",
        "address": "2121 Kirkwood Hwy, Elsmere, DE, 19805",
        "categories": [
          "other"
        ],
        "sources": [
          "snap-retailers"
        ],
        "external_ids": [
          "1121410"
        ],
        "contributor_count": 1
      }
    },
    {
      "type": "Feature",
      "geometry": {
        "type": "Point",
        "coordinates": [
          -75.609077,
          39.738419
        ]
      },
      "properties": {
        "name": "J H Brother Llc",
        "address": "2017 Kirkwood Hwy, Wilmington, DE, 19805",
        "categories": [
          "grocery-store"
        ],
        "sources": [
          "snap-retailers"
        ],
        "external_ids": [
          "1598751"
        ],
        "contributor_count": 1
      }
    },
    {
      "type": "Feature",
      "geometry": {
        "type": "Point",
        "coordinates": [
          -75.592232,
          39.738499
        ]
      },
      "properties": {
        "name": "Bacalao Super Market Inc",
        "address": "101 Western Ave, Wilmington, DE, 19805",
        "categories": [
          "grocery-store"
        ],
        "sources": [
          "snap-retailers"
        ],
        "external_ids": [
          "1456284"
        ],
        "contributor_count": 1
      }
    },
    {
      "type": "Feature",
      "geometry": {
        "type": "Point",
        "coordinates": [
          -75.555099,
          39.738731
        ]
      },
      "properties": {
        "name": "Organic Central",
        "address": "216 Martin Luther King Blvd, Wilmington, DE, 19801",
        "categories": [
          "grocery-store"
        ],
        "sources": [
          "snap-retailers"
        ],
        "external_ids": [
          "1539838"
        ],
        "contributor_count": 1
      }
    },
    {
      "type": "Feature",
      "geometry": {
        "type": "Point",
        "coordinates": [
          -75.603775,
          39.738804
        ]
      },
      "properties": {
        "name": "Sunoco Aplus",
        "address": "1500 Kirkwood Hwy, Wilmington, DE, 19805",
        "categories": [
          "corner-store"
        ],
        "sources": [
          "snap-retailers"
        ],
        "external_ids": [
          "1361896"
        ],
        "contributor_count": 1
      }
    },
    {
      "type": "Feature",
      "geometry": {
        "type": "Point",
        "coordinates": [
          -75.623489,
          39.739429
        ]
      },
      "properties": {
        "name": "7-eleven Store 11298",
        "address": "1901 Centerville Rd, Wilmington, DE, 19808",
        "categories": [
          "corner-store"
        ],
        "sources": [
          "snap-retailers"
        ],
        "external_ids": [
          "1658080"
        ],
        "contributor_count": 1
      }
    },
    {
      "type": "Feature",
      "geometry": {
        "type": "Point",
        "coordinates": [
          -75.725266,
          39.739719
        ]
      },
      "properties": {
        "name": "CVS Pharmacy 10376",
        "address": "604 Corner Ketch Rd, Newark, DE, 19711",
        "categories": [
          "other"
        ],
        "sources": [
          "snap-retailers"
        ],
        "external_ids": [
          "1329857"
        ],
        "contributor_count": 1
      }
    },
    {
      "type": "Feature",
      "geometry": {
        "type": "Point",
        "coordinates": [
          -75.598404,
          39.739929
        ]
      },
      "properties": {
        "name": "Wawa Food Market 810",
        "address": "915 New Rd, Wilmington, DE, 19805",
        "categories": [
          "corner-store"
        ],
        "sources": [
          "snap-retailers"
        ],
        "external_ids": [
          "908369"
        ],
        "contributor_count": 1
      }
    },
    {
      "type": "Feature",
      "geometry": {
        "type": "Point",
        "coordinates": [
          -75.610939,
          39.740234
        ]
      },
      "properties": {
        "name": "BJs Wholesale Club 354",
        "address": "2131 Kirkwood Hwy, Wilmington, DE, 19805",
        "categories": [
          "supermarket"
        ],
        "sources": [
          "snap-retailers"
        ],
        "external_ids": [
          "987198"
        ],
        "contributor_count": 1
      }
    },
    {
      "type": "Feature",
      "geometry": {
        "type": "Point",
        "coordinates": [
          -75.565018,
          39.740246
        ]
      },
      "properties": {
        "name": "Ambe Market 2 Llc",
        "address": "1101 Linden St, Wilmington, DE, 19805",
        "categories": [
          "grocery-store"
        ],
        "sources": [
          "snap-retailers"
        ],
        "external_ids": [
          "1567298"
        ],
        "contributor_count": 1
      }
    },
    {
      "type": "Feature",
      "geometry": {
        "type": "Point",
        "coordinates": [
          -75.547707,
          39.740559
        ]
      },
      "properties": {
        "name": "Windsor Market",
        "address": "500 N Walnut St, Wilmington, DE, 19801",
        "categories": [
          "corner-store"
        ],
        "sources": [
          "snap-retailers"
        ],
        "external_ids": [
          "1396741"
        ],
        "contributor_count": 1
      }
    },
    {
      "type": "Feature",
      "geometry": {
        "type": "Point",
        "coordinates": [
          -75.540382,
          39.740688
        ]
      },
      "properties": {
        "name": "Ak Tobacco & Variety Inc",
        "address": "831 N Church St, Wilmington, DE, 19801",
        "categories": [
          "corner-store"
        ],
        "sources": [
          "snap-retailers"
        ],
        "external_ids": [
          "1547860"
        ],
        "contributor_count": 1
      }
    },
    {
      "type": "Feature",
      "geometry": {
        "type": "Point",
        "coordinates": [
          -75.541695,
          39.74102
        ]
      },
      "properties": {
        "name": "Family Market & Grocery Llc",
        "address": "829 N Spruce St, Wilmington, DE, 19801",
        "categories": [
          "grocery-store"
        ],
        "sources": [
          "snap-retailers"
        ],
        "external_ids": [
          "1610546"
        ],
        "contributor_count": 1
      }
    },
    {
      "type": "Feature",
      "geometry": {
        "type": "Point",
        "coordinates": [
          -75.691345,
          39.741158
        ]
      },
      "properties": {
        "name": "ACME 826",
        "address": "4720 Limestone Rd, Wilmington, DE, 19808",
        "categories": [
          "supermarket"
        ],
        "sources": [
          "snap-retailers"
        ],
        "external_ids": [
          "691030"
        ],
        "contributor_count": 1
      }
    },
    {
      "type": "Feature",
      "geometry": {
        "type": "Point",
        "coordinates": [
          -75.552818,
          39.741264
        ]
      },
      "properties": {
        "name": "Siby Shea Butter Kingdom",
        "address": "207 W 4th St, Wilmington, DE, 19801",
        "categories": [
          "grocery-store"
        ],
        "sources": [
          "snap-retailers"
        ],
        "external_ids": [
          "1627423"
        ],
        "contributor_count": 1
      }
    },
    {
      "type": "Feature",
      "geometry": {
        "type": "Point",
        "coordinates": [
          -75.553017,
          39.74139
        ]
      },
      "properties": {
        "name": "A-1 Deligroceriespizza&fried Chicken",
        "address": "215 W 4th St, Wilmington, DE, 19801",
        "categories": [
          "corner-store"
        ],
        "sources": [
          "snap-retailers"
        ],
        "external_ids": [
          "1661949"
        ],
        "contributor_count": 1
      }
    },
    {
      "type": "Feature",
      "geometry": {
        "type": "Point",
        "coordinates": [
          -75.565826,
          39.741398
        ]
      },
      "properties": {
        "name": "Harrison Food Market Llc",
        "address": "227 S Harrison St, Wilmington, DE, 19805",
        "categories": [
          "corner-store"
        ],
        "sources": [
          "snap-retailers"
        ],
        "external_ids": [
          "1514208"
        ],
        "contributor_count": 1
      }
    },
    {
      "type": "Feature",
      "geometry": {
        "type": "Point",
        "coordinates": [
          -75.58239,
          39.741726
        ]
      },
      "properties": {
        "name": "Aurora's Tienda Mexicana LLC",
        "address": "707 S Union St, Wilmington, DE, 19805",
        "categories": [
          "corner-store"
        ],
        "sources": [
          "snap-retailers"
        ],
        "external_ids": [
          "1555144"
        ],
        "contributor_count": 1
      }
    },
    {
      "type": "Feature",
      "geometry": {
        "type": "Point",
        "coordinates": [
          -75.54184,
          39.741882
        ]
      },
      "properties": {
        "name": "Woodys Deli",
        "address": "857 Kirkwood St, Wilmington, DE, 19801",
        "categories": [
          "grocery-store"
        ],
        "sources": [
          "snap-retailers"
        ],
        "external_ids": [
          "1314542"
        ],
        "contributor_count": 1
      }
    },
    {
      "type": "Feature",
      "geometry": {
        "type": "Point",
        "coordinates": [
          -75.566406,
          39.742477
        ]
      },
      "properties": {
        "name": "Sunrise Grocery 2 Inc",
        "address": "1301 Chestnut St, Wilmington, DE, 19805",
        "categories": [
          "corner-store"
        ],
        "sources": [
          "snap-retailers"
        ],
        "external_ids": [
          "1669503"
        ],
        "contributor_count": 1
      }
    },
    {
      "type": "Feature",
      "geometry": {
        "type": "Point",
        "coordinates": [
          -75.541534,
          39.742859
        ]
      },
      "properties": {
        "name": "Bills Deli Market Inc",
        "address": "940 N Pine St, Wilmington, DE, 19801",
        "categories": [
          "corner-store"
        ],
        "sources": [
          "snap-retailers"
        ],
        "external_ids": [
          "1279059"
        ],
        "contributor_count": 1
      }
    },
    {
      "type": "Feature",
      "geometry": {
        "type": "Point",
        "coordinates": [
          -75.551773,
          39.743275
        ]
      },
      "properties": {
        "name": "Tiki Grocery",
        "address": "210 W 7th St, Wilmington, DE, 19801",
        "categories": [
          "corner-store"
        ],
        "sources": [
          "snap-retailers"
        ],
        "external_ids": [
          "1473026"
        ],
        "contributor_count": 1
      }
    },
    {
      "type": "Feature",
      "geometry": {
        "type": "Point",
        "coordinates": [
          -75.563011,
          39.743305
        ]
      },
      "properties": {
        "name": "D&h Market",
        "address": "1101 W 2nd St, Wilmington, DE, 19805",
        "categories": [
          "corner-store"
        ],
        "sources": [
          "snap-retailers"
        ],
        "external_ids": [
          "1394481"
        ],
        "contributor_count": 1
      }
    },
    {
      "type": "Feature",
      "geometry": {
        "type": "Point",
        "coordinates": [
          -75.535393,
          39.743412
        ]
      },
      "properties": {
        "name": "Dollar General 24968",
        "address": "1200 Northeast Blvd, Wilmington, DE, 19802",
        "categories": [
          "other"
        ],
        "sources": [
          "snap-retailers"
        ],
        "external_ids": [
          "1528633"
        ],
        "contributor_count": 1
      }
    },
    {
      "type": "Feature",
      "geometry": {
        "type": "Point",
        "coordinates": [
          -75.556969,
          39.743465
        ]
      },
      "properties": {
        "name": "Fifty Street Mini Market Llc",
        "address": "630 W 5th St, Wilmington, DE, 19801",
        "categories": [
          "corner-store"
        ],
        "sources": [
          "snap-retailers"
        ],
        "external_ids": [
          "1672092"
        ],
        "contributor_count": 1
      }
    },
    {
      "type": "Feature",
      "geometry": {
        "type": "Point",
        "coordinates": [
          -75.559021,
          39.74353
        ]
      },
      "properties": {
        "name": "Great Valu",
        "address": "800 W 4th St, Wilmington, DE, 19801",
        "categories": [
          "supermarket"
        ],
        "sources": [
          "snap-retailers"
        ],
        "external_ids": [
          "1380950"
        ],
        "contributor_count": 1
      }
    },
    {
      "type": "Feature",
      "geometry": {
        "type": "Point",
        "coordinates": [
          -75.536613,
          39.743645
        ]
      },
      "properties": {
        "name": "Ray's Deli & Grocery",
        "address": "1200 Northeast Blvd, Wilmington, DE, 19802",
        "categories": [
          "corner-store"
        ],
        "sources": [
          "snap-retailers"
        ],
        "external_ids": [
          "1154838"
        ],
        "contributor_count": 1
      }
    },
    {
      "type": "Feature",
      "geometry": {
        "type": "Point",
        "coordinates": [
          -75.549858,
          39.743805
        ]
      },
      "properties": {
        "name": "Lena's And Ant Bumpy's Eatery",
        "address": "801 N Shipley Street, Wilmington, DE, 19801",
        "categories": [
          "other"
        ],
        "sources": [
          "snap-retailers"
        ],
        "external_ids": [
          "1619392"
        ],
        "contributor_count": 1
      }
    },
    {
      "type": "Feature",
      "geometry": {
        "type": "Point",
        "coordinates": [
          -75.552216,
          39.743843
        ]
      },
      "properties": {
        "name": "7th St Deli & Grocery Llc",
        "address": "307 W 7th St, Wilmington, DE, 19801",
        "categories": [
          "corner-store"
        ],
        "sources": [
          "snap-retailers"
        ],
        "external_ids": [
          "1621084"
        ],
        "contributor_count": 1
      }
    },
    {
      "type": "Feature",
      "geometry": {
        "type": "Point",
        "coordinates": [
          -75.565208,
          39.743904
        ]
      },
      "properties": {
        "name": "Franklin Grocery And Deli",
        "address": "128 N Franklin St, Wilmington, DE, 19805",
        "categories": [
          "corner-store"
        ],
        "sources": [
          "snap-retailers"
        ],
        "external_ids": [
          "1364050"
        ],
        "contributor_count": 1
      }
    },
    {
      "type": "Feature",
      "geometry": {
        "type": "Point",
        "coordinates": [
          -75.553658,
          39.744331
        ]
      },
      "properties": {
        "name": "Family Deli & Grocery Inc",
        "address": "700 N Washington St, Wilmington, DE, 19801",
        "categories": [
          "corner-store"
        ],
        "sources": [
          "snap-retailers"
        ],
        "external_ids": [
          "1219830"
        ],
        "contributor_count": 1
      }
    },
    {
      "type": "Feature",
      "geometry": {
        "type": "Point",
        "coordinates": [
          -75.55162,
          39.744408
        ]
      },
      "properties": {
        "name": "Tatnall Deli & Market",
        "address": "301 W 8th St, Wilmington, DE, 19801",
        "categories": [
          "other"
        ],
        "sources": [
          "snap-retailers"
        ],
        "external_ids": [
          "1313758"
        ],
        "contributor_count": 1
      }
    },
    {
      "type": "Feature",
      "geometry": {
        "type": "Point",
        "coordinates": [
          -75.548546,
          39.744488
        ]
      },
      "properties": {
        "name": "Walgreens 11020",
        "address": "839 N Market St, Wilmington, DE, 19801",
        "categories": [
          "other"
        ],
        "sources": [
          "snap-retailers"
        ],
        "external_ids": [
          "834293"
        ],
        "contributor_count": 1
      }
    },
    {
      "type": "Feature",
      "geometry": {
        "type": "Point",
        "coordinates": [
          -75.561104,
          39.744709
        ]
      },
      "properties": {
        "name": "Philly Deli & Meat Market Inc",
        "address": "1009 W 4th St, Wilmington, DE, 19805",
        "categories": [
          "grocery-store"
        ],
        "sources": [
          "snap-retailers"
        ],
        "external_ids": [
          "1477858"
        ],
        "contributor_count": 1
      }
    },
    {
      "type": "Feature",
      "geometry": {
        "type": "Point",
        "coordinates": [
          -75.533913,
          39.744766
        ]
      },
      "properties": {
        "name": "North East Market",
        "address": "1400 Northeast Blvd, Wilmington, DE, 19802",
        "categories": [
          "corner-store"
        ],
        "sources": [
          "snap-retailers"
        ],
        "external_ids": [
          "851566"
        ],
        "contributor_count": 1
      }
    },
    {
      "type": "Feature",
      "geometry": {
        "type": "Point",
        "coordinates": [
          -75.550026,
          39.744896
        ]
      },
      "properties": {
        "name": "Orange Deli & Grocery",
        "address": "837 N Orange St, Wilmington, DE, 19801",
        "categories": [
          "corner-store"
        ],
        "sources": [
          "snap-retailers"
        ],
        "external_ids": [
          "1657434"
        ],
        "contributor_count": 1
      }
    },
    {
      "type": "Feature",
      "geometry": {
        "type": "Point",
        "coordinates": [
          -75.564125,
          39.745342
        ]
      },
      "properties": {
        "name": "I & C Grocery And Deli Inc",
        "address": "1232 W 4th St, Wilmington, DE, 19805",
        "categories": [
          "corner-store"
        ],
        "sources": [
          "snap-retailers"
        ],
        "external_ids": [
          "1455547"
        ],
        "contributor_count": 1
      }
    },
    {
      "type": "Feature",
      "geometry": {
        "type": "Point",
        "coordinates": [
          -75.562988,
          39.745422
        ]
      },
      "properties": {
        "name": "Quisqueya Deli Grocery",
        "address": "1201 W 4th St, Wilmington, DE, 19801",
        "categories": [
          "corner-store"
        ],
        "sources": [
          "snap-retailers"
        ],
        "external_ids": [
          "1444003"
        ],
        "contributor_count": 1
      }
    },
    {
      "type": "Feature",
      "geometry": {
        "type": "Point",
        "coordinates": [
          -75.561218,
          39.745457
        ]
      },
      "properties": {
        "name": "ESTEVEZ GROCERY",
        "address": "1023 W 5th St, Wilmington, DE, 19805",
        "categories": [
          "grocery-store"
        ],
        "sources": [
          "snap-retailers"
        ],
        "external_ids": [
          "589254"
        ],
        "contributor_count": 1
      }
    },
    {
      "type": "Feature",
      "geometry": {
        "type": "Point",
        "coordinates": [
          -75.610237,
          39.745506
        ]
      },
      "properties": {
        "name": "Jalisco Mexican Grocery Store",
        "address": "1722 W Gilpin Dr, Wilmington, DE, 19805",
        "categories": [
          "grocery-store"
        ],
        "sources": [
          "snap-retailers"
        ],
        "external_ids": [
          "991322"
        ],
        "contributor_count": 1
      }
    },
    {
      "type": "Feature",
      "geometry": {
        "type": "Point",
        "coordinates": [
          -75.551025,
          39.745586
        ]
      },
      "properties": {
        "name": "Geneva Deli & Grocery Llc",
        "address": "322 West Ninth St, Wilmington, DE, 19801",
        "categories": [
          "corner-store"
        ],
        "sources": [
          "snap-retailers"
        ],
        "external_ids": [
          "1689872"
        ],
        "contributor_count": 1
      }
    },
    {
      "type": "Feature",
      "geometry": {
        "type": "Point",
        "coordinates": [
          -75.568176,
          39.745655
        ]
      },
      "properties": {
        "name": "The Village Tree Inc NAFMNP",
        "address": "214 Delamore Pl, Wilmington, DE, 19805",
        "categories": [
          "other"
        ],
        "sources": [
          "snap-retailers"
        ],
        "external_ids": [
          "1449459"
        ],
        "contributor_count": 1
      }
    },
    {
      "type": "Feature",
      "geometry": {
        "type": "Point",
        "coordinates": [
          -75.573997,
          39.745686
        ]
      },
      "properties": {
        "name": "La Tapatia Mexican Store",
        "address": "117 S Lincoln St, Wilmington, DE, 19805",
        "categories": [
          "grocery-store"
        ],
        "sources": [
          "snap-retailers"
        ],
        "external_ids": [
          "1296954"
        ],
        "contributor_count": 1
      }
    },
    {
      "type": "Feature",
      "geometry": {
        "type": "Point",
        "coordinates": [
          -75.556847,
          39.745708
        ]
      },
      "properties": {
        "name": "Dominican Cafe Mini Market And Food",
        "address": "721 W 7th St, Wilmington, DE, 19801",
        "categories": [
          "corner-store"
        ],
        "sources": [
          "snap-retailers"
        ],
        "external_ids": [
          "1566255"
        ],
        "contributor_count": 1
      }
    },
    {
      "type": "Feature",
      "geometry": {
        "type": "Point",
        "coordinates": [
          -75.571785,
          39.745728
        ]
      },
      "properties": {
        "name": "Dollar General 19065",
        "address": "1709 Lancaster Ave, Wilmington, DE, 19805",
        "categories": [
          "other"
        ],
        "sources": [
          "snap-retailers"
        ],
        "external_ids": [
          "1295412"
        ],
        "contributor_count": 1
      }
    },
    {
      "type": "Feature",
      "geometry": {
        "type": "Point",
        "coordinates": [
          -75.564934,
          39.745758
        ]
      },
      "properties": {
        "name": "Rodriguez Food Market ",
        "address": "1322 W 4th St, Wilmington, DE, 19805",
        "categories": [
          "grocery-store"
        ],
        "sources": [
          "snap-retailers"
        ],
        "external_ids": [
          "675775"
        ],
        "contributor_count": 1
      }
    },
    {
      "type": "Feature",
      "geometry": {
        "type": "Point",
        "coordinates": [
          -75.531372,
          39.745834
        ]
      },
      "properties": {
        "name": "Shiva Grocery",
        "address": "1218 Vandever Ave, Wilmington, DE, 19802",
        "categories": [
          "corner-store"
        ],
        "sources": [
          "snap-retailers"
        ],
        "external_ids": [
          "1005241"
        ],
        "contributor_count": 1
      }
    },
    {
      "type": "Feature",
      "geometry": {
        "type": "Point",
        "coordinates": [
          -75.570511,
          39.745995
        ]
      },
      "properties": {
        "name": "Watergate Food Market",
        "address": "1640 W 2nd St, Wilmington, DE, 19805",
        "categories": [
          "corner-store"
        ],
        "sources": [
          "snap-retailers"
        ],
        "external_ids": [
          "1684739"
        ],
        "contributor_count": 1
      }
    },
    {
      "type": "Feature",
      "geometry": {
        "type": "Point",
        "coordinates": [
          -75.55806,
          39.745998
        ]
      },
      "properties": {
        "name": "Adams Market",
        "address": "836 W 7th St, Wilmington, DE, 19801",
        "categories": [
          "corner-store"
        ],
        "sources": [
          "snap-retailers"
        ],
        "external_ids": [
          "1317881"
        ],
        "contributor_count": 1
      }
    },
    {
      "type": "Feature",
      "geometry": {
        "type": "Point",
        "coordinates": [
          -75.573372,
          39.746082
        ]
      },
      "properties": {
        "name": "Liberty Gas Station",
        "address": "1816 Lancaster Ave, Wilmington, DE, 19805",
        "categories": [
          "corner-store"
        ],
        "sources": [
          "snap-retailers"
        ],
        "external_ids": [
          "1588398"
        ],
        "contributor_count": 1
      }
    },
    {
      "type": "Feature",
      "geometry": {
        "type": "Point",
        "coordinates": [
          -75.553688,
          39.746677
        ]
      },
      "properties": {
        "name": "Jefferson Mini Mart Llc",
        "address": "600 West Ninth St, Wilmington, DE, 19801",
        "categories": [
          "corner-store"
        ],
        "sources": [
          "snap-retailers"
        ],
        "external_ids": [
          "1435239"
        ],
        "contributor_count": 1
      }
    },
    {
      "type": "Feature",
      "geometry": {
        "type": "Point",
        "coordinates": [
          -75.567253,
          39.746708
        ]
      },
      "properties": {
        "name": "Grow & Gather Market",
        "address": "1512 W 4th St, Wilmington, DE, 19805",
        "categories": [
          "other"
        ],
        "sources": [
          "snap-retailers"
        ],
        "external_ids": [
          "1653114"
        ],
        "contributor_count": 1
      }
    },
    {
      "type": "Feature",
      "geometry": {
        "type": "Point",
        "coordinates": [
          -75.567497,
          39.746811
        ]
      },
      "properties": {
        "name": "El Sabor Latino Llc",
        "address": "1516 W 4th Street, Wilmington, DE, 19804",
        "categories": [
          "grocery-store"
        ],
        "sources": [
          "snap-retailers"
        ],
        "external_ids": [
          "1619773"
        ],
        "contributor_count": 1
      }
    },
    {
      "type": "Feature",
      "geometry": {
        "type": "Point",
        "coordinates": [
          -75.543083,
          39.747047
        ]
      },
      "properties": {
        "name": "Young's Food Market Inc",
        "address": "1300 N Walnut St, Wilmington, DE, 19801",
        "categories": [
          "corner-store"
        ],
        "sources": [
          "snap-retailers"
        ],
        "external_ids": [
          "1431344"
        ],
        "contributor_count": 1
      }
    },
    {
      "type": "Feature",
      "geometry": {
        "type": "Point",
        "coordinates": [
          -75.567261,
          39.747162
        ]
      },
      "properties": {
        "name": "Franks Deli & Grocery",
        "address": "1517 W 4th St, Wilmington, DE, 19805",
        "categories": [
          "specialty-grocer"
        ],
        "sources": [
          "snap-retailers"
        ],
        "external_ids": [
          "978148"
        ],
        "contributor_count": 1
      }
    },
    {
      "type": "Feature",
      "geometry": {
        "type": "Point",
        "coordinates": [
          -75.534096,
          39.747314
        ]
      },
      "properties": {
        "name": "Richardson Grocery",
        "address": "900 Vandever Ave, Wilmington, DE, 19802",
        "categories": [
          "corner-store"
        ],
        "sources": [
          "snap-retailers"
        ],
        "external_ids": [
          "1152630"
        ],
        "contributor_count": 1
      }
    },
    {
      "type": "Feature",
      "geometry": {
        "type": "Point",
        "coordinates": [
          -75.610756,
          39.747494
        ]
      },
      "properties": {
        "name": "Dash In 1285",
        "address": "1001 Centre Rd, Wilmington, DE, 19805",
        "categories": [
          "corner-store"
        ],
        "sources": [
          "snap-retailers"
        ],
        "external_ids": [
          "1513291"
        ],
        "contributor_count": 1
      }
    },
    {
      "type": "Feature",
      "geometry": {
        "type": "Point",
        "coordinates": [
          -75.572189,
          39.748013
        ]
      },
      "properties": {
        "name": "La Rosita Market Llc",
        "address": "1832 W 3rd Street, Wilmington, DE, 19805",
        "categories": [
          "grocery-store"
        ],
        "sources": [
          "snap-retailers"
        ],
        "external_ids": [
          "1621116"
        ],
        "contributor_count": 1
      }
    },
    {
      "type": "Feature",
      "geometry": {
        "type": "Point",
        "coordinates": [
          -75.611603,
          39.748035
        ]
      },
      "properties": {
        "name": "Dollar Tree 1654",
        "address": "1714 Faulkland Rd, Wilmington, DE, 19805",
        "categories": [
          "other"
        ],
        "sources": [
          "snap-retailers"
        ],
        "external_ids": [
          "846152"
        ],
        "contributor_count": 1
      }
    },
    {
      "type": "Feature",
      "geometry": {
        "type": "Point",
        "coordinates": [
          -75.611603,
          39.748035
        ]
      },
      "properties": {
        "name": "Walgreens 11069",
        "address": "1710 Faulkland Rd, Wilmington, DE, 19805",
        "categories": [
          "other"
        ],
        "sources": [
          "snap-retailers"
        ],
        "external_ids": [
          "857952"
        ],
        "contributor_count": 1
      }
    },
    {
      "type": "Feature",
      "geometry": {
        "type": "Point",
        "coordinates": [
          -75.569412,
          39.748245
        ]
      },
      "properties": {
        "name": "Eagle Save Mart NO",
        "address": "403 N Dupont St, Wilmington, DE, 19805",
        "categories": [
          "corner-store"
        ],
        "sources": [
          "snap-retailers"
        ],
        "external_ids": [
          "1641061"
        ],
        "contributor_count": 1
      }
    },
    {
      "type": "Feature",
      "geometry": {
        "type": "Point",
        "coordinates": [
          -75.528946,
          39.748302
        ]
      },
      "properties": {
        "name": "Dollar Tree 7239",
        "address": "2400 Governor Printz Blvd, Wilmington, DE, 19802",
        "categories": [
          "other"
        ],
        "sources": [
          "snap-retailers"
        ],
        "external_ids": [
          "1351329"
        ],
        "contributor_count": 1
      }
    },
    {
      "type": "Feature",
      "geometry": {
        "type": "Point",
        "coordinates": [
          -75.570023,
          39.748871
        ]
      },
      "properties": {
        "name": "Quick Mart Inc",
        "address": "418 N Scott St, Wilmington, DE, 19805",
        "categories": [
          "corner-store"
        ],
        "sources": [
          "snap-retailers"
        ],
        "external_ids": [
          "1371554"
        ],
        "contributor_count": 1
      }
    },
    {
      "type": "Feature",
      "geometry": {
        "type": "Point",
        "coordinates": [
          -75.572922,
          39.748875
        ]
      },
      "properties": {
        "name": "7-eleven 20320D",
        "address": "314 N Union St, Wilmington, DE, 19805",
        "categories": [
          "corner-store"
        ],
        "sources": [
          "snap-retailers"
        ],
        "external_ids": [
          "1646911"
        ],
        "contributor_count": 1
      }
    },
    {
      "type": "Feature",
      "geometry": {
        "type": "Point",
        "coordinates": [
          -75.535126,
          39.749393
        ]
      },
      "properties": {
        "name": "Eddys Food Market",
        "address": "700 E 22nd St, Wilmington, DE, 19802",
        "categories": [
          "corner-store"
        ],
        "sources": [
          "snap-retailers"
        ],
        "external_ids": [
          "1399041"
        ],
        "contributor_count": 1
      }
    },
    {
      "type": "Feature",
      "geometry": {
        "type": "Point",
        "coordinates": [
          -75.52787,
          39.749554
        ]
      },
      "properties": {
        "name": "Quick Food Market & Deli",
        "address": "2601 Governor Printz Blvd, Wilmington, DE, 19802",
        "categories": [
          "corner-store"
        ],
        "sources": [
          "snap-retailers"
        ],
        "external_ids": [
          "1371767"
        ],
        "contributor_count": 1
      }
    },
    {
      "type": "Feature",
      "geometry": {
        "type": "Point",
        "coordinates": [
          -75.58345,
          39.750149
        ]
      },
      "properties": {
        "name": "Discount TOBACCO & MINI MART 1",
        "address": "2800 Lancaster Ave, Wilmington, DE, 19805",
        "categories": [
          "corner-store"
        ],
        "sources": [
          "snap-retailers"
        ],
        "external_ids": [
          "1394512"
        ],
        "contributor_count": 1
      }
    },
    {
      "type": "Feature",
      "geometry": {
        "type": "Point",
        "coordinates": [
          -75.582466,
          39.750389
        ]
      },
      "properties": {
        "name": "King Star",
        "address": "2711 Lancaster Ave, Wilmington, DE, 19805",
        "categories": [
          "corner-store"
        ],
        "sources": [
          "snap-retailers"
        ],
        "external_ids": [
          "389069"
        ],
        "contributor_count": 1
      }
    },
    {
      "type": "Feature",
      "geometry": {
        "type": "Point",
        "coordinates": [
          -75.583115,
          39.750557
        ]
      },
      "properties": {
        "name": "Lancaster Mini Market",
        "address": "2801 Lancaster Ave, Wilmington, DE, 19805",
        "categories": [
          "grocery-store"
        ],
        "sources": [
          "snap-retailers"
        ],
        "external_ids": [
          "1579728"
        ],
        "contributor_count": 1
      }
    },
    {
      "type": "Feature",
      "geometry": {
        "type": "Point",
        "coordinates": [
          -75.538651,
          39.750603
        ]
      },
      "properties": {
        "name": "Golden Deli And Groceries #2",
        "address": "103 Vandever Ave, Wilmington, DE, 19802",
        "categories": [
          "corner-store"
        ],
        "sources": [
          "snap-retailers"
        ],
        "external_ids": [
          "1687567"
        ],
        "contributor_count": 1
      }
    },
    {
      "type": "Feature",
      "geometry": {
        "type": "Point",
        "coordinates": [
          -75.535301,
          39.750935
        ]
      },
      "properties": {
        "name": "Shoping Go Llc",
        "address": "2241 N Pine St, Wilmington, DE, 19802",
        "categories": [
          "grocery-store"
        ],
        "sources": [
          "snap-retailers"
        ],
        "external_ids": [
          "1232306"
        ],
        "contributor_count": 1
      }
    },
    {
      "type": "Feature",
      "geometry": {
        "type": "Point",
        "coordinates": [
          -75.586487,
          39.751343
        ]
      },
      "properties": {
        "name": "Star Snack",
        "address": "3110 Lancaster Ave, Wilmington, DE, 19805",
        "categories": [
          "corner-store"
        ],
        "sources": [
          "snap-retailers"
        ],
        "external_ids": [
          "1577895"
        ],
        "contributor_count": 1
      }
    },
    {
      "type": "Feature",
      "geometry": {
        "type": "Point",
        "coordinates": [
          -75.542519,
          39.751484
        ]
      },
      "properties": {
        "name": "Dollar General 15184",
        "address": "1900 N Market St, Wilmington, DE, 19802",
        "categories": [
          "other"
        ],
        "sources": [
          "snap-retailers"
        ],
        "external_ids": [
          "1216390"
        ],
        "contributor_count": 1
      }
    },
    {
      "type": "Feature",
      "geometry": {
        "type": "Point",
        "coordinates": [
          -75.541245,
          39.751888
        ]
      },
      "properties": {
        "name": "Village Deli And Market",
        "address": "2020 N Market St, Wilmington, DE, 19802",
        "categories": [
          "corner-store"
        ],
        "sources": [
          "snap-retailers"
        ],
        "external_ids": [
          "1685653"
        ],
        "contributor_count": 1
      }
    },
    {
      "type": "Feature",
      "geometry": {
        "type": "Point",
        "coordinates": [
          -75.541939,
          39.752026
        ]
      },
      "properties": {
        "name": "Less Stress Express",
        "address": "2001 N Market St, Wilmington, DE, 19802",
        "categories": [
          "corner-store"
        ],
        "sources": [
          "snap-retailers"
        ],
        "external_ids": [
          "1649169"
        ],
        "contributor_count": 1
      }
    },
    {
      "type": "Feature",
      "geometry": {
        "type": "Point",
        "coordinates": [
          -75.556252,
          39.752178
        ]
      },
      "properties": {
        "name": "Dash In 14911",
        "address": "1022 Delaware Ave, Wilmington, DE, 19806",
        "categories": [
          "corner-store"
        ],
        "sources": [
          "snap-retailers"
        ],
        "external_ids": [
          "902866"
        ],
        "contributor_count": 1
      }
    },
    {
      "type": "Feature",
      "geometry": {
        "type": "Point",
        "coordinates": [
          -75.570976,
          39.752182
        ]
      },
      "properties": {
        "name": "Union Market",
        "address": "724 N Union St, Wilmington, DE, 19805",
        "categories": [
          "corner-store"
        ],
        "sources": [
          "snap-retailers"
        ],
        "external_ids": [
          "1046064"
        ],
        "contributor_count": 1
      }
    },
    {
      "type": "Feature",
      "geometry": {
        "type": "Point",
        "coordinates": [
          -75.555954,
          39.752182
        ]
      },
      "properties": {
        "name": "CVS Pharmacy 88",
        "address": "1005 Delaware Ave, Wilmington, DE, 19806",
        "categories": [
          "other"
        ],
        "sources": [
          "snap-retailers"
        ],
        "external_ids": [
          "916773"
        ],
        "contributor_count": 1
      }
    },
    {
      "type": "Feature",
      "geometry": {
        "type": "Point",
        "coordinates": [
          -75.540779,
          39.752365
        ]
      },
      "properties": {
        "name": "Hoho Mart",
        "address": "2109 N Market St, Wilmington, DE, 19802",
        "categories": [
          "grocery-store"
        ],
        "sources": [
          "snap-retailers"
        ],
        "external_ids": [
          "1257177"
        ],
        "contributor_count": 1
      }
    },
    {
      "type": "Feature",
      "geometry": {
        "type": "Point",
        "coordinates": [
          -75.539124,
          39.752762
        ]
      },
      "properties": {
        "name": "Ahmet & Esila LLC",
        "address": "2212 N Market St, Wilmington, DE, 19802",
        "categories": [
          "corner-store"
        ],
        "sources": [
          "snap-retailers"
        ],
        "external_ids": [
          "1656593"
        ],
        "contributor_count": 1
      }
    },
    {
      "type": "Feature",
      "geometry": {
        "type": "Point",
        "coordinates": [
          -75.513855,
          39.752789
        ]
      },
      "properties": {
        "name": "Food Lion 2182",
        "address": "4401 Governor Printz Blvd, Wilmington, DE, 19802",
        "categories": [
          "supermarket"
        ],
        "sources": [
          "snap-retailers"
        ],
        "external_ids": [
          "980207"
        ],
        "contributor_count": 1
      }
    },
    {
      "type": "Feature",
      "geometry": {
        "type": "Point",
        "coordinates": [
          -75.539818,
          39.752922
        ]
      },
      "properties": {
        "name": "Quality Sub Market Inc",
        "address": "2205 N Market St, Wilmington, DE, 19802",
        "categories": [
          "corner-store"
        ],
        "sources": [
          "snap-retailers"
        ],
        "external_ids": [
          "1341919"
        ],
        "contributor_count": 1
      }
    },
    {
      "type": "Feature",
      "geometry": {
        "type": "Point",
        "coordinates": [
          -75.570457,
          39.753029
        ]
      },
      "properties": {
        "name": "Dollar Tree 4975",
        "address": "825 N Union St, Wilmington, DE, 19805",
        "categories": [
          "other"
        ],
        "sources": [
          "snap-retailers"
        ],
        "external_ids": [
          "1059011"
        ],
        "contributor_count": 1
      }
    },
    {
      "type": "Feature",
      "geometry": {
        "type": "Point",
        "coordinates": [
          -75.512848,
          39.753616
        ]
      },
      "properties": {
        "name": "Family Dollar 8893",
        "address": "4331 Governor Printz Blvd, Wilmington, DE, 19802",
        "categories": [
          "other"
        ],
        "sources": [
          "snap-retailers"
        ],
        "external_ids": [
          "1046220"
        ],
        "contributor_count": 1
      }
    },
    {
      "type": "Feature",
      "geometry": {
        "type": "Point",
        "coordinates": [
          -75.516975,
          39.753719
        ]
      },
      "properties": {
        "name": "Ocky Llc",
        "address": "4015 Governor Printz Blvd, Wilmington, DE, 19802",
        "categories": [
          "corner-store"
        ],
        "sources": [
          "snap-retailers"
        ],
        "external_ids": [
          "1626648"
        ],
        "contributor_count": 1
      }
    },
    {
      "type": "Feature",
      "geometry": {
        "type": "Point",
        "coordinates": [
          -75.569412,
          39.753887
        ]
      },
      "properties": {
        "name": "Union Street Farmers Market",
        "address": "916 N Union St, Wilmington, DE, 19805",
        "categories": [
          "other"
        ],
        "sources": [
          "snap-retailers"
        ],
        "external_ids": [
          "1456420"
        ],
        "contributor_count": 1
      }
    },
    {
      "type": "Feature",
      "geometry": {
        "type": "Point",
        "coordinates": [
          -75.501129,
          39.754623
        ]
      },
      "properties": {
        "name": "Ab Grocery Mart Inc",
        "address": "4819 Governor Printz Blvd, Wilmington, DE, 19809",
        "categories": [
          "corner-store"
        ],
        "sources": [
          "snap-retailers"
        ],
        "external_ids": [
          "1444050"
        ],
        "contributor_count": 1
      }
    },
    {
      "type": "Feature",
      "geometry": {
        "type": "Point",
        "coordinates": [
          -75.541214,
          39.754715
        ]
      },
      "properties": {
        "name": "201 Concord Food Market",
        "address": "201 Concord Ave, Wilmington, DE, 19802",
        "categories": [
          "corner-store"
        ],
        "sources": [
          "snap-retailers"
        ],
        "external_ids": [
          "1087548"
        ],
        "contributor_count": 1
      }
    },
    {
      "type": "Feature",
      "geometry": {
        "type": "Point",
        "coordinates": [
          -75.534264,
          39.755207
        ]
      },
      "properties": {
        "name": "Express Market 1",
        "address": "2715 N Market St, Wilmington, DE, 19802",
        "categories": [
          "corner-store"
        ],
        "sources": [
          "snap-retailers"
        ],
        "external_ids": [
          "1361475"
        ],
        "contributor_count": 1
      }
    },
    {
      "type": "Feature",
      "geometry": {
        "type": "Point",
        "coordinates": [
          -75.499222,
          39.755287
        ]
      },
      "properties": {
        "name": "7-Eleven Inc. 11288P",
        "address": "4865 GOVERNOR PRINTZ BV, WILMINGTON, DE, 19809",
        "categories": [
          "corner-store"
        ],
        "sources": [
          "snap-retailers"
        ],
        "external_ids": [
          "1597519"
        ],
        "contributor_count": 1
      }
    },
    {
      "type": "Feature",
      "geometry": {
        "type": "Point",
        "coordinates": [
          -75.53215,
          39.755943
        ]
      },
      "properties": {
        "name": "Top Meat Market Inc",
        "address": "2928 N Market St, Wilmington, DE, 19802",
        "categories": [
          "grocery-store"
        ],
        "sources": [
          "snap-retailers"
        ],
        "external_ids": [
          "1558109"
        ],
        "contributor_count": 1
      }
    },
    {
      "type": "Feature",
      "geometry": {
        "type": "Point",
        "coordinates": [
          -75.541191,
          39.756138
        ]
      },
      "properties": {
        "name": "Washington Deli Llc 1",
        "address": "2215 N Washington St, Wilmington, DE, 19802",
        "categories": [
          "corner-store"
        ],
        "sources": [
          "snap-retailers"
        ],
        "external_ids": [
          "1556378"
        ],
        "contributor_count": 1
      }
    },
    {
      "type": "Feature",
      "geometry": {
        "type": "Point",
        "coordinates": [
          -75.531082,
          39.756268
        ]
      },
      "properties": {
        "name": "Kim's Market",
        "address": "3010 N Market St, Wilmington, DE, 19802",
        "categories": [
          "specialty-grocer"
        ],
        "sources": [
          "snap-retailers"
        ],
        "external_ids": [
          "679753"
        ],
        "contributor_count": 1
      }
    },
    {
      "type": "Feature",
      "geometry": {
        "type": "Point",
        "coordinates": [
          -75.53154,
          39.756393
        ]
      },
      "properties": {
        "name": "Getty Food Mart",
        "address": "3000 N Market St, Wilmington, DE, 19802",
        "categories": [
          "grocery-store"
        ],
        "sources": [
          "snap-retailers"
        ],
        "external_ids": [
          "645540"
        ],
        "contributor_count": 1
      }
    },
    {
      "type": "Feature",
      "geometry": {
        "type": "Point",
        "coordinates": [
          -75.53154,
          39.756443
        ]
      },
      "properties": {
        "name": "Rash1 Inc",
        "address": "3001 N Market St, Wilmington, DE, 19802",
        "categories": [
          "corner-store"
        ],
        "sources": [
          "snap-retailers"
        ],
        "external_ids": [
          "1351822"
        ],
        "contributor_count": 1
      }
    },
    {
      "type": "Feature",
      "geometry": {
        "type": "Point",
        "coordinates": [
          -75.541756,
          39.756584
        ]
      },
      "properties": {
        "name": "Concord Deli",
        "address": "320 Concord Ave, Wilmington, DE, 19802",
        "categories": [
          "grocery-store"
        ],
        "sources": [
          "snap-retailers"
        ],
        "external_ids": [
          "742435"
        ],
        "contributor_count": 1
      }
    },
    {
      "type": "Feature",
      "geometry": {
        "type": "Point",
        "coordinates": [
          -75.539886,
          39.75666
        ]
      },
      "properties": {
        "name": "Neighborhood Deli And Grocery",
        "address": "2401 N Washington St, Wilmington, DE, 19802",
        "categories": [
          "corner-store"
        ],
        "sources": [
          "snap-retailers"
        ],
        "external_ids": [
          "1352692"
        ],
        "contributor_count": 1
      }
    },
    {
      "type": "Feature",
      "geometry": {
        "type": "Point",
        "coordinates": [
          -75.568207,
          39.756706
        ]
      },
      "properties": {
        "name": "Dash In 1410",
        "address": "2001 Pennsylvania Ave, Wilmington, DE, 19806",
        "categories": [
          "corner-store"
        ],
        "sources": [
          "snap-retailers"
        ],
        "external_ids": [
          "1390437"
        ],
        "contributor_count": 1
      }
    },
    {
      "type": "Feature",
      "geometry": {
        "type": "Point",
        "coordinates": [
          -75.563301,
          39.756809
        ]
      },
      "properties": {
        "name": "ACME 808",
        "address": "1401 N Dupont St, Wilmington, DE, 19806",
        "categories": [
          "supermarket"
        ],
        "sources": [
          "snap-retailers"
        ],
        "external_ids": [
          "448693"
        ],
        "contributor_count": 1
      }
    },
    {
      "type": "Feature",
      "geometry": {
        "type": "Point",
        "coordinates": [
          -75.537804,
          39.757439
        ]
      },
      "properties": {
        "name": "AFA Inc/ Star Mart & Deli",
        "address": "2623 N Washington St, Wilmington, DE, 19802",
        "categories": [
          "corner-store"
        ],
        "sources": [
          "snap-retailers"
        ],
        "external_ids": [
          "995118"
        ],
        "contributor_count": 1
      }
    },
    {
      "type": "Feature",
      "geometry": {
        "type": "Point",
        "coordinates": [
          -75.567497,
          39.7579
        ]
      },
      "properties": {
        "name": "Walgreens 11070",
        "address": "1313 N Union St, Wilmington, DE, 19806",
        "categories": [
          "other"
        ],
        "sources": [
          "snap-retailers"
        ],
        "external_ids": [
          "834303"
        ],
        "contributor_count": 1
      }
    },
    {
      "type": "Feature",
      "geometry": {
        "type": "Point",
        "coordinates": [
          -75.535126,
          39.758713
        ]
      },
      "properties": {
        "name": "Washington Deli",
        "address": "301 W 29th St, Wilmington, DE, 19802",
        "categories": [
          "corner-store"
        ],
        "sources": [
          "snap-retailers"
        ],
        "external_ids": [
          "1426181"
        ],
        "contributor_count": 1
      }
    },
    {
      "type": "Feature",
      "geometry": {
        "type": "Point",
        "coordinates": [
          -75.526749,
          39.75901
        ]
      },
      "properties": {
        "name": "Family Dollar 12618",
        "address": "3513 N Market St, Wilmington, DE, 19802",
        "categories": [
          "other"
        ],
        "sources": [
          "snap-retailers"
        ],
        "external_ids": [
          "1426178"
        ],
        "contributor_count": 1
      }
    },
    {
      "type": "Feature",
      "geometry": {
        "type": "Point",
        "coordinates": [
          -75.541656,
          39.759216
        ]
      },
      "properties": {
        "name": "IBB Inc Food Market",
        "address": "601 Concord Ave, Wilmington, DE, 19802",
        "categories": [
          "corner-store"
        ],
        "sources": [
          "snap-retailers"
        ],
        "external_ids": [
          "345581"
        ],
        "contributor_count": 1
      }
    },
    {
      "type": "Feature",
      "geometry": {
        "type": "Point",
        "coordinates": [
          -75.524269,
          39.759541
        ]
      },
      "properties": {
        "name": "Grab N Go Market Inc",
        "address": "3804 N Market St, Wilmington, DE, 19802",
        "categories": [
          "corner-store"
        ],
        "sources": [
          "snap-retailers"
        ],
        "external_ids": [
          "1585904"
        ],
        "contributor_count": 1
      }
    },
    {
      "type": "Feature",
      "geometry": {
        "type": "Point",
        "coordinates": [
          -75.542076,
          39.760426
        ]
      },
      "properties": {
        "name": "701 Family Market Inc",
        "address": "701 Concord Ave, Wilmington, DE, 19802",
        "categories": [
          "corner-store"
        ],
        "sources": [
          "snap-retailers"
        ],
        "external_ids": [
          "1262542"
        ],
        "contributor_count": 1
      }
    },
    {
      "type": "Feature",
      "geometry": {
        "type": "Point",
        "coordinates": [
          -75.542084,
          39.760536
        ]
      },
      "properties": {
        "name": "KING SALTY BARGE",
        "address": "703 Concord Ave, Wilmington, DE, 19802",
        "categories": [
          "specialty-grocer"
        ],
        "sources": [
          "snap-retailers"
        ],
        "external_ids": [
          "345399"
        ],
        "contributor_count": 1
      }
    },
    {
      "type": "Feature",
      "geometry": {
        "type": "Point",
        "coordinates": [
          -75.521782,
          39.760853
        ]
      },
      "properties": {
        "name": "FRESH MEAT MARKET",
        "address": "4106 N Market St, Wilmington, DE, 19802",
        "categories": [
          "specialty-grocer"
        ],
        "sources": [
          "snap-retailers"
        ],
        "external_ids": [
          "725566"
        ],
        "contributor_count": 1
      }
    },
    {
      "type": "Feature",
      "geometry": {
        "type": "Point",
        "coordinates": [
          -75.509392,
          39.766663
        ]
      },
      "properties": {
        "name": "Bos Corporation",
        "address": "400A Marsh Rd, Wilmington, DE, 19809",
        "categories": [
          "grocery-store"
        ],
        "sources": [
          "snap-retailers"
        ],
        "external_ids": [
          "1610410"
        ],
        "contributor_count": 1
      }
    },
    {
      "type": "Feature",
      "geometry": {
        "type": "Point",
        "coordinates": [
          -75.53521,
          39.767487
        ]
      },
      "properties": {
        "name": "Shore Stop 297",
        "address": "3507 Miller Rd, Wilmington, DE, 19802",
        "categories": [
          "corner-store"
        ],
        "sources": [
          "snap-retailers"
        ],
        "external_ids": [
          "906328"
        ],
        "contributor_count": 1
      }
    },
    {
      "type": "Feature",
      "geometry": {
        "type": "Point",
        "coordinates": [
          -75.535774,
          39.767548
        ]
      },
      "properties": {
        "name": "Eagle Shop 1",
        "address": "3505 Miller Rd, Wilmington, DE, 19802",
        "categories": [
          "corner-store"
        ],
        "sources": [
          "snap-retailers"
        ],
        "external_ids": [
          "1508954"
        ],
        "contributor_count": 1
      }
    },
    {
      "type": "Feature",
      "geometry": {
        "type": "Point",
        "coordinates": [
          -75.534576,
          39.767887
        ]
      },
      "properties": {
        "name": "Dollar Tree 2251",
        "address": "3602 Miller Rd, Wilmington, DE, 19802",
        "categories": [
          "other"
        ],
        "sources": [
          "snap-retailers"
        ],
        "external_ids": [
          "753711"
        ],
        "contributor_count": 1
      }
    },
    {
      "type": "Feature",
      "geometry": {
        "type": "Point",
        "coordinates": [
          -75.500175,
          39.770412
        ]
      },
      "properties": {
        "name": "J & J PRODUCE INC",
        "address": "718 Philadelphia Pike, Wilmington, DE, 19809",
        "categories": [
          "grocery-store"
        ],
        "sources": [
          "snap-retailers"
        ],
        "external_ids": [
          "898786"
        ],
        "contributor_count": 1
      }
    },
    {
      "type": "Feature",
      "geometry": {
        "type": "Point",
        "coordinates": [
          -75.50045,
          39.770596
        ]
      },
      "properties": {
        "name": "Shore Stop 298",
        "address": "708 Philadelphia Pike, Wilmington, DE, 19809",
        "categories": [
          "corner-store"
        ],
        "sources": [
          "snap-retailers"
        ],
        "external_ids": [
          "987242"
        ],
        "contributor_count": 1
      }
    },
    {
      "type": "Feature",
      "geometry": {
        "type": "Point",
        "coordinates": [
          -75.494911,
          39.770611
        ]
      },
      "properties": {
        "name": "Bellevue Community Center Farm Stand",
        "address": "510 Duncan Rd, Wilmington, DE, 19809",
        "categories": [
          "other"
        ],
        "sources": [
          "snap-retailers"
        ],
        "external_ids": [
          "1315343"
        ],
        "contributor_count": 1
      }
    },
    {
      "type": "Feature",
      "geometry": {
        "type": "Point",
        "coordinates": [
          -75.495415,
          39.770905
        ]
      },
      "properties": {
        "name": "Bellevue  Farmers Market ",
        "address": "510 Duncan Rd, Wilmington, DE, 19809",
        "categories": [
          "other"
        ],
        "sources": [
          "snap-retailers"
        ],
        "external_ids": [
          "1184751"
        ],
        "contributor_count": 1
      }
    },
    {
      "type": "Feature",
      "geometry": {
        "type": "Point",
        "coordinates": [
          -75.497292,
          39.772255
        ]
      },
      "properties": {
        "name": "WAWA 801",
        "address": "805 Philadelphia Pike, Wilmington, DE, 19809",
        "categories": [
          "corner-store"
        ],
        "sources": [
          "snap-retailers"
        ],
        "external_ids": [
          "964076"
        ],
        "contributor_count": 1
      }
    },
    {
      "type": "Feature",
      "geometry": {
        "type": "Point",
        "coordinates": [
          -75.496658,
          39.772568
        ]
      },
      "properties": {
        "name": "Walgreens 11049",
        "address": "802 Philadelphia Pike, Wilmington, DE, 19809",
        "categories": [
          "other"
        ],
        "sources": [
          "snap-retailers"
        ],
        "external_ids": [
          "834300"
        ],
        "contributor_count": 1
      }
    },
    {
      "type": "Feature",
      "geometry": {
        "type": "Point",
        "coordinates": [
          -75.714722,
          39.774155
        ]
      },
      "properties": {
        "name": "Walgreens 11080",
        "address": "6317 Limestone Rd, Hockessin, DE, 19707",
        "categories": [
          "other"
        ],
        "sources": [
          "snap-retailers"
        ],
        "external_ids": [
          "832303"
        ],
        "contributor_count": 1
      }
    },
    {
      "type": "Feature",
      "geometry": {
        "type": "Point",
        "coordinates": [
          -75.710983,
          39.774254
        ]
      },
      "properties": {
        "name": "ACME 828",
        "address": "128 Lantana Dr, Hockessin, DE, 19707",
        "categories": [
          "supermarket"
        ],
        "sources": [
          "snap-retailers"
        ],
        "external_ids": [
          "637891"
        ],
        "contributor_count": 1
      }
    },
    {
      "type": "Feature",
      "geometry": {
        "type": "Point",
        "coordinates": [
          -75.595406,
          39.774971
        ]
      },
      "properties": {
        "name": "Greenville Shell Shell 449",
        "address": "3800 Kennett Pike, Wilmington, DE, 19807",
        "categories": [
          "corner-store"
        ],
        "sources": [
          "snap-retailers"
        ],
        "external_ids": [
          "1328509"
        ],
        "contributor_count": 1
      }
    },
    {
      "type": "Feature",
      "geometry": {
        "type": "Point",
        "coordinates": [
          -75.598434,
          39.779079
        ]
      },
      "properties": {
        "name": "Walgreens 11025",
        "address": "4011 Kennett Pike, Greenville, DE, 19807",
        "categories": [
          "other"
        ],
        "sources": [
          "snap-retailers"
        ],
        "external_ids": [
          "834296"
        ],
        "contributor_count": 1
      }
    },
    {
      "type": "Feature",
      "geometry": {
        "type": "Point",
        "coordinates": [
          -75.679482,
          39.780842
        ]
      },
      "properties": {
        "name": "Walgreens 11052",
        "address": "2012 Brackenville Rd, Hockessin, DE, 19707",
        "categories": [
          "other"
        ],
        "sources": [
          "snap-retailers"
        ],
        "external_ids": [
          "832369"
        ],
        "contributor_count": 1
      }
    },
    {
      "type": "Feature",
      "geometry": {
        "type": "Point",
        "coordinates": [
          -75.478897,
          39.784317
        ]
      },
      "properties": {
        "name": "Walgreens 11032",
        "address": "1508 Philadelphia Pike, Wilmington, DE, 19809",
        "categories": [
          "other"
        ],
        "sources": [
          "snap-retailers"
        ],
        "external_ids": [
          "848229"
        ],
        "contributor_count": 1
      }
    },
    {
      "type": "Feature",
      "geometry": {
        "type": "Point",
        "coordinates": [
          -75.545303,
          39.786049
        ]
      },
      "properties": {
        "name": "Circle K 2655768",
        "address": "1801 Concord Pike, Wilmington, DE, 19803",
        "categories": [
          "corner-store"
        ],
        "sources": [
          "snap-retailers"
        ],
        "external_ids": [
          "1638033"
        ],
        "contributor_count": 1
      }
    },
    {
      "type": "Feature",
      "geometry": {
        "type": "Point",
        "coordinates": [
          -75.546066,
          39.787445
        ]
      },
      "properties": {
        "name": "ACME 874",
        "address": "1901 Concord Pike, Wilmington, DE, 19803",
        "categories": [
          "supermarket"
        ],
        "sources": [
          "snap-retailers"
        ],
        "external_ids": [
          "556989"
        ],
        "contributor_count": 1
      }
    },
    {
      "type": "Feature",
      "geometry": {
        "type": "Point",
        "coordinates": [
          -75.697197,
          39.78817
        ]
      },
      "properties": {
        "name": "WAWA 842",
        "address": "605 Yorklyn Rd, Hockessin, DE, 19707",
        "categories": [
          "corner-store"
        ],
        "sources": [
          "snap-retailers"
        ],
        "external_ids": [
          "964088"
        ],
        "contributor_count": 1
      }
    },
    {
      "type": "Feature",
      "geometry": {
        "type": "Point",
        "coordinates": [
          -75.69648,
          39.788887
        ]
      },
      "properties": {
        "name": "Harvest Market",
        "address": "7417 Lancaster Pike, Hockessin, DE, 19707",
        "categories": [
          "other"
        ],
        "sources": [
          "snap-retailers"
        ],
        "external_ids": [
          "897220"
        ],
        "contributor_count": 1
      }
    },
    {
      "type": "Feature",
      "geometry": {
        "type": "Point",
        "coordinates": [
          -75.533264,
          39.788956
        ]
      },
      "properties": {
        "name": "WAWA 811",
        "address": "400 Wilson Rd, Wilmington, DE, 19803",
        "categories": [
          "corner-store"
        ],
        "sources": [
          "snap-retailers"
        ],
        "external_ids": [
          "964078"
        ],
        "contributor_count": 1
      }
    },
    {
      "type": "Feature",
      "geometry": {
        "type": "Point",
        "coordinates": [
          -75.472725,
          39.789845
        ]
      },
      "properties": {
        "name": "Dollar Tree 1653",
        "address": "2099B Philadelphia Pike, Claymont, DE, 19703",
        "categories": [
          "other"
        ],
        "sources": [
          "snap-retailers"
        ],
        "external_ids": [
          "767266"
        ],
        "contributor_count": 1
      }
    },
    {
      "type": "Feature",
      "geometry": {
        "type": "Point",
        "coordinates": [
          -75.546577,
          39.791447
        ]
      },
      "properties": {
        "name": "Walgreens 11006",
        "address": "2119 Concord Pike, Wilmington, DE, 19803",
        "categories": [
          "other"
        ],
        "sources": [
          "snap-retailers"
        ],
        "external_ids": [
          "832299"
        ],
        "contributor_count": 1
      }
    },
    {
      "type": "Feature",
      "geometry": {
        "type": "Point",
        "coordinates": [
          -75.469162,
          39.79303
        ]
      },
      "properties": {
        "name": "DOLLAR GENERAL 17687",
        "address": "2605 Philadelphia Pike, Claymont, DE, 19703",
        "categories": [
          "other"
        ],
        "sources": [
          "snap-retailers"
        ],
        "external_ids": [
          "1299823"
        ],
        "contributor_count": 1
      }
    },
    {
      "type": "Feature",
      "geometry": {
        "type": "Point",
        "coordinates": [
          -75.46859,
          39.793533
        ]
      },
      "properties": {
        "name": "WAWA 854",
        "address": "2621 Philadelphia Pike, Claymont, DE, 19703",
        "categories": [
          "corner-store"
        ],
        "sources": [
          "snap-retailers"
        ],
        "external_ids": [
          "964093"
        ],
        "contributor_count": 1
      }
    },
    {
      "type": "Feature",
      "geometry": {
        "type": "Point",
        "coordinates": [
          -75.468307,
          39.795673
        ]
      },
      "properties": {
        "name": "Little Bangla Grocery & Halal Meat N/A",
        "address": "2703 Philadelphia Pike, Claymont, DE, 19703",
        "categories": [
          "grocery-store"
        ],
        "sources": [
          "snap-retailers"
        ],
        "external_ids": [
          "1440747"
        ],
        "contributor_count": 1
      }
    },
    {
      "type": "Feature",
      "geometry": {
        "type": "Point",
        "coordinates": [
          -75.466171,
          39.795715
        ]
      },
      "properties": {
        "name": "Asian Grocery & Halal Meat",
        "address": "2815 Philadelphia Pike, Claymont, DE, 19703",
        "categories": [
          "grocery-store"
        ],
        "sources": [
          "snap-retailers"
        ],
        "external_ids": [
          "1100266"
        ],
        "contributor_count": 1
      }
    },
    {
      "type": "Feature",
      "geometry": {
        "type": "Point",
        "coordinates": [
          -75.461151,
          39.79995
        ]
      },
      "properties": {
        "name": "Indian Bazaar",
        "address": "3230 Philadelphia Pike, Claymont, DE, 19703",
        "categories": [
          "grocery-store"
        ],
        "sources": [
          "snap-retailers"
        ],
        "external_ids": [
          "1330591"
        ],
        "contributor_count": 1
      }
    },
    {
      "type": "Feature",
      "geometry": {
        "type": "Point",
        "coordinates": [
          -75.540649,
          39.801174
        ]
      },
      "properties": {
        "name": "Wawa Store 862",
        "address": "400 Concord Pike, Talleyville, DE, 19803",
        "categories": [
          "corner-store"
        ],
        "sources": [
          "snap-retailers"
        ],
        "external_ids": [
          "1115445"
        ],
        "contributor_count": 1
      }
    },
    {
      "type": "Feature",
      "geometry": {
        "type": "Point",
        "coordinates": [
          -75.505386,
          39.802406
        ]
      },
      "properties": {
        "name": "HALDAS MARKET",
        "address": "2201 Silverside Rd, Wilmington, DE, 19810",
        "categories": [
          "grocery-store"
        ],
        "sources": [
          "snap-retailers"
        ],
        "external_ids": [
          "407307"
        ],
        "contributor_count": 1
      }
    },
    {
      "type": "Feature",
      "geometry": {
        "type": "Point",
        "coordinates": [
          -75.505219,
          39.803459
        ]
      },
      "properties": {
        "name": "Acme 2831",
        "address": "1812 Marsh Rd, Wilmington, DE, 19810",
        "categories": [
          "supermarket"
        ],
        "sources": [
          "snap-retailers"
        ],
        "external_ids": [
          "1219832"
        ],
        "contributor_count": 1
      }
    },
    {
      "type": "Feature",
      "geometry": {
        "type": "Point",
        "coordinates": [
          -75.50528,
          39.803501
        ]
      },
      "properties": {
        "name": "Walgreens 21314",
        "address": "1812 Marsh Rd, Wilmington, DE, 19810",
        "categories": [
          "other"
        ],
        "sources": [
          "snap-retailers"
        ],
        "external_ids": [
          "1439236"
        ],
        "contributor_count": 1
      }
    },
    {
      "type": "Feature",
      "geometry": {
        "type": "Point",
        "coordinates": [
          -75.455742,
          39.803776
        ]
      },
      "properties": {
        "name": "Family Dollar 8260",
        "address": "3605 Philadelphia Pike, Claymont, DE, 19703",
        "categories": [
          "other"
        ],
        "sources": [
          "snap-retailers"
        ],
        "external_ids": [
          "942735"
        ],
        "contributor_count": 1
      }
    },
    {
      "type": "Feature",
      "geometry": {
        "type": "Point",
        "coordinates": [
          -75.455742,
          39.803776
        ]
      },
      "properties": {
        "name": "Food Lion 2164",
        "address": "3609 Philadelphia Pike, Claymont, DE, 19703",
        "categories": [
          "supermarket"
        ],
        "sources": [
          "snap-retailers"
        ],
        "external_ids": [
          "906055"
        ],
        "contributor_count": 1
      }
    },
    {
      "type": "Feature",
      "geometry": {
        "type": "Point",
        "coordinates": [
          -75.455025,
          39.804504
        ]
      },
      "properties": {
        "name": "Sunoco Aplus",
        "address": "3615 Philadelphia Pike, Claymont, DE, 19703",
        "categories": [
          "corner-store"
        ],
        "sources": [
          "snap-retailers"
        ],
        "external_ids": [
          "1107344"
        ],
        "contributor_count": 1
      }
    },
    {
      "type": "Feature",
      "geometry": {
        "type": "Point",
        "coordinates": [
          -75.453552,
          39.804504
        ]
      },
      "properties": {
        "name": "Dash In 1292",
        "address": "3700 Philadelphia Pike, Claymont, DE, 19703",
        "categories": [
          "corner-store"
        ],
        "sources": [
          "snap-retailers"
        ],
        "external_ids": [
          "1324774"
        ],
        "contributor_count": 1
      }
    },
    {
      "type": "Feature",
      "geometry": {
        "type": "Point",
        "coordinates": [
          -75.455231,
          39.804897
        ]
      },
      "properties": {
        "name": "Darley Pharmacy",
        "address": "111 Darley Rd, Claymont, DE, 19703",
        "categories": [
          "corner-store"
        ],
        "sources": [
          "snap-retailers"
        ],
        "external_ids": [
          "831808"
        ],
        "contributor_count": 1
      }
    },
    {
      "type": "Feature",
      "geometry": {
        "type": "Point",
        "coordinates": [
          -75.49028,
          39.804943
        ]
      },
      "properties": {
        "name": "Marini Produce",
        "address": "2121 Veale Rd, Wilmington, DE, 19810",
        "categories": [
          "grocery-store"
        ],
        "sources": [
          "snap-retailers"
        ],
        "external_ids": [
          "1447985"
        ],
        "contributor_count": 1
      }
    },
    {
      "type": "Feature",
      "geometry": {
        "type": "Point",
        "coordinates": [
          -75.455208,
          39.805347
        ]
      },
      "properties": {
        "name": "El Charro Mexican",
        "address": "3630 Bayard Dr, Claymont, DE, 19703",
        "categories": [
          "grocery-store"
        ],
        "sources": [
          "snap-retailers"
        ],
        "external_ids": [
          "1313243"
        ],
        "contributor_count": 1
      }
    },
    {
      "type": "Feature",
      "geometry": {
        "type": "Point",
        "coordinates": [
          -75.548157,
          39.80917
        ]
      },
      "properties": {
        "name": "Dollar Tree 2817",
        "address": "3603 Silverside Rd, Wilmington, DE, 19810",
        "categories": [
          "other"
        ],
        "sources": [
          "snap-retailers"
        ],
        "external_ids": [
          "773779"
        ],
        "contributor_count": 1
      }
    },
    {
      "type": "Feature",
      "geometry": {
        "type": "Point",
        "coordinates": [
          -75.550171,
          39.80986
        ]
      },
      "properties": {
        "name": "CVS Pharmacy 10609",
        "address": "4020 Concord Pike, Wilmington, DE, 19803",
        "categories": [
          "other"
        ],
        "sources": [
          "snap-retailers"
        ],
        "external_ids": [
          "1207225"
        ],
        "contributor_count": 1
      }
    },
    {
      "type": "Feature",
      "geometry": {
        "type": "Point",
        "coordinates": [
          -75.551338,
          39.81131
        ]
      },
      "properties": {
        "name": "ALDI 60213",
        "address": "4130 Concord Pike, Wilmington, DE, 19803",
        "categories": [
          "supermarket"
        ],
        "sources": [
          "snap-retailers"
        ],
        "external_ids": [
          "1624544"
        ],
        "contributor_count": 1
      }
    },
    {
      "type": "Feature",
      "geometry": {
        "type": "Point",
        "coordinates": [
          -75.444237,
          39.812683
        ]
      },
      "properties": {
        "name": "WAWA 816",
        "address": "301 Ridge Rd, Claymont, DE, 19703",
        "categories": [
          "corner-store"
        ],
        "sources": [
          "snap-retailers"
        ],
        "external_ids": [
          "964079"
        ],
        "contributor_count": 1
      }
    },
    {
      "type": "Feature",
      "geometry": {
        "type": "Point",
        "coordinates": [
          -75.549667,
          39.813549
        ]
      },
      "properties": {
        "name": "SUPER G 386",
        "address": "4301 Concord Pike, Wilmington, DE, 19803",
        "categories": [
          "supermarket"
        ],
        "sources": [
          "snap-retailers"
        ],
        "external_ids": [
          "645315"
        ],
        "contributor_count": 1
      }
    },
    {
      "type": "Feature",
      "geometry": {
        "type": "Point",
        "coordinates": [
          -75.457344,
          39.816708
        ]
      },
      "properties": {
        "name": "Wawa 867",
        "address": "601 Naamans Rd, Claymont, DE, 19703",
        "categories": [
          "corner-store"
        ],
        "sources": [
          "snap-retailers"
        ],
        "external_ids": [
          "1219818"
        ],
        "contributor_count": 1
      }
    },
    {
      "type": "Feature",
      "geometry": {
        "type": "Point",
        "coordinates": [
          -75.458397,
          39.816841
        ]
      },
      "properties": {
        "name": "Circle K 2655790",
        "address": "698 Naamans Rd, Claymont, DE, 19703",
        "categories": [
          "corner-store"
        ],
        "sources": [
          "snap-retailers"
        ],
        "external_ids": [
          "1348694"
        ],
        "contributor_count": 1
      }
    },
    {
      "type": "Feature",
      "geometry": {
        "type": "Point",
        "coordinates": [
          -75.507217,
          39.817146
        ]
      },
      "properties": {
        "name": "7-eleven Store 11282D",
        "address": "2100 Foulk Rd, Wilmington, DE, 19810",
        "categories": [
          "corner-store"
        ],
        "sources": [
          "snap-retailers"
        ],
        "external_ids": [
          "1362741"
        ],
        "contributor_count": 1
      }
    },
    {
      "type": "Feature",
      "geometry": {
        "type": "Point",
        "coordinates": [
          -75.459312,
          39.817165
        ]
      },
      "properties": {
        "name": "CVS 10238",
        "address": "702 Naamans Rd, Claymont, DE, 19703",
        "categories": [
          "other"
        ],
        "sources": [
          "snap-retailers"
        ],
        "external_ids": [
          "1214194"
        ],
        "contributor_count": 1
      }
    },
    {
      "type": "Feature",
      "geometry": {
        "type": "Point",
        "coordinates": [
          -75.465981,
          39.817719
        ]
      },
      "properties": {
        "name": "La Hacienda Produce & Grocery LLC",
        "address": "2308 Carpenter Station Rd, Wilmington, DE, 19810",
        "categories": [
          "corner-store"
        ],
        "sources": [
          "snap-retailers"
        ],
        "external_ids": [
          "1656757"
        ],
        "contributor_count": 1
      }
    },
    {
      "type": "Feature",
      "geometry": {
        "type": "Point",
        "coordinates": [
          -75.464256,
          39.821804
        ]
      },
      "properties": {
        "name": "Everest Desi Grocery",
        "address": "54 Carpenter Station Rd, Wilmington, DE, 19810",
        "categories": [
          "grocery-store"
        ],
        "sources": [
          "snap-retailers"
        ],
        "external_ids": [
          "1479574"
        ],
        "contributor_count": 1
      }
    },
    {
      "type": "Feature",
      "geometry": {
        "type": "Point",
        "coordinates": [
          -75.484848,
          39.822357
        ]
      },
      "properties": {
        "name": "Walgreens 12695",
        "address": "1601 Naamans Rd, Wilmington, DE, 19810",
        "categories": [
          "other"
        ],
        "sources": [
          "snap-retailers"
        ],
        "external_ids": [
          "972885"
        ],
        "contributor_count": 1
      }
    },
    {
      "type": "Feature",
      "geometry": {
        "type": "Point",
        "coordinates": [
          -75.489426,
          39.822468
        ]
      },
      "properties": {
        "name": "Wawa Store 892",
        "address": "1800 Naamans Rd, Wilmington, DE, 19810",
        "categories": [
          "corner-store"
        ],
        "sources": [
          "snap-retailers"
        ],
        "external_ids": [
          "1630873"
        ],
        "contributor_count": 1
      }
    },
    {
      "type": "Feature",
      "geometry": {
        "type": "Point",
        "coordinates": [
          -75.547226,
          39.823196
        ]
      },
      "properties": {
        "name": "Wawa 872",
        "address": "1702 Rocky Run Pkwy, Wilmington, DE, 19803",
        "categories": [
          "corner-store"
        ],
        "sources": [
          "snap-retailers"
        ],
        "external_ids": [
          "1319932"
        ],
        "contributor_count": 1
      }
    },
    {
      "type": "Feature",
      "geometry": {
        "type": "Point",
        "coordinates": [
          -75.500587,
          39.824684
        ]
      },
      "properties": {
        "name": "ACME 813",
        "address": "2098 Naamans Rd, Wilmington, DE, 19810",
        "categories": [
          "supermarket"
        ],
        "sources": [
          "snap-retailers"
        ],
        "external_ids": [
          "331304"
        ],
        "contributor_count": 1
      }
    },
    {
      "type": "Feature",
      "geometry": {
        "type": "Point",
        "coordinates": [
          -75.548447,
          39.824936
        ]
      },
      "properties": {
        "name": "Shoprite Of Brandywine Commons 558",
        "address": "1300 Rocky Run Pkwy, Wilmington, DE, 19803",
        "categories": [
          "supermarket"
        ],
        "sources": [
          "snap-retailers"
        ],
        "external_ids": [
          "1656686"
        ],
        "contributor_count": 1
      }
    },
    {
      "type": "Feature",
      "geometry": {
        "type": "Point",
        "coordinates": [
          -75.544769,
          39.826347
        ]
      },
      "properties": {
        "name": "Sprouts Farmers Market 816",
        "address": "4801 Concord Pike, Wilmington, DE, 19803",
        "categories": [
          "supermarket"
        ],
        "sources": [
          "snap-retailers"
        ],
        "external_ids": [
          "1398672"
        ],
        "contributor_count": 1
      }
    },
    {
      "type": "Feature",
      "geometry": {
        "type": "Point",
        "coordinates": [
          -75.542336,
          39.827991
        ]
      },
      "properties": {
        "name": "Brother And Sister",
        "address": "3440 Naamans Rd, Wilmington, DE, 19810",
        "categories": [
          "grocery-store"
        ],
        "sources": [
          "snap-retailers"
        ],
        "external_ids": [
          "1668245"
        ],
        "contributor_count": 1
      }
    },
    {
      "type": "Feature",
      "geometry": {
        "type": "Point",
        "coordinates": [
          -75.543442,
          39.829205
        ]
      },
      "properties": {
        "name": "Exxon Concord Pike",
        "address": "5301 Concord Pike, Wilmington, DE, 19803",
        "categories": [
          "corner-store"
        ],
        "sources": [
          "snap-retailers"
        ],
        "external_ids": [
          "1240350"
        ],
        "contributor_count": 1
      }
    },
    {
      "type": "Feature",
      "geometry": {
        "type": "Point",
        "coordinates": [
          -75.540482,
          39.831085
        ]
      },
      "properties": {
        "name": "TARGET STORES 1146",
        "address": "1050 Brandywine Pkwy, Wilmington, DE, 19803",
        "categories": [
          "supermarket"
        ],
        "sources": [
          "snap-retailers"
        ],
        "external_ids": [
          "789348"
        ],
        "contributor_count": 1
      }
    },
    {
      "type": "Feature",
      "geometry": {
        "type": "Point",
        "coordinates": [
          -75.542656,
          39.834202
        ]
      },
      "properties": {
        "name": "Trader Joe's 636",
        "address": "5605 Concord Pike, Wilmington, DE, 19803",
        "categories": [
          "supermarket"
        ],
        "sources": [
          "snap-retailers"
        ],
        "external_ids": [
          "578846"
        ],
        "contributor_count": 1
      }
    }
  ]
}
